density,from_stage,to_stage,metric,unit,pairs,pair_count,available_pairs,unavailable_pairs,native,lsf,paired_difference,lower,equal,higher,order_strata
1,ready,final,cpu_total_nanos,ns,"[{""pair"":0,""first_arm"":""lsf"",""native_group"":1,""lsf_group"":0,""native"":""118377000"",""lsf"":""123833000"",""lsf_minus_native"":""5456000"",""percent_of_native"":""4.609003""},{""pair"":1,""first_arm"":""native"",""native_group"":4,""lsf_group"":5,""native"":""111597000"",""lsf"":""136784000"",""lsf_minus_native"":""25187000"",""percent_of_native"":""22.569603""},{""pair"":2,""first_arm"":""native"",""native_group"":2,""lsf_group"":3,""native"":""108570000"",""lsf"":""129032000"",""lsf_minus_native"":""20462000"",""percent_of_native"":""18.846827""},{""pair"":3,""first_arm"":""native"",""native_group"":0,""lsf_group"":1,""native"":""111066000"",""lsf"":""131732000"",""lsf_minus_native"":""20666000"",""percent_of_native"":""18.606954""},{""pair"":4,""first_arm"":""lsf"",""native_group"":5,""lsf_group"":4,""native"":""107220000"",""lsf"":""129544000"",""lsf_minus_native"":""22324000"",""percent_of_native"":""20.820742""},{""pair"":5,""first_arm"":""lsf"",""native_group"":3,""lsf_group"":2,""native"":""125109000"",""lsf"":""129798000"",""lsf_minus_native"":""4689000"",""percent_of_native"":""3.747932""},{""pair"":6,""first_arm"":""lsf"",""native_group"":1,""lsf_group"":0,""native"":""113016000"",""lsf"":""131878000"",""lsf_minus_native"":""18862000"",""percent_of_native"":""16.689672""}]",7,7,0,"{""count"":""7"",""minimum"":""107220000"",""median"":""111597000"",""maximum"":""125109000"",""median_absolute_deviation"":""3027000""}","{""count"":""7"",""minimum"":""123833000"",""median"":""129798000"",""maximum"":""136784000"",""median_absolute_deviation"":""1934000""}","{""count"":""7"",""minimum"":""4689000"",""median"":""20462000"",""maximum"":""25187000"",""median_absolute_deviation"":""1862000""}",0,0,7,"{""lsf"":{""pair_count"":4,""available_pairs"":4,""unavailable_pairs"":0,""native"":{""count"":""4"",""minimum"":""107220000"",""median"":""115696500"",""maximum"":""125109000"",""median_absolute_deviation"":""5578500""},""lsf"":{""count"":""4"",""minimum"":""123833000"",""median"":""129671000"",""maximum"":""131878000"",""median_absolute_deviation"":""1167000""},""paired_difference"":{""count"":""4"",""minimum"":""4689000"",""median"":""12159000"",""maximum"":""22324000"",""median_absolute_deviation"":""7086500""},""lower"":0,""equal"":0,""higher"":4},""native"":{""pair_count"":3,""available_pairs"":3,""unavailable_pairs"":0,""native"":{""count"":""3"",""minimum"":""108570000"",""median"":""111066000"",""maximum"":""111597000"",""median_absolute_deviation"":""531000""},""lsf"":{""count"":""3"",""minimum"":""129032000"",""median"":""131732000"",""maximum"":""136784000"",""median_absolute_deviation"":""2700000""},""paired_difference"":{""count"":""3"",""minimum"":""20462000"",""median"":""20666000"",""maximum"":""25187000"",""median_absolute_deviation"":""204000""},""lower"":0,""equal"":0,""higher"":3}}"
1,ready,served,cpu_total_nanos,ns,"[{""pair"":0,""first_arm"":""lsf"",""native_group"":1,""lsf_group"":0,""native"":""1051000"",""lsf"":""1868000"",""lsf_minus_native"":""817000"",""percent_of_native"":""77.73549""},{""pair"":1,""first_arm"":""native"",""native_group"":4,""lsf_group"":5,""native"":""1496000"",""lsf"":""2531000"",""lsf_minus_native"":""1035000"",""percent_of_native"":""69.184492""},{""pair"":2,""first_arm"":""native"",""native_group"":2,""lsf_group"":3,""native"":""1366000"",""lsf"":""2579000"",""lsf_minus_native"":""1213000"",""percent_of_native"":""88.799414""},{""pair"":3,""first_arm"":""native"",""native_group"":0,""lsf_group"":1,""native"":""1557000"",""lsf"":""2361000"",""lsf_minus_native"":""804000"",""percent_of_native"":""51.637765""},{""pair"":4,""first_arm"":""lsf"",""native_group"":5,""lsf_group"":4,""native"":""1386000"",""lsf"":""2251000"",""lsf_minus_native"":""865000"",""percent_of_native"":""62.409812""},{""pair"":5,""first_arm"":""lsf"",""native_group"":3,""lsf_group"":2,""native"":""1353000"",""lsf"":""3139000"",""lsf_minus_native"":""1786000"",""percent_of_native"":""132.002956""},{""pair"":6,""first_arm"":""lsf"",""native_group"":1,""lsf_group"":0,""native"":""1467000"",""lsf"":""2991000"",""lsf_minus_native"":""1524000"",""percent_of_native"":""103.885481""}]",7,7,0,"{""count"":""7"",""minimum"":""1051000"",""median"":""1386000"",""maximum"":""1557000"",""median_absolute_deviation"":""81000""}","{""count"":""7"",""minimum"":""1868000"",""median"":""2531000"",""maximum"":""3139000"",""median_absolute_deviation"":""280000""}","{""count"":""7"",""minimum"":""804000"",""median"":""1035000"",""maximum"":""1786000"",""median_absolute_deviation"":""218000""}",0,0,7,"{""lsf"":{""pair_count"":4,""available_pairs"":4,""unavailable_pairs"":0,""native"":{""count"":""4"",""minimum"":""1051000"",""median"":""1369500"",""maximum"":""1467000"",""median_absolute_deviation"":""57000""},""lsf"":{""count"":""4"",""minimum"":""1868000"",""median"":""2621000"",""maximum"":""3139000"",""median_absolute_deviation"":""444000""},""paired_difference"":{""count"":""4"",""minimum"":""817000"",""median"":""1194500"",""maximum"":""1786000"",""median_absolute_deviation"":""353500""},""lower"":0,""equal"":0,""higher"":4},""native"":{""pair_count"":3,""available_pairs"":3,""unavailable_pairs"":0,""native"":{""count"":""3"",""minimum"":""1366000"",""median"":""1496000"",""maximum"":""1557000"",""median_absolute_deviation"":""61000""},""lsf"":{""count"":""3"",""minimum"":""2361000"",""median"":""2531000"",""maximum"":""2579000"",""median_absolute_deviation"":""48000""},""paired_difference"":{""count"":""3"",""minimum"":""804000"",""median"":""1035000"",""maximum"":""1213000"",""median_absolute_deviation"":""178000""},""lower"":0,""equal"":0,""higher"":3}}"
1,served,final,cpu_total_nanos,ns,"[{""pair"":0,""first_arm"":""lsf"",""native_group"":1,""lsf_group"":0,""native"":""117326000"",""lsf"":""121965000"",""lsf_minus_native"":""4639000"",""percent_of_native"":""3.95394""},{""pair"":1,""first_arm"":""native"",""native_group"":4,""lsf_group"":5,""native"":""110101000"",""lsf"":""134253000"",""lsf_minus_native"":""24152000"",""percent_of_native"":""21.936222""},{""pair"":2,""first_arm"":""native"",""native_group"":2,""lsf_group"":3,""native"":""107204000"",""lsf"":""126453000"",""lsf_minus_native"":""19249000"",""percent_of_native"":""17.955487""},{""pair"":3,""first_arm"":""native"",""native_group"":0,""lsf_group"":1,""native"":""109509000"",""lsf"":""129371000"",""lsf_minus_native"":""19862000"",""percent_of_native"":""18.137322""},{""pair"":4,""first_arm"":""lsf"",""native_group"":5,""lsf_group"":4,""native"":""105834000"",""lsf"":""127293000"",""lsf_minus_native"":""21459000"",""percent_of_native"":""20.276093""},{""pair"":5,""first_arm"":""lsf"",""native_group"":3,""lsf_group"":2,""native"":""123756000"",""lsf"":""126659000"",""lsf_minus_native"":""2903000"",""percent_of_native"":""2.345745""},{""pair"":6,""first_arm"":""lsf"",""native_group"":1,""lsf_group"":0,""native"":""111549000"",""lsf"":""128887000"",""lsf_minus_native"":""17338000"",""percent_of_native"":""15.542945""}]",7,7,0,"{""count"":""7"",""minimum"":""105834000"",""median"":""110101000"",""maximum"":""123756000"",""median_absolute_deviation"":""2897000""}","{""count"":""7"",""minimum"":""121965000"",""median"":""127293000"",""maximum"":""134253000"",""median_absolute_deviation"":""1594000""}","{""count"":""7"",""minimum"":""2903000"",""median"":""19249000"",""maximum"":""24152000"",""median_absolute_deviation"":""2210000""}",0,0,7,"{""lsf"":{""pair_count"":4,""available_pairs"":4,""unavailable_pairs"":0,""native"":{""count"":""4"",""minimum"":""105834000"",""median"":""114437500"",""maximum"":""123756000"",""median_absolute_deviation"":""5746000""},""lsf"":{""count"":""4"",""minimum"":""121965000"",""median"":""126976000"",""maximum"":""128887000"",""median_absolute_deviation"":""1114000""},""paired_difference"":{""count"":""4"",""minimum"":""2903000"",""median"":""10988500"",""maximum"":""21459000"",""median_absolute_deviation"":""7217500""},""lower"":0,""equal"":0,""higher"":4},""native"":{""pair_count"":3,""available_pairs"":3,""unavailable_pairs"":0,""native"":{""count"":""3"",""minimum"":""107204000"",""median"":""109509000"",""maximum"":""110101000"",""median_absolute_deviation"":""592000""},""lsf"":{""count"":""3"",""minimum"":""126453000"",""median"":""129371000"",""maximum"":""134253000"",""median_absolute_deviation"":""2918000""},""paired_difference"":{""count"":""3"",""minimum"":""19249000"",""median"":""19862000"",""maximum"":""24152000"",""median_absolute_deviation"":""613000""},""lower"":0,""equal"":0,""higher"":3}}"
8,ready,final,cpu_total_nanos,ns,"[{""pair"":0,""first_arm"":""native"",""native_group"":2,""lsf_group"":3,""native"":""20649000"",""lsf"":""28889000"",""lsf_minus_native"":""8240000"",""percent_of_native"":""39.90508""},{""pair"":1,""first_arm"":""native"",""native_group"":0,""lsf_group"":1,""native"":""19868000"",""lsf"":""30250000"",""lsf_minus_native"":""10382000"",""percent_of_native"":""52.254882""},{""pair"":2,""first_arm"":""lsf"",""native_group"":5,""lsf_group"":4,""native"":""20682000"",""lsf"":""28155000"",""lsf_minus_native"":""7473000"",""percent_of_native"":""36.132869""},{""pair"":3,""first_arm"":""lsf"",""native_group"":3,""lsf_group"":2,""native"":""19878000"",""lsf"":""28038000"",""lsf_minus_native"":""8160000"",""percent_of_native"":""41.050407""},{""pair"":4,""first_arm"":""lsf"",""native_group"":1,""lsf_group"":0,""native"":""19265000"",""lsf"":""30758000"",""lsf_minus_native"":""11493000"",""percent_of_native"":""59.65741""},{""pair"":5,""first_arm"":""native"",""native_group"":4,""lsf_group"":5,""native"":""22513000"",""lsf"":""29396000"",""lsf_minus_native"":""6883000"",""percent_of_native"":""30.573446""},{""pair"":6,""first_arm"":""native"",""native_group"":2,""lsf_group"":3,""native"":""20928000"",""lsf"":""32711000"",""lsf_minus_native"":""11783000"",""percent_of_native"":""56.302561""}]",7,7,0,"{""count"":""7"",""minimum"":""19265000"",""median"":""20649000"",""maximum"":""22513000"",""median_absolute_deviation"":""771000""}","{""count"":""7"",""minimum"":""28038000"",""median"":""29396000"",""maximum"":""32711000"",""median_absolute_deviation"":""1241000""}","{""count"":""7"",""minimum"":""6883000"",""median"":""8240000"",""maximum"":""11783000"",""median_absolute_deviation"":""1357000""}",0,0,7,"{""lsf"":{""pair_count"":3,""available_pairs"":3,""unavailable_pairs"":0,""native"":{""count"":""3"",""minimum"":""19265000"",""median"":""19878000"",""maximum"":""20682000"",""median_absolute_deviation"":""613000""},""lsf"":{""count"":""3"",""minimum"":""28038000"",""median"":""28155000"",""maximum"":""30758000"",""median_absolute_deviation"":""117000""},""paired_difference"":{""count"":""3"",""minimum"":""7473000"",""median"":""8160000"",""maximum"":""11493000"",""median_absolute_deviation"":""687000""},""lower"":0,""equal"":0,""higher"":3},""native"":{""pair_count"":4,""available_pairs"":4,""unavailable_pairs"":0,""native"":{""count"":""4"",""minimum"":""19868000"",""median"":""20788500"",""maximum"":""22513000"",""median_absolute_deviation"":""530000""},""lsf"":{""count"":""4"",""minimum"":""28889000"",""median"":""29823000"",""maximum"":""32711000"",""median_absolute_deviation"":""680500""},""paired_difference"":{""count"":""4"",""minimum"":""6883000"",""median"":""9311000"",""maximum"":""11783000"",""median_absolute_deviation"":""1749500""},""lower"":0,""equal"":0,""higher"":4}}"
8,ready,served,cpu_total_nanos,ns,"[{""pair"":0,""first_arm"":""native"",""native_group"":2,""lsf_group"":3,""native"":""5322000"",""lsf"":""9052000"",""lsf_minus_native"":""3730000"",""percent_of_native"":""70.086434""},{""pair"":1,""first_arm"":""native"",""native_group"":0,""lsf_group"":1,""native"":""5231000"",""lsf"":""10123000"",""lsf_minus_native"":""4892000"",""percent_of_native"":""93.519404""},{""pair"":2,""first_arm"":""lsf"",""native_group"":5,""lsf_group"":4,""native"":""5088000"",""lsf"":""7706000"",""lsf_minus_native"":""2618000"",""percent_of_native"":""51.454403""},{""pair"":3,""first_arm"":""lsf"",""native_group"":3,""lsf_group"":2,""native"":""5598000"",""lsf"":""8512000"",""lsf_minus_native"":""2914000"",""percent_of_native"":""52.054305""},{""pair"":4,""first_arm"":""lsf"",""native_group"":1,""lsf_group"":0,""native"":""4652000"",""lsf"":""8651000"",""lsf_minus_native"":""3999000"",""percent_of_native"":""85.963027""},{""pair"":5,""first_arm"":""native"",""native_group"":4,""lsf_group"":5,""native"":""5330000"",""lsf"":""8430000"",""lsf_minus_native"":""3100000"",""percent_of_native"":""58.161351""},{""pair"":6,""first_arm"":""native"",""native_group"":2,""lsf_group"":3,""native"":""5517000"",""lsf"":""8242000"",""lsf_minus_native"":""2725000"",""percent_of_native"":""49.392786""}]",7,7,0,"{""count"":""7"",""minimum"":""4652000"",""median"":""5322000"",""maximum"":""5598000"",""median_absolute_deviation"":""195000""}","{""count"":""7"",""minimum"":""7706000"",""median"":""8512000"",""maximum"":""10123000"",""median_absolute_deviation"":""270000""}","{""count"":""7"",""minimum"":""2618000"",""median"":""3100000"",""maximum"":""4892000"",""median_absolute_deviation"":""482000""}",0,0,7,"{""lsf"":{""pair_count"":3,""available_pairs"":3,""unavailable_pairs"":0,""native"":{""count"":""3"",""minimum"":""4652000"",""median"":""5088000"",""maximum"":""5598000"",""median_absolute_deviation"":""436000""},""lsf"":{""count"":""3"",""minimum"":""7706000"",""median"":""8512000"",""maximum"":""8651000"",""median_absolute_deviation"":""139000""},""paired_difference"":{""count"":""3"",""minimum"":""2618000"",""median"":""2914000"",""maximum"":""3999000"",""median_absolute_deviation"":""296000""},""lower"":0,""equal"":0,""higher"":3},""native"":{""pair_count"":4,""available_pairs"":4,""unavailable_pairs"":0,""native"":{""count"":""4"",""minimum"":""5231000"",""median"":""5326000"",""maximum"":""5517000"",""median_absolute_deviation"":""49500""},""lsf"":{""count"":""4"",""minimum"":""8242000"",""median"":""8741000"",""maximum"":""10123000"",""median_absolute_deviation"":""405000""},""paired_difference"":{""count"":""4"",""minimum"":""2725000"",""median"":""3415000"",""maximum"":""4892000"",""median_absolute_deviation"":""502500""},""lower"":0,""equal"":0,""higher"":4}}"
8,served,final,cpu_total_nanos,ns,"[{""pair"":0,""first_arm"":""native"",""native_group"":2,""lsf_group"":3,""native"":""15327000"",""lsf"":""19837000"",""lsf_minus_native"":""4510000"",""percent_of_native"":""29.425197""},{""pair"":1,""first_arm"":""native"",""native_group"":0,""lsf_group"":1,""native"":""14637000"",""lsf"":""20127000"",""lsf_minus_native"":""5490000"",""percent_of_native"":""37.507686""},{""pair"":2,""first_arm"":""lsf"",""native_group"":5,""lsf_group"":4,""native"":""15594000"",""lsf"":""20449000"",""lsf_minus_native"":""4855000"",""percent_of_native"":""31.133769""},{""pair"":3,""first_arm"":""lsf"",""native_group"":3,""lsf_group"":2,""native"":""14280000"",""lsf"":""19526000"",""lsf_minus_native"":""5246000"",""percent_of_native"":""36.736695""},{""pair"":4,""first_arm"":""lsf"",""native_group"":1,""lsf_group"":0,""native"":""14613000"",""lsf"":""22107000"",""lsf_minus_native"":""7494000"",""percent_of_native"":""51.283104""},{""pair"":5,""first_arm"":""native"",""native_group"":4,""lsf_group"":5,""native"":""17183000"",""lsf"":""20966000"",""lsf_minus_native"":""3783000"",""percent_of_native"":""22.015946""},{""pair"":6,""first_arm"":""native"",""native_group"":2,""lsf_group"":3,""native"":""15411000"",""lsf"":""24469000"",""lsf_minus_native"":""9058000"",""percent_of_native"":""58.776199""}]",7,7,0,"{""count"":""7"",""minimum"":""14280000"",""median"":""15327000"",""maximum"":""17183000"",""median_absolute_deviation"":""690000""}","{""count"":""7"",""minimum"":""19526000"",""median"":""20449000"",""maximum"":""24469000"",""median_absolute_deviation"":""612000""}","{""count"":""7"",""minimum"":""3783000"",""median"":""5246000"",""maximum"":""9058000"",""median_absolute_deviation"":""736000""}",0,0,7,"{""lsf"":{""pair_count"":3,""available_pairs"":3,""unavailable_pairs"":0,""native"":{""count"":""3"",""minimum"":""14280000"",""median"":""14613000"",""maximum"":""15594000"",""median_absolute_deviation"":""333000""},""lsf"":{""count"":""3"",""minimum"":""19526000"",""median"":""20449000"",""maximum"":""22107000"",""median_absolute_deviation"":""923000""},""paired_difference"":{""count"":""3"",""minimum"":""4855000"",""median"":""5246000"",""maximum"":""7494000"",""median_absolute_deviation"":""391000""},""lower"":0,""equal"":0,""higher"":3},""native"":{""pair_count"":4,""available_pairs"":4,""unavailable_pairs"":0,""native"":{""count"":""4"",""minimum"":""14637000"",""median"":""15369000"",""maximum"":""17183000"",""median_absolute_deviation"":""387000""},""lsf"":{""count"":""4"",""minimum"":""19837000"",""median"":""20546500"",""maximum"":""24469000"",""median_absolute_deviation"":""564500""},""paired_difference"":{""count"":""4"",""minimum"":""3783000"",""median"":""5000000"",""maximum"":""9058000"",""median_absolute_deviation"":""853500""},""lower"":0,""equal"":0,""higher"":4}}"
32,ready,final,cpu_total_nanos,ns,"[{""pair"":0,""first_arm"":""lsf"",""native_group"":5,""lsf_group"":4,""native"":""78062000"",""lsf"":""103970000"",""lsf_minus_native"":""25908000"",""percent_of_native"":""33.189004""},{""pair"":1,""first_arm"":""lsf"",""native_group"":3,""lsf_group"":2,""native"":""79257000"",""lsf"":""104811000"",""lsf_minus_native"":""25554000"",""percent_of_native"":""32.241947""},{""pair"":2,""first_arm"":""lsf"",""native_group"":1,""lsf_group"":0,""native"":""85693000"",""lsf"":""105517000"",""lsf_minus_native"":""19824000"",""percent_of_native"":""23.133745""},{""pair"":3,""first_arm"":""native"",""native_group"":4,""lsf_group"":5,""native"":""76236000"",""lsf"":""104036000"",""lsf_minus_native"":""27800000"",""percent_of_native"":""36.465712""},{""pair"":4,""first_arm"":""native"",""native_group"":2,""lsf_group"":3,""native"":""74422000"",""lsf"":""108427000"",""lsf_minus_native"":""34005000"",""percent_of_native"":""45.692134""},{""pair"":5,""first_arm"":""native"",""native_group"":0,""lsf_group"":1,""native"":""76364000"",""lsf"":""100917000"",""lsf_minus_native"":""24553000"",""percent_of_native"":""32.152585""},{""pair"":6,""first_arm"":""lsf"",""native_group"":5,""lsf_group"":4,""native"":""76881000"",""lsf"":""106463000"",""lsf_minus_native"":""29582000"",""percent_of_native"":""38.477647""}]",7,7,0,"{""count"":""7"",""minimum"":""74422000"",""median"":""76881000"",""maximum"":""85693000"",""median_absolute_deviation"":""1181000""}","{""count"":""7"",""minimum"":""100917000"",""median"":""104811000"",""maximum"":""108427000"",""median_absolute_deviation"":""841000""}","{""count"":""7"",""minimum"":""19824000"",""median"":""25908000"",""maximum"":""34005000"",""median_absolute_deviation"":""1892000""}",0,0,7,"{""lsf"":{""pair_count"":4,""available_pairs"":4,""unavailable_pairs"":0,""native"":{""count"":""4"",""minimum"":""76881000"",""median"":""78659500"",""maximum"":""85693000"",""median_absolute_deviation"":""1188000""},""lsf"":{""count"":""4"",""minimum"":""103970000"",""median"":""105164000"",""maximum"":""106463000"",""median_absolute_deviation"":""773500""},""paired_difference"":{""count"":""4"",""minimum"":""19824000"",""median"":""25731000"",""maximum"":""29582000"",""median_absolute_deviation"":""2014000""},""lower"":0,""equal"":0,""higher"":4},""native"":{""pair_count"":3,""available_pairs"":3,""unavailable_pairs"":0,""native"":{""count"":""3"",""minimum"":""74422000"",""median"":""76236000"",""maximum"":""76364000"",""median_absolute_deviation"":""128000""},""lsf"":{""count"":""3"",""minimum"":""100917000"",""median"":""104036000"",""maximum"":""108427000"",""median_absolute_deviation"":""3119000""},""paired_difference"":{""count"":""3"",""minimum"":""24553000"",""median"":""27800000"",""maximum"":""34005000"",""median_absolute_deviation"":""3247000""},""lower"":0,""equal"":0,""higher"":3}}"
32,ready,served,cpu_total_nanos,ns,"[{""pair"":0,""first_arm"":""lsf"",""native_group"":5,""lsf_group"":4,""native"":""17081000"",""lsf"":""26596000"",""lsf_minus_native"":""9515000"",""percent_of_native"":""55.705169""},{""pair"":1,""first_arm"":""lsf"",""native_group"":3,""lsf_group"":2,""native"":""18451000"",""lsf"":""29592000"",""lsf_minus_native"":""11141000"",""percent_of_native"":""60.381551""},{""pair"":2,""first_arm"":""lsf"",""native_group"":1,""lsf_group"":0,""native"":""18429000"",""lsf"":""26912000"",""lsf_minus_native"":""8483000"",""percent_of_native"":""46.030712""},{""pair"":3,""first_arm"":""native"",""native_group"":4,""lsf_group"":5,""native"":""16766000"",""lsf"":""28900000"",""lsf_minus_native"":""12134000"",""percent_of_native"":""72.372659""},{""pair"":4,""first_arm"":""native"",""native_group"":2,""lsf_group"":3,""native"":""16386000"",""lsf"":""30831000"",""lsf_minus_native"":""14445000"",""percent_of_native"":""88.154522""},{""pair"":5,""first_arm"":""native"",""native_group"":0,""lsf_group"":1,""native"":""19613000"",""lsf"":""27674000"",""lsf_minus_native"":""8061000"",""percent_of_native"":""41.100291""},{""pair"":6,""first_arm"":""lsf"",""native_group"":5,""lsf_group"":4,""native"":""18209000"",""lsf"":""30242000"",""lsf_minus_native"":""12033000"",""percent_of_native"":""66.082706""}]",7,7,0,"{""count"":""7"",""minimum"":""16386000"",""median"":""18209000"",""maximum"":""19613000"",""median_absolute_deviation"":""1128000""}","{""count"":""7"",""minimum"":""26596000"",""median"":""28900000"",""maximum"":""30831000"",""median_absolute_deviation"":""1342000""}","{""count"":""7"",""minimum"":""8061000"",""median"":""11141000"",""maximum"":""14445000"",""median_absolute_deviation"":""1626000""}",0,0,7,"{""lsf"":{""pair_count"":4,""available_pairs"":4,""unavailable_pairs"":0,""native"":{""count"":""4"",""minimum"":""17081000"",""median"":""18319000"",""maximum"":""18451000"",""median_absolute_deviation"":""121000""},""lsf"":{""count"":""4"",""minimum"":""26596000"",""median"":""28252000"",""maximum"":""30242000"",""median_absolute_deviation"":""1498000""},""paired_difference"":{""count"":""4"",""minimum"":""8483000"",""median"":""10328000"",""maximum"":""12033000"",""median_absolute_deviation"":""1259000""},""lower"":0,""equal"":0,""higher"":4},""native"":{""pair_count"":3,""available_pairs"":3,""unavailable_pairs"":0,""native"":{""count"":""3"",""minimum"":""16386000"",""median"":""16766000"",""maximum"":""19613000"",""median_absolute_deviation"":""380000""},""lsf"":{""count"":""3"",""minimum"":""27674000"",""median"":""28900000"",""maximum"":""30831000"",""median_absolute_deviation"":""1226000""},""paired_difference"":{""count"":""3"",""minimum"":""8061000"",""median"":""12134000"",""maximum"":""14445000"",""median_absolute_deviation"":""2311000""},""lower"":0,""equal"":0,""higher"":3}}"
32,served,final,cpu_total_nanos,ns,"[{""pair"":0,""first_arm"":""lsf"",""native_group"":5,""lsf_group"":4,""native"":""60981000"",""lsf"":""77374000"",""lsf_minus_native"":""16393000"",""percent_of_native"":""26.882144""},{""pair"":1,""first_arm"":""lsf"",""native_group"":3,""lsf_group"":2,""native"":""60806000"",""lsf"":""75219000"",""lsf_minus_native"":""14413000"",""percent_of_native"":""23.703253""},{""pair"":2,""first_arm"":""lsf"",""native_group"":1,""lsf_group"":0,""native"":""67264000"",""lsf"":""78605000"",""lsf_minus_native"":""11341000"",""percent_of_native"":""16.860431""},{""pair"":3,""first_arm"":""native"",""native_group"":4,""lsf_group"":5,""native"":""59470000"",""lsf"":""75136000"",""lsf_minus_native"":""15666000"",""percent_of_native"":""26.342694""},{""pair"":4,""first_arm"":""native"",""native_group"":2,""lsf_group"":3,""native"":""58036000"",""lsf"":""77596000"",""lsf_minus_native"":""19560000"",""percent_of_native"":""33.703219""},{""pair"":5,""first_arm"":""native"",""native_group"":0,""lsf_group"":1,""native"":""56751000"",""lsf"":""73243000"",""lsf_minus_native"":""16492000"",""percent_of_native"":""29.060281""},{""pair"":6,""first_arm"":""lsf"",""native_group"":5,""lsf_group"":4,""native"":""58672000"",""lsf"":""76221000"",""lsf_minus_native"":""17549000"",""percent_of_native"":""29.910349""}]",7,7,0,"{""count"":""7"",""minimum"":""56751000"",""median"":""59470000"",""maximum"":""67264000"",""median_absolute_deviation"":""1434000""}","{""count"":""7"",""minimum"":""73243000"",""median"":""76221000"",""maximum"":""78605000"",""median_absolute_deviation"":""1153000""}","{""count"":""7"",""minimum"":""11341000"",""median"":""16393000"",""maximum"":""19560000"",""median_absolute_deviation"":""1156000""}",0,0,7,"{""lsf"":{""pair_count"":4,""available_pairs"":4,""unavailable_pairs"":0,""native"":{""count"":""4"",""minimum"":""58672000"",""median"":""60893500"",""maximum"":""67264000"",""median_absolute_deviation"":""1154500""},""lsf"":{""count"":""4"",""minimum"":""75219000"",""median"":""76797500"",""maximum"":""78605000"",""median_absolute_deviation"":""1077500""},""paired_difference"":{""count"":""4"",""minimum"":""11341000"",""median"":""15403000"",""maximum"":""17549000"",""median_absolute_deviation"":""1568000""},""lower"":0,""equal"":0,""higher"":4},""native"":{""pair_count"":3,""available_pairs"":3,""unavailable_pairs"":0,""native"":{""count"":""3"",""minimum"":""56751000"",""median"":""58036000"",""maximum"":""59470000"",""median_absolute_deviation"":""1285000""},""lsf"":{""count"":""3"",""minimum"":""73243000"",""median"":""75136000"",""maximum"":""77596000"",""median_absolute_deviation"":""1893000""},""paired_difference"":{""count"":""3"",""minimum"":""15666000"",""median"":""16492000"",""maximum"":""19560000"",""median_absolute_deviation"":""826000""},""lower"":0,""equal"":0,""higher"":3}}"
