pair,stage,observed_nanos,container_id,metric.cpu_total_nanos,metric.memory_working_set_bytes,cpu_timestamp_nanos,memory_timestamp_nanos,unavailable_reason
0,ready,258634454083875,bd89064e782e457dd8cdbc9591b8b61a0ed1089d7d47c266a7d7fb18c9040693,27365000,741376,1789150909749034151,1789150909749034151,null
0,group-0-ready,258638535210592,bd89064e782e457dd8cdbc9591b8b61a0ed1089d7d47c266a7d7fb18c9040693,30033000,864256,1789150914022658308,1789150914022658308,null
0,group-0-served,258639609856166,bd89064e782e457dd8cdbc9591b8b61a0ed1089d7d47c266a7d7fb18c9040693,31901000,978944,1789150915097142740,1789150915097142740,null
0,group-0-final,258640842351715,bd89064e782e457dd8cdbc9591b8b61a0ed1089d7d47c266a7d7fb18c9040693,153866000,1208320,1789150916330214339,1789150916330214339,null
0,group-1-ready,258645860051030,bd89064e782e457dd8cdbc9591b8b61a0ed1089d7d47c266a7d7fb18c9040693,156052000,1204224,1789150921347192420,1789150921347192420,null
0,group-1-served,258646872198974,bd89064e782e457dd8cdbc9591b8b61a0ed1089d7d47c266a7d7fb18c9040693,157103000,1204224,1789150922354778084,1789150922354778084,null
0,group-1-final,258648194058353,bd89064e782e457dd8cdbc9591b8b61a0ed1089d7d47c266a7d7fb18c9040693,274429000,1318912,1789150923682056406,1789150923682056406,null
0,group-2-ready,258660039790326,bd89064e782e457dd8cdbc9591b8b61a0ed1089d7d47c266a7d7fb18c9040693,280640000,1540096,1789150935525998316,1789150935525998316,null
0,group-2-served,258665094240550,bd89064e782e457dd8cdbc9591b8b61a0ed1089d7d47c266a7d7fb18c9040693,285962000,1564672,1789150940579918826,1789150940579918826,null
0,group-2-final,258670338442145,bd89064e782e457dd8cdbc9591b8b61a0ed1089d7d47c266a7d7fb18c9040693,301289000,1671168,1789150945823332825,1789150945823332825,null
0,group-3-ready,258691397039090,bd89064e782e457dd8cdbc9591b8b61a0ed1089d7d47c266a7d7fb18c9040693,310687000,1732608,1789150966879125046,1789150966879125046,null
0,group-3-served,258692799084146,bd89064e782e457dd8cdbc9591b8b61a0ed1089d7d47c266a7d7fb18c9040693,319739000,1744896,1789150968283654071,1789150968283654071,null
0,group-3-final,258693777443090,bd89064e782e457dd8cdbc9591b8b61a0ed1089d7d47c266a7d7fb18c9040693,339576000,1810432,1789150969260434665,1789150969260434665,null
0,group-4-ready,258700868113221,bd89064e782e457dd8cdbc9591b8b61a0ed1089d7d47c266a7d7fb18c9040693,356485000,2666496,1789150976350938008,1789150976350938008,null
0,group-4-served,258703044339505,bd89064e782e457dd8cdbc9591b8b61a0ed1089d7d47c266a7d7fb18c9040693,383081000,2797568,1789150978528528301,1789150978528528301,null
0,group-4-final,258704157828138,bd89064e782e457dd8cdbc9591b8b61a0ed1089d7d47c266a7d7fb18c9040693,460455000,3100672,1789150979640378854,1789150979640378854,null
0,group-5-ready,258742249237939,bd89064e782e457dd8cdbc9591b8b61a0ed1089d7d47c266a7d7fb18c9040693,481734000,3301376,1789151017729712039,1789151017729712039,null
0,group-5-served,258762001953792,bd89064e782e457dd8cdbc9591b8b61a0ed1089d7d47c266a7d7fb18c9040693,498815000,3305472,1789151037480633491,1789151037480633491,null
0,group-5-final,258782197718387,bd89064e782e457dd8cdbc9591b8b61a0ed1089d7d47c266a7d7fb18c9040693,559796000,3436544,1789151057675167119,1789151057675167119,null
0,final,258849290014493,bd89064e782e457dd8cdbc9591b8b61a0ed1089d7d47c266a7d7fb18c9040693,null,null,null,null,container-exited-cgroup-stats-unavailable
1,ready,258850629874744,0796323c2c737c68a88054452d62621443b6a3feed7239c70f4e1ba41fbc964d,27193000,745472,1789151125889442928,1789151125889442928,null
1,group-0-ready,258861029690335,0796323c2c737c68a88054452d62621443b6a3feed7239c70f4e1ba41fbc964d,33023000,1036288,1789151136503170919,1789151136503170919,null
1,group-0-served,258866324976237,0796323c2c737c68a88054452d62621443b6a3feed7239c70f4e1ba41fbc964d,38254000,1228800,1789151141798302315,1789151141798302315,null
1,group-0-final,258871394212762,0796323c2c737c68a88054452d62621443b6a3feed7239c70f4e1ba41fbc964d,52891000,1433600,1789151146864815041,1789151146864815041,null
1,group-1-ready,258892177044605,0796323c2c737c68a88054452d62621443b6a3feed7239c70f4e1ba41fbc964d,60654000,1486848,1789151167646612796,1789151167646612796,null
1,group-1-served,258893486007350,0796323c2c737c68a88054452d62621443b6a3feed7239c70f4e1ba41fbc964d,70777000,1523712,1789151168956933373,1789151168956933373,null
1,group-1-final,258894441485196,0796323c2c737c68a88054452d62621443b6a3feed7239c70f4e1ba41fbc964d,90904000,1613824,1789151169911736361,1789151169911736361,null
1,group-2-ready,258902877377763,0796323c2c737c68a88054452d62621443b6a3feed7239c70f4e1ba41fbc964d,104493000,2502656,1789151178346444344,1789151178346444344,null
1,group-2-served,258905015901771,0796323c2c737c68a88054452d62621443b6a3feed7239c70f4e1ba41fbc964d,134085000,2646016,1789151180484978680,1789151180484978680,null
1,group-2-final,258906095202602,0796323c2c737c68a88054452d62621443b6a3feed7239c70f4e1ba41fbc964d,209304000,3047424,1789151181561100177,1789151181561100177,null
1,group-3-ready,258943135213589,0796323c2c737c68a88054452d62621443b6a3feed7239c70f4e1ba41fbc964d,231687000,3268608,1789151218603043949,1789151218603043949,null
1,group-3-served,258964115948507,0796323c2c737c68a88054452d62621443b6a3feed7239c70f4e1ba41fbc964d,250138000,3276800,1789151239580784269,1789151239580784269,null
1,group-3-final,258983746568977,0796323c2c737c68a88054452d62621443b6a3feed7239c70f4e1ba41fbc964d,310944000,3379200,1789151259211498579,1789151259211498579,null
1,group-4-ready,259053431134061,0796323c2c737c68a88054452d62621443b6a3feed7239c70f4e1ba41fbc964d,326077000,3256320,1789151328889481809,1789151328889481809,null
1,group-4-served,259054389545663,0796323c2c737c68a88054452d62621443b6a3feed7239c70f4e1ba41fbc964d,327573000,3256320,1789151329848653578,1789151329848653578,null
1,group-4-final,259055549150546,0796323c2c737c68a88054452d62621443b6a3feed7239c70f4e1ba41fbc964d,437674000,3280896,1789151331007148480,1789151331007148480,null
1,group-5-ready,259061797327218,0796323c2c737c68a88054452d62621443b6a3feed7239c70f4e1ba41fbc964d,440982000,3280896,1789151337256198598,1789151337256198598,null
1,group-5-served,259062793625253,0796323c2c737c68a88054452d62621443b6a3feed7239c70f4e1ba41fbc964d,443513000,3280896,1789151338253288600,1789151338253288600,null
1,group-5-final,259064065223613,0796323c2c737c68a88054452d62621443b6a3feed7239c70f4e1ba41fbc964d,577766000,3309568,1789151339523611993,1789151339523611993,null
1,final,259068307534268,0796323c2c737c68a88054452d62621443b6a3feed7239c70f4e1ba41fbc964d,null,null,null,null,container-exited-cgroup-stats-unavailable
2,ready,259069607762645,9c06dc2f90dda8e5725613b6b0e17c207e9387326406784ec5e83884dd06a163,27644000,745472,1789151344853967731,1789151344853967731,null
2,group-0-ready,259074685891131,9c06dc2f90dda8e5725613b6b0e17c207e9387326406784ec5e83884dd06a163,41423000,1941504,1789151350144899932,1789151350144899932,null
2,group-0-served,259076907865141,9c06dc2f90dda8e5725613b6b0e17c207e9387326406784ec5e83884dd06a163,68335000,2314240,1789151352363834737,1789151352363834737,null
2,group-0-final,259078066540249,9c06dc2f90dda8e5725613b6b0e17c207e9387326406784ec5e83884dd06a163,146940000,2793472,1789151353522819678,1789151353522819678,null
2,group-1-ready,259115575040396,9c06dc2f90dda8e5725613b6b0e17c207e9387326406784ec5e83884dd06a163,167338000,3072000,1789151391030479638,1789151391030479638,null
2,group-1-served,259135009797102,9c06dc2f90dda8e5725613b6b0e17c207e9387326406784ec5e83884dd06a163,185767000,3108864,1789151410465106062,1789151410465106062,null
2,group-1-final,259154769749338,9c06dc2f90dda8e5725613b6b0e17c207e9387326406784ec5e83884dd06a163,253031000,3264512,1789151430222853569,1789151430222853569,null
2,group-2-ready,259224281420120,9c06dc2f90dda8e5725613b6b0e17c207e9387326406784ec5e83884dd06a163,267961000,3137536,1789151499729569887,1789151499729569887,null
2,group-2-served,259225324973734,9c06dc2f90dda8e5725613b6b0e17c207e9387326406784ec5e83884dd06a163,269327000,3137536,1789151500772713245,1789151500772713245,null
2,group-2-final,259226485291855,9c06dc2f90dda8e5725613b6b0e17c207e9387326406784ec5e83884dd06a163,376531000,3166208,1789151501933543149,1789151501933543149,null
2,group-3-ready,259232658616935,9c06dc2f90dda8e5725613b6b0e17c207e9387326406784ec5e83884dd06a163,379412000,3166208,1789151508106333496,1789151508106333496,null
2,group-3-served,259233742977441,9c06dc2f90dda8e5725613b6b0e17c207e9387326406784ec5e83884dd06a163,381991000,3166208,1789151509190760389,1789151509190760389,null
2,group-3-final,259235006226931,9c06dc2f90dda8e5725613b6b0e17c207e9387326406784ec5e83884dd06a163,508444000,3194880,1789151510452493139,1789151510452493139,null
2,group-4-ready,259241822391395,9c06dc2f90dda8e5725613b6b0e17c207e9387326406784ec5e83884dd06a163,513587000,3231744,1789151517269935681,1789151517269935681,null
2,group-4-served,259243143041013,9c06dc2f90dda8e5725613b6b0e17c207e9387326406784ec5e83884dd06a163,521293000,3231744,1789151518590439882,1789151518590439882,null
2,group-4-final,259244172813774,9c06dc2f90dda8e5725613b6b0e17c207e9387326406784ec5e83884dd06a163,541742000,3248128,1789151519620384719,1789151519620384719,null
2,group-5-ready,259257028134297,9c06dc2f90dda8e5725613b6b0e17c207e9387326406784ec5e83884dd06a163,548645000,3256320,1789151532474845681,1789151532474845681,null
2,group-5-served,259262103816943,9c06dc2f90dda8e5725613b6b0e17c207e9387326406784ec5e83884dd06a163,553733000,3256320,1789151537547087872,1789151537547087872,null
2,group-5-final,259267141602921,9c06dc2f90dda8e5725613b6b0e17c207e9387326406784ec5e83884dd06a163,569327000,3268608,1789151542586888671,1789151542586888671,null
2,final,259286332494797,9c06dc2f90dda8e5725613b6b0e17c207e9387326406784ec5e83884dd06a163,null,null,null,null,container-exited-cgroup-stats-unavailable
3,ready,259287643616117,9246a9c13c471dd8688b6ef150dd8951cc3676ee7b81f5c36f2042101ea00beb,28965000,753664,1789151562876253196,1789151562876253196,null
3,group-0-ready,259291445192868,9246a9c13c471dd8688b6ef150dd8951cc3676ee7b81f5c36f2042101ea00beb,30591000,794624,1789151566887458876,1789151566887458876,null
3,group-0-served,259292445608845,9246a9c13c471dd8688b6ef150dd8951cc3676ee7b81f5c36f2042101ea00beb,32148000,868352,1789151567886974870,1789151567886974870,null
3,group-0-final,259293577000252,9246a9c13c471dd8688b6ef150dd8951cc3676ee7b81f5c36f2042101ea00beb,141657000,1171456,1789151569017810014,1789151569017810014,null
3,group-1-ready,259299886239367,9246a9c13c471dd8688b6ef150dd8951cc3676ee7b81f5c36f2042101ea00beb,144558000,1208320,1789151575328775337,1789151575328775337,null
3,group-1-served,259300862550669,9246a9c13c471dd8688b6ef150dd8951cc3676ee7b81f5c36f2042101ea00beb,146919000,1224704,1789151576305045431,1789151576305045431,null
3,group-1-final,259302179147639,9246a9c13c471dd8688b6ef150dd8951cc3676ee7b81f5c36f2042101ea00beb,276290000,1282048,1789151577622017955,1789151577622017955,null
3,group-2-ready,259308931752546,9246a9c13c471dd8688b6ef150dd8951cc3676ee7b81f5c36f2042101ea00beb,281527000,1511424,1789151584374519483,1789151584374519483,null
3,group-2-served,259310393432143,9246a9c13c471dd8688b6ef150dd8951cc3676ee7b81f5c36f2042101ea00beb,290039000,1540096,1789151585837051610,1789151585837051610,null
3,group-2-final,259311391762505,9246a9c13c471dd8688b6ef150dd8951cc3676ee7b81f5c36f2042101ea00beb,309565000,1630208,1789151586834040049,1789151586834040049,null
3,group-3-ready,259324089873065,9246a9c13c471dd8688b6ef150dd8951cc3676ee7b81f5c36f2042101ea00beb,316382000,1687552,1789151599528601045,1789151599528601045,null
3,group-3-served,259329184695891,9246a9c13c471dd8688b6ef150dd8951cc3676ee7b81f5c36f2042101ea00beb,321980000,1691648,1789151604625908770,1789151604625908770,null
3,group-3-final,259334042883123,9246a9c13c471dd8688b6ef150dd8951cc3676ee7b81f5c36f2042101ea00beb,336260000,1740800,1789151609482919563,1789151609482919563,null
3,group-4-ready,259383879305743,9246a9c13c471dd8688b6ef150dd8951cc3676ee7b81f5c36f2042101ea00beb,358467000,2613248,1789151659316529885,1789151659316529885,null
3,group-4-served,259403428576216,9246a9c13c471dd8688b6ef150dd8951cc3676ee7b81f5c36f2042101ea00beb,375233000,2719744,1789151678865763747,1789151678865763747,null
3,group-4-final,259422784212973,9246a9c13c471dd8688b6ef150dd8951cc3676ee7b81f5c36f2042101ea00beb,434703000,3006464,1789151698219263930,1789151698219263930,null
3,group-5-ready,259494340933609,9246a9c13c471dd8688b6ef150dd8951cc3676ee7b81f5c36f2042101ea00beb,459589000,3297280,1789151769772160953,1789151769772160953,null
3,group-5-served,259496488631037,9246a9c13c471dd8688b6ef150dd8951cc3676ee7b81f5c36f2042101ea00beb,488489000,3301376,1789151771920566313,1789151771920566313,null
3,group-5-final,259497643640032,9246a9c13c471dd8688b6ef150dd8951cc3676ee7b81f5c36f2042101ea00beb,563625000,3424256,1789151773073925407,1789151773073925407,null
3,final,259502404995453,9246a9c13c471dd8688b6ef150dd8951cc3676ee7b81f5c36f2042101ea00beb,null,null,null,null,container-exited-cgroup-stats-unavailable
4,ready,259503708370521,897e98f68a01a80b422a0a746fc20676b5c45d3aede3dd926561cc59cb3c4ec1,24655000,757760,1789151778942330022,1789151778942330022,null
4,group-0-ready,259507928434371,897e98f68a01a80b422a0a746fc20676b5c45d3aede3dd926561cc59cb3c4ec1,29216000,1110016,1789151783356499587,1789151783356499587,null
4,group-0-served,259509185507940,897e98f68a01a80b422a0a746fc20676b5c45d3aede3dd926561cc59cb3c4ec1,37867000,1286144,1789151784614659546,1789151784614659546,null
4,group-0-final,259510241876577,897e98f68a01a80b422a0a746fc20676b5c45d3aede3dd926561cc59cb3c4ec1,59974000,1470464,1789151785669108862,1789151785669108862,null
4,group-1-ready,259523156709258,897e98f68a01a80b422a0a746fc20676b5c45d3aede3dd926561cc59cb3c4ec1,67087000,1515520,1789151798585369691,1789151798585369691,null
4,group-1-served,259528231682752,897e98f68a01a80b422a0a746fc20676b5c45d3aede3dd926561cc59cb3c4ec1,71739000,1527808,1789151803658827911,1789151803658827911,null
4,group-1-final,259533515991594,897e98f68a01a80b422a0a746fc20676b5c45d3aede3dd926561cc59cb3c4ec1,86352000,1630208,1789151808943289223,1789151808943289223,null
4,group-2-ready,259584405847283,897e98f68a01a80b422a0a746fc20676b5c45d3aede3dd926561cc59cb3c4ec1,107428000,2535424,1789151859830033238,1789151859830033238,null
4,group-2-served,259603794830839,897e98f68a01a80b422a0a746fc20676b5c45d3aede3dd926561cc59cb3c4ec1,123814000,2658304,1789151879218412136,1789151879218412136,null
4,group-2-final,259623254703173,897e98f68a01a80b422a0a746fc20676b5c45d3aede3dd926561cc59cb3c4ec1,181850000,2957312,1789151898674171601,1789151898674171601,null
4,group-3-ready,259694186814169,897e98f68a01a80b422a0a746fc20676b5c45d3aede3dd926561cc59cb3c4ec1,207461000,3153920,1789151969603409032,1789151969603409032,null
4,group-3-served,259696361096005,897e98f68a01a80b422a0a746fc20676b5c45d3aede3dd926561cc59cb3c4ec1,238292000,3178496,1789151971777205244,1789151971777205244,null
4,group-3-final,259697398691866,897e98f68a01a80b422a0a746fc20676b5c45d3aede3dd926561cc59cb3c4ec1,315888000,3305472,1789151972815228218,1789151972815228218,null
4,group-4-ready,259704754717786,897e98f68a01a80b422a0a746fc20676b5c45d3aede3dd926561cc59cb3c4ec1,320963000,3186688,1789151980171667180,1789151980171667180,null
4,group-4-served,259705733398887,897e98f68a01a80b422a0a746fc20676b5c45d3aede3dd926561cc59cb3c4ec1,323214000,3186688,1789151981151099175,1789151981151099175,null
4,group-4-final,259707011715679,897e98f68a01a80b422a0a746fc20676b5c45d3aede3dd926561cc59cb3c4ec1,450507000,3203072,1789151982429128617,1789151982429128617,null
4,group-5-ready,259713745206866,897e98f68a01a80b422a0a746fc20676b5c45d3aede3dd926561cc59cb3c4ec1,453162000,3207168,1789151989159192618,1789151989159192618,null
4,group-5-served,259714748645201,897e98f68a01a80b422a0a746fc20676b5c45d3aede3dd926561cc59cb3c4ec1,454548000,3207168,1789151990162977572,1789151990162977572,null
4,group-5-final,259715904293587,897e98f68a01a80b422a0a746fc20676b5c45d3aede3dd926561cc59cb3c4ec1,560382000,3223552,1789151991318897304,1789151991318897304,null
4,final,259721325637686,897e98f68a01a80b422a0a746fc20676b5c45d3aede3dd926561cc59cb3c4ec1,null,null,null,null,container-exited-cgroup-stats-unavailable
5,ready,259722600453640,0acfff3724119a2df19c314720847cffef93a34760ed5a13fef3e3633538d5f6,24071000,749568,1789151997797848245,1789151997797848245,null
5,group-0-ready,259756103556126,0acfff3724119a2df19c314720847cffef93a34760ed5a13fef3e3633538d5f6,41667000,1900544,1789152031515028424,1789152031515028424,null
5,group-0-served,259775500969744,0acfff3724119a2df19c314720847cffef93a34760ed5a13fef3e3633538d5f6,61280000,2293760,1789152050912513018,1789152050912513018,null
5,group-0-final,259795143702657,0acfff3724119a2df19c314720847cffef93a34760ed5a13fef3e3633538d5f6,118031000,2715648,1789152070556455466,1789152070556455466,null
5,group-1-ready,259866337053575,0acfff3724119a2df19c314720847cffef93a34760ed5a13fef3e3633538d5f6,142913000,2961408,1789152141742607406,1789152141742607406,null
5,group-1-served,259868448541768,0acfff3724119a2df19c314720847cffef93a34760ed5a13fef3e3633538d5f6,170587000,2998272,1789152143851821248,1789152143851821248,null
5,group-1-final,259869498480946,0acfff3724119a2df19c314720847cffef93a34760ed5a13fef3e3633538d5f6,243830000,3207168,1789152144903426288,1789152144903426288,null
5,group-2-ready,259877462072631,0acfff3724119a2df19c314720847cffef93a34760ed5a13fef3e3633538d5f6,249485000,3088384,1789152152865479771,1789152152865479771,null
5,group-2-served,259878495102463,0acfff3724119a2df19c314720847cffef93a34760ed5a13fef3e3633538d5f6,252624000,3088384,1789152153900360119,1789152153900360119,null
5,group-2-final,259879781042072,0acfff3724119a2df19c314720847cffef93a34760ed5a13fef3e3633538d5f6,379283000,3121152,1789152155185277520,1789152155185277520,null
5,group-3-ready,259886270303038,0acfff3724119a2df19c314720847cffef93a34760ed5a13fef3e3633538d5f6,382187000,3121152,1789152161674744384,1789152161674744384,null
5,group-3-served,259887289501723,0acfff3724119a2df19c314720847cffef93a34760ed5a13fef3e3633538d5f6,383540000,3121152,1789152162693327770,1789152162693327770,null
5,group-3-final,259888477869911,0acfff3724119a2df19c314720847cffef93a34760ed5a13fef3e3633538d5f6,507296000,3145728,1789152163882518319,1789152163882518319,null
5,group-4-ready,259901003111833,0acfff3724119a2df19c314720847cffef93a34760ed5a13fef3e3633538d5f6,514289000,3182592,1789152176406126666,1789152176406126666,null
5,group-4-served,259905997197900,0acfff3724119a2df19c314720847cffef93a34760ed5a13fef3e3633538d5f6,519619000,3182592,1789152181399804327,1789152181399804327,null
5,group-4-final,259911445459764,0acfff3724119a2df19c314720847cffef93a34760ed5a13fef3e3633538d5f6,536802000,3186688,1789152186848816910,1789152186848816910,null
5,group-5-ready,259933091163751,0acfff3724119a2df19c314720847cffef93a34760ed5a13fef3e3633538d5f6,545281000,3194880,1789152208491110758,1789152208491110758,null
5,group-5-served,259934438418060,0acfff3724119a2df19c314720847cffef93a34760ed5a13fef3e3633538d5f6,553711000,3198976,1789152209841624307,1789152209841624307,null
5,group-5-final,259935410883305,0acfff3724119a2df19c314720847cffef93a34760ed5a13fef3e3633538d5f6,574677000,3215360,1789152210812170182,1789152210812170182,null
5,final,259940563715274,0acfff3724119a2df19c314720847cffef93a34760ed5a13fef3e3633538d5f6,null,null,null,null,container-exited-cgroup-stats-unavailable
6,ready,259941894624992,e3a7a853b79d2559a8345bcbd86efeedb510ac41bb09bd388b1f75c3bfb7b26e,27477000,737280,1789152217070555970,1789152217070555970,null
6,group-0-ready,259946206012744,e3a7a853b79d2559a8345bcbd86efeedb510ac41bb09bd388b1f75c3bfb7b26e,29888000,860160,1789152221606576047,1789152221606576047,null
6,group-0-served,259947327392124,e3a7a853b79d2559a8345bcbd86efeedb510ac41bb09bd388b1f75c3bfb7b26e,32879000,937984,1789152222727519485,1789152222727519485,null
6,group-0-final,259948673284216,e3a7a853b79d2559a8345bcbd86efeedb510ac41bb09bd388b1f75c3bfb7b26e,161766000,1191936,1789152224072263193,1789152224072263193,null
6,group-1-ready,259955827669781,e3a7a853b79d2559a8345bcbd86efeedb510ac41bb09bd388b1f75c3bfb7b26e,164559000,1191936,1789152231226071433,1789152231226071433,null
6,group-1-served,259956902261607,e3a7a853b79d2559a8345bcbd86efeedb510ac41bb09bd388b1f75c3bfb7b26e,166026000,1191936,1789152232300558910,1789152232300558910,null
6,group-1-final,259958167872833,e3a7a853b79d2559a8345bcbd86efeedb510ac41bb09bd388b1f75c3bfb7b26e,277575000,1306624,1789152233567185522,1789152233567185522,null
6,group-2-ready,259972023135145,e3a7a853b79d2559a8345bcbd86efeedb510ac41bb09bd388b1f75c3bfb7b26e,284643000,1548288,1789152247418830183,1789152247418830183,null
6,group-2-served,259977182554121,e3a7a853b79d2559a8345bcbd86efeedb510ac41bb09bd388b1f75c3bfb7b26e,290160000,1560576,1789152252581100960,1789152252581100960,null
6,group-2-final,259982481686584,e3a7a853b79d2559a8345bcbd86efeedb510ac41bb09bd388b1f75c3bfb7b26e,305571000,1662976,1789152257877806344,1789152257877806344,null
6,group-3-ready,260004382194673,e3a7a853b79d2559a8345bcbd86efeedb510ac41bb09bd388b1f75c3bfb7b26e,314141000,1720320,1789152279778970456,1789152279778970456,null
6,group-3-served,260005770336026,e3a7a853b79d2559a8345bcbd86efeedb510ac41bb09bd388b1f75c3bfb7b26e,322383000,1736704,1789152281166402760,1789152281166402760,null
6,group-3-final,260006849090106,e3a7a853b79d2559a8345bcbd86efeedb510ac41bb09bd388b1f75c3bfb7b26e,346852000,1781760,1789152282246159590,1789152282246159590,null
6,group-4-ready,260016236308505,e3a7a853b79d2559a8345bcbd86efeedb510ac41bb09bd388b1f75c3bfb7b26e,360995000,2658304,1789152291632284466,1789152291632284466,null
6,group-4-served,260018456163118,e3a7a853b79d2559a8345bcbd86efeedb510ac41bb09bd388b1f75c3bfb7b26e,391237000,2785280,1789152293852101570,1789152293852101570,null
6,group-4-final,260019497032095,e3a7a853b79d2559a8345bcbd86efeedb510ac41bb09bd388b1f75c3bfb7b26e,467458000,3088384,1789152294892051151,1789152294892051151,null
6,group-5-ready,260057502006409,e3a7a853b79d2559a8345bcbd86efeedb510ac41bb09bd388b1f75c3bfb7b26e,489410000,3321856,1789152332894807327,1789152332894807327,null
6,group-5-served,260077190094531,e3a7a853b79d2559a8345bcbd86efeedb510ac41bb09bd388b1f75c3bfb7b26e,507619000,3338240,1789152352583280307,1789152352583280307,null
6,group-5-final,260096856205321,e3a7a853b79d2559a8345bcbd86efeedb510ac41bb09bd388b1f75c3bfb7b26e,566291000,3461120,1789152372247324266,1789152372247324266,null
6,final,260165507922049,e3a7a853b79d2559a8345bcbd86efeedb510ac41bb09bd388b1f75c3bfb7b26e,null,null,null,null,container-exited-cgroup-stats-unavailable
