pair,group,arm,density,pod_uid,container_id,owner_ref,app_process_id,create_api_begin_nanos,create_api_end_nanos,ready_observed_nanos,create_api_elapsed_nanos,create_to_ready_observed_upper_nanos
0,0,lsf,1,4ced31d8-aee7-4bb3-ab6c-564c527488e9,68cd95f196719388fca3bc1f82b2178bd206780e2fb303b82c1443dd87897400,owner-68cd95f196719388fca3bc1f82b2178bd206780e2fb303b82c1443dd87897400,13,258634754623911,258634768141592,258637229832521,13517681,2475208610
0,1,native,1,012a36e6-0b9e-4270-909a-fb0415adf787,4ee1b764795f825ec888184747d2eeb252c5c678773f69ca946e6e719c18254a,owner-4ee1b764795f825ec888184747d2eeb252c5c678773f69ca946e6e719c18254a,13,258642578684084,258642590290315,258644211738548,11606231,1633054464
0,2,native,8,a15980c7-76d8-42ae-a929-836b9a5bac87,3d21497614544a21bf40a083ada7c52128d8cb2287c8ce6c46f0e05ea0f5c27a,owner-3d21497614544a21bf40a083ada7c52128d8cb2287c8ce6c46f0e05ea0f5c27a,13,258651415001255,258651425836635,258653302661017,10835380,1887659762
0,2,native,8,955035fa-9f1a-4dbd-ae55-caa3aa2a91a8,9c0f70d0bd6b88e09a7493ab8571c12546cf82e3d19dba01ad32ac88e16ccfe8,owner-9c0f70d0bd6b88e09a7493ab8571c12546cf82e3d19dba01ad32ac88e16ccfe8,13,258651426291868,258651437998524,258653556862140,11706656,2130570272
0,2,native,8,c4561e77-1f50-4841-af5b-59e4b54ef366,210ce0643c52efc56642c51b3eb7e99524d2aedc08404294041ee9cf36f05207,owner-210ce0643c52efc56642c51b3eb7e99524d2aedc08404294041ee9cf36f05207,13,258651438682420,258651452338666,258653726287260,13656246,2287604840
0,2,native,8,a74a1c83-4917-4d27-b210-800e68cb4011,a504841aaf1e0c00885e886eaff642c02646c6bb58bf9e49f2267bb7a417a0c9,owner-a504841aaf1e0c00885e886eaff642c02646c6bb58bf9e49f2267bb7a417a0c9,13,258651452905355,258651485142759,258653885903311,32237404,2432997956
0,2,native,8,d2acd45f-fdcc-4cdd-a18e-26571172819a,839160d25cfb2f53815720354e80b4cb4ba15eae40c4378234dca3615d8ea5aa,owner-839160d25cfb2f53815720354e80b4cb4ba15eae40c4378234dca3615d8ea5aa,13,258651485740523,258651501035387,258654086206300,15294864,2600465777
0,2,native,8,0e6219fd-7a78-43db-acd5-918528e54dfb,ae5e5824e01fa3fb7a1535ad7fbb902868d593cee86403ac67b6eea6f6d1c059,owner-ae5e5824e01fa3fb7a1535ad7fbb902868d593cee86403ac67b6eea6f6d1c059,12,258651501623392,258651515649656,258654287870275,14026264,2786246883
0,2,native,8,8a649760-7acc-4978-bb59-23540f07c201,caea3b2d3ca1efee4e812ddbb229290fbed748166476aba6a0d7b864d00e870f,owner-caea3b2d3ca1efee4e812ddbb229290fbed748166476aba6a0d7b864d00e870f,13,258651516437674,258651578349271,258654466584444,61911597,2950146770
0,2,native,8,a01ef30b-ec80-488d-9641-83bfca4678d6,14168aa0f552f34cb10225e83f0a371542d39ffd4a0f48d828379fc81ffea880,owner-14168aa0f552f34cb10225e83f0a371542d39ffd4a0f48d828379fc81ffea880,13,258651579170153,258651591324620,258654646067797,12154467,3066897644
0,3,lsf,8,2d07b498-67bf-4996-9b63-4d64aab2f9ed,0bd787057146a9fb68760cde6099853f6865b70dfb3dabd3e20c2762aaff50cd,owner-0bd787057146a9fb68760cde6099853f6865b70dfb3dabd3e20c2762aaff50cd,13,258687393797660,258687408796728,258689452150804,14999068,2058353144
0,4,lsf,32,aa314319-bdea-4b96-bba5-360f383150df,753475a5aa19b7c7012d9f4fdc8ffccec808511b930492e78611f06d4fae6089,owner-753475a5aa19b7c7012d9f4fdc8ffccec808511b930492e78611f06d4fae6089,13,258696827250099,258696841309306,258698476636302,14059207,1649386203
0,5,native,32,301c2960-7599-44a3-966d-af375a05d72e,509668cbcd72249e9aa86a347d5cc89477393ffdd813f5d60b9e63d14482c6f0,owner-509668cbcd72249e9aa86a347d5cc89477393ffdd813f5d60b9e63d14482c6f0,13,258711380885018,258711391591194,258713474546131,10706176,2093661113
0,5,native,32,8dee3e9f-c2be-44ce-ab96-5485c246bef2,f7f30d2ba2d09290220c6d3cb53437395643cb65fcda2d9efde0b3c0e1958701,owner-f7f30d2ba2d09290220c6d3cb53437395643cb65fcda2d9efde0b3c0e1958701,13,258711392027093,258711403197961,258715720543287,11170868,4328516194
0,5,native,32,181b3f49-2a22-4cfb-a860-98a11c90b5a2,7eafcc4537d30cbdb7c169663958712502cbad7e62a2ea5259c16223feac242a,owner-7eafcc4537d30cbdb7c169663958712502cbad7e62a2ea5259c16223feac242a,14,258711403782548,258711415947291,258715878805947,12164743,4475023399
0,5,native,32,ccf61bf2-06c2-4c60-8bc0-3c74790da047,f366a59900cb63be3e268cd7068c3384d055b87504fc1985b62c17132113dee4,owner-f366a59900cb63be3e268cd7068c3384d055b87504fc1985b62c17132113dee4,13,258711416565823,258711426971060,258716034234648,10405237,4617668825
0,5,native,32,556f0fb0-c105-4904-95b3-c83bb7cc775f,f6bc93d92659e47a03c05607791d94544f8475a651cc51e979436da61b3c9e8e,owner-f6bc93d92659e47a03c05607791d94544f8475a651cc51e979436da61b3c9e8e,13,258711427397607,258711475432399,258716243431909,48034792,4816034302
0,5,native,32,38674d9a-3965-425b-aff0-972b71506bf9,87e80fb169763aa7fd524dce1375bb5a80dc7bfa7cfb5b169008925e4ea5a7b6,owner-87e80fb169763aa7fd524dce1375bb5a80dc7bfa7cfb5b169008925e4ea5a7b6,13,258711475947571,258711488071773,258716447485451,12124202,4971537880
0,5,native,32,51ae6708-0e46-4fc4-837e-16ace105b902,b1135caf2bc1e941f63400ea6f5bb07d63006176b7edbedd60c3b9fb6c97d7ab,owner-b1135caf2bc1e941f63400ea6f5bb07d63006176b7edbedd60c3b9fb6c97d7ab,13,258711488602674,258711502825092,258716622626913,14222418,5134024239
0,5,native,32,bc0c4b32-b90e-491d-82ab-c80d2fb8cd9f,4873eda905ec93302dd8e2a27df28537eec3b2fea2305e5b6ff3c23c5495861c,owner-4873eda905ec93302dd8e2a27df28537eec3b2fea2305e5b6ff3c23c5495861c,13,258711503359414,258711516208744,258716820366205,12849330,5317006791
0,5,native,32,a865feb3-4641-4a10-8a14-e24f73eceb5e,978bcb3daae61245d0226454b624dc723afadd03d731044b06f0a33bfffdaafd,owner-978bcb3daae61245d0226454b624dc723afadd03d731044b06f0a33bfffdaafd,13,258711516886440,258711529905218,258717049030961,13018778,5532144521
0,5,native,32,820c00ee-75b5-465d-a7b2-4df41b1520c4,2b633e5db7808e9b1d326b922b1875462aecf545dc968e63513d1be9e69f1caf,owner-2b633e5db7808e9b1d326b922b1875462aecf545dc968e63513d1be9e69f1caf,13,258711530361225,258711580035689,258717282438706,49674464,5752077481
0,5,native,32,e0120ccc-4ccd-4a05-8315-1f249f63b853,8f0cf2ab69f648f28d9faf338ded67f1e3b88fe6db91da6716afe80e0b00e782,owner-8f0cf2ab69f648f28d9faf338ded67f1e3b88fe6db91da6716afe80e0b00e782,13,258711580620069,258711592934215,258717484844740,12314146,5904224671
0,5,native,32,88334b6d-7a74-4742-9c6d-3fb3c513c1f4,2fffefa69305525c037f033ec62eba30413e79c22404b4693da8a006eac224fe,owner-2fffefa69305525c037f033ec62eba30413e79c22404b4693da8a006eac224fe,13,258711593503848,258711606345559,258717660802174,12841711,6067298326
0,5,native,32,9fbf4620-f3cb-47b8-9969-ff62552fc466,2cccb1100d7a248236be45379c952ada3214001e83225fdea5d0896af3d1f077,owner-2cccb1100d7a248236be45379c952ada3214001e83225fdea5d0896af3d1f077,13,258711606953281,258711619799219,258717884865611,12845938,6277912330
0,5,native,32,f6672e6d-23e6-4531-8fc9-77406326afa9,60f213e64b9c0089507638bca4db242cc21d17c2aa76b1333314981d5335be1a,owner-60f213e64b9c0089507638bca4db242cc21d17c2aa76b1333314981d5335be1a,13,258711620674220,258711634058496,258718051926674,13384276,6431252454
0,5,native,32,97bb9b30-f76b-46af-be6b-8c0c0206b95a,0de9259e2579e7b1a155d6e212d63cf4daf8282a3c02babb2cd0bdd0b872ce2d,owner-0de9259e2579e7b1a155d6e212d63cf4daf8282a3c02babb2cd0bdd0b872ce2d,12,258711634614415,258711677651308,258718269018488,43036893,6634404073
0,5,native,32,b761f020-f7d4-4905-b60c-4e3496fa5701,083f34f153bcb73d23d294aa598ad483a29acf4960108616d072497839659166,owner-083f34f153bcb73d23d294aa598ad483a29acf4960108616d072497839659166,13,258711678201400,258711690158738,258718449324078,11957338,6771122678
0,5,native,32,d7503aaf-b0b8-46ce-a396-5936d921807c,995823d9c44ece72efb79e2d63bf95980d7cb99fc6ec5ade648e2cfc4d8f88d9,owner-995823d9c44ece72efb79e2d63bf95980d7cb99fc6ec5ade648e2cfc4d8f88d9,13,258711691236240,258711705832650,258718612258193,14596410,6921021953
0,5,native,32,a61f3255-61ff-4ed8-8dea-756666bb475e,430f8ff1e8487812fe09b4b56a98a5c161db07b641c366d8d30f2cf7922dd1eb,owner-430f8ff1e8487812fe09b4b56a98a5c161db07b641c366d8d30f2cf7922dd1eb,13,258711706452202,258711721150110,258718804772567,14697908,7098320365
0,5,native,32,798f1f3e-62e9-42f5-a1cf-65d4723c6462,fc18977ab7fc7d9e64bddb37721d6f7229bb584634ec3b78a45582ba6ccac6b2,owner-fc18977ab7fc7d9e64bddb37721d6f7229bb584634ec3b78a45582ba6ccac6b2,13,258711721590243,258711776969863,258718980565851,55379620,7258975608
0,5,native,32,6f4c5ce4-0ffa-4a1a-b5db-c59658cb286b,ca6bd8d3becb9e17501ee34a34c0637e7cef24cdb5401d5b2c7cd2aad70766d5,owner-ca6bd8d3becb9e17501ee34a34c0637e7cef24cdb5401d5b2c7cd2aad70766d5,13,258711777435746,258711791376825,258719174948011,13941079,7397512265
0,5,native,32,ab095f7b-0815-4ace-8410-51dda76a2f4b,f1c4c96613771a3bcdbadb0f441e17a9242d3fe540896b6fe6db65e6b7ff5d06,owner-f1c4c96613771a3bcdbadb0f441e17a9242d3fe540896b6fe6db65e6b7ff5d06,13,258711791995653,258711814466407,258719595865730,22470754,7803870077
0,5,native,32,7d19efac-6fd6-4df5-88f5-907f9b0aaa28,978bfcb65f142c841ef4760c05691011e1a20dfde3dd6bdc4b3d888bfa60b747,owner-978bfcb65f142c841ef4760c05691011e1a20dfde3dd6bdc4b3d888bfa60b747,13,258711815192053,258711833485499,258719851985716,18293446,8036793663
0,5,native,32,8d07aa54-d3cc-4f49-bed1-6180e519fcbc,62568695626769d64154c9f5ee8ba965542b9485a44100b5a236b71c3ea24ef8,owner-62568695626769d64154c9f5ee8ba965542b9485a44100b5a236b71c3ea24ef8,13,258711834356796,258711872748085,258720112246206,38391289,8277889410
0,5,native,32,b49fb6f8-78bf-4aa8-972c-0b196d5cdcbd,8fe08deddbfcd9bb2388964ba9abe69b9973d750742d9b6b0026971f556bf281,owner-8fe08deddbfcd9bb2388964ba9abe69b9973d750742d9b6b0026971f556bf281,13,258711873425504,258711887195638,258720308911940,13770134,8435486436
0,5,native,32,59c0f594-bf45-48e5-aa93-8fc1ba676377,1636d281910a1b378992727bbda4bb45ad15b5137503de1671980ee882e1ee8e,owner-1636d281910a1b378992727bbda4bb45ad15b5137503de1671980ee882e1ee8e,12,258711889141433,258711907274558,258720483856860,18133125,8594715427
0,5,native,32,8aaa1126-ac9d-48f0-932b-e3c25ef738ad,f60171e56e1b1d0ea55cdf5594b2f64772bf6bb370dd101478fd68a537979732,owner-f60171e56e1b1d0ea55cdf5594b2f64772bf6bb370dd101478fd68a537979732,13,258711907994221,258711934814478,258720672794332,26820257,8764800111
0,5,native,32,41b08e44-b0d6-46ca-81fd-fe8e68795859,1603a3965be08d9595e2a74cd833b7df297256ad78d61a01c8b6ac3a7c0fa4a4,owner-1603a3965be08d9595e2a74cd833b7df297256ad78d61a01c8b6ac3a7c0fa4a4,13,258711935647070,258711973085525,258720834679099,37438455,8899032029
0,5,native,32,a1ca0355-cf99-4e60-a986-ed94ba115059,6a68198b170c4408fb2e198232dc07b3546406b69796fd21f23c0893a3d8b544,owner-6a68198b170c4408fb2e198232dc07b3546406b69796fd21f23c0893a3d8b544,13,258711974030627,258711991904886,258720998022237,17874259,9023991610
0,5,native,32,6ec82627-bc50-4c24-a872-97ca1ebd537e,5fd3fbcd4cbd601b5672af94f6f87e4215e5371001f37813cd6b983959723670,owner-5fd3fbcd4cbd601b5672af94f6f87e4215e5371001f37813cd6b983959723670,13,258711992901257,258712017326965,258721179970721,24425708,9187069464
0,5,native,32,9b74b7f9-221f-4c3b-ad99-3c1d1217f2d6,ef39cefda8c9394700954a353ef440ede70d1caaea5eadd80eba3a74e44e440b,owner-ef39cefda8c9394700954a353ef440ede70d1caaea5eadd80eba3a74e44e440b,13,258712018298257,258712035368092,258721387226221,17069835,9368927964
0,5,native,32,58ff5b76-a32b-471b-8431-09a6b5a44df2,df46740d13a2021060befa256f3881b3bf3e73db545e8c2415fb6c49b03d76b3,owner-df46740d13a2021060befa256f3881b3bf3e73db545e8c2415fb6c49b03d76b3,13,258712036151865,258712052460445,258721551588496,16308580,9515436631
0,5,native,32,080fb7f5-5967-4c10-a9cf-91e24f9c61a2,55c780c84e3e744126443f15f80e9e19f099e3c7c8eb1fa27548ab94cba7c4ad,owner-55c780c84e3e744126443f15f80e9e19f099e3c7c8eb1fa27548ab94cba7c4ad,13,258712053517413,258712079127663,258721740677299,25610250,9687159886
1,0,native,8,1b8a7308-e23f-4440-9520-ac171b2ab6a1,c6680e70c824a4560a6cc3a7bf5399d7d3bb6d2e5c6535c5b9c48138e809e411,owner-c6680e70c824a4560a6cc3a7bf5399d7d3bb6d2e5c6535c5b9c48138e809e411,13,258851660424454,258851679253723,258854295330327,18829269,2634905873
1,0,native,8,08f0d46c-0aa8-4ae6-9d8c-5a631f7489a1,e0cdb5c1e0c7171d7b30e7c909f5d1f4a905d291d06cce66e09123ddc85cc8e9,owner-e0cdb5c1e0c7171d7b30e7c909f5d1f4a905d291d06cce66e09123ddc85cc8e9,13,258851679854712,258851692279794,258854491349324,12425082,2811494612
1,0,native,8,8629ef91-c356-4f40-9e1c-f03f97104b59,092b6917227472b4a0514991f45a9a2eaaa91c36253ffa197c545104534538b0,owner-092b6917227472b4a0514991f45a9a2eaaa91c36253ffa197c545104534538b0,13,258851693547339,258851708986280,258854716257451,15438941,3022710112
1,0,native,8,10de0562-6e09-47ef-934d-c248289f8fca,3a0f6eccff23f43e2e2cd7d49f6563890aaa584361fb6a142c0d922e2c0fb2bf,owner-3a0f6eccff23f43e2e2cd7d49f6563890aaa584361fb6a142c0d922e2c0fb2bf,13,258851709701552,258851724913824,258854904564312,15212272,3194862760
1,0,native,8,14b9c2c1-c39c-4692-b703-0496ef471c17,e4b77da2cc93b0ce617ce16003fb505b3bff2387cf20ba839f3b09c0b2e05c2e,owner-e4b77da2cc93b0ce617ce16003fb505b3bff2387cf20ba839f3b09c0b2e05c2e,13,258851725426259,258851740200931,258855077338177,14774672,3351911918
1,0,native,8,8b20fb51-726f-4bfc-b100-6d55f2a5a9db,911554fd0fc88171b2899548537e03ed6648193014f6dffbb08bb92883752817,owner-911554fd0fc88171b2899548537e03ed6648193014f6dffbb08bb92883752817,13,258851740700610,258851780182032,258855276837460,39481422,3536136850
1,0,native,8,17e2cedd-cf40-4bb7-841c-cf5916065e51,58f0c762e777582c71ca7925913011b46232a376d340b9faca6433fb2801365e,owner-58f0c762e777582c71ca7925913011b46232a376d340b9faca6433fb2801365e,12,258851780730037,258851793736640,258855473947802,13006603,3693217765
1,0,native,8,f2e6d4f0-5fb9-4fe0-b80c-20a61c77fb28,edd6aba269427e2dedd214cbf0094f5702ba77bd9b98baeeeddde75a315b915b,owner-edd6aba269427e2dedd214cbf0094f5702ba77bd9b98baeeeddde75a315b915b,12,258851794215725,258851810965902,258855642893413,16750177,3848677688
1,1,lsf,8,dc120531-09f0-427f-849f-78c962d5af17,d68d596849026c345be3199dae989b4baff45cc77a5258172ca49e072a24ade6,owner-d68d596849026c345be3199dae989b4baff45cc77a5258172ca49e072a24ade6,13,258888553542189,258888577408753,258890404247280,23866564,1850705091
1,2,lsf,32,b536dfda-0db2-49b3-b606-5422d4200f98,17d8a287b1a1b8660d1f07c878f3228ca0f89f514ffdc0ce06cb5f187ff1cf29,owner-17d8a287b1a1b8660d1f07c878f3228ca0f89f514ffdc0ce06cb5f187ff1cf29,13,258897930940316,258897941989077,258900415877947,11048761,2484937631
1,3,native,32,d261d0d8-086c-4f1c-84e6-f352684dd8b2,5f318866c2cc04f7fde13d26c39ce57a1e06cd7c43e51d88c5d3658b4e398111,owner-5f318866c2cc04f7fde13d26c39ce57a1e06cd7c43e51d88c5d3658b4e398111,13,258913290210143,258913302805816,258916774278038,12595673,3484067895
1,3,native,32,9fdd1e03-aa6d-4a6b-997c-d02cb1fa02d8,edfeb8ad62198065304b9ec358d48eb4bafe17123ab4b2bf6a28a106c1a68e49,owner-edfeb8ad62198065304b9ec358d48eb4bafe17123ab4b2bf6a28a106c1a68e49,13,258913303298574,258913315089899,258917087055769,11791325,3783757195
1,3,native,32,eae6eeb9-c41d-4c7b-9ac9-b60db880845d,054a9ec013227136ee3ff93d6f872d491be61228e5ff19de0ea7745b519d968e,owner-054a9ec013227136ee3ff93d6f872d491be61228e5ff19de0ea7745b519d968e,13,258913315784939,258913328809406,258917372160318,13024467,4056375379
1,3,native,32,1bead815-4ff4-41bc-af5c-8c8fe213bad5,0c83ae9d867d0f6fcd01aaa879d125ee75123be788ce23afa345ca7ee43bb811,owner-0c83ae9d867d0f6fcd01aaa879d125ee75123be788ce23afa345ca7ee43bb811,13,258913329282097,258913341637534,258917599899961,12355437,4270617864
1,3,native,32,e96d5f1d-86d0-4d86-ac1b-27c98f4f12a1,6959303a6665225e3086cdb4924fc0e2b2f0f3b9c97d190898aaa00d46dabcef,owner-6959303a6665225e3086cdb4924fc0e2b2f0f3b9c97d190898aaa00d46dabcef,13,258913342164929,258913377059580,258917840735241,34894651,4498570312
1,3,native,32,8c8840d7-7277-4302-a265-0940b3f90e8f,26b9b5e476ae6b39c8a1d1e5bb8dd1435040d9ec19bf347dfd52f7c331d51327,owner-26b9b5e476ae6b39c8a1d1e5bb8dd1435040d9ec19bf347dfd52f7c331d51327,14,258913377502147,258913390645207,258918040393826,13143060,4662891679
1,3,native,32,d79ee0a6-8fd1-4c65-84b4-b665fa9a0227,a0f7b4013ed576b826cb8965e6a7983c85e7145c275b152e0238c79eb90192a6,owner-a0f7b4013ed576b826cb8965e6a7983c85e7145c275b152e0238c79eb90192a6,13,258913391288566,258913404061333,258918223782236,12772767,4832493670
1,3,native,32,0048659d-1e4e-45f8-ba21-b7d982c188c6,9d455f1d3e54d5ac455d6fbee16b993d31cb5b0bb2931ab042d319f7dfe87508,owner-9d455f1d3e54d5ac455d6fbee16b993d31cb5b0bb2931ab042d319f7dfe87508,13,258913404583963,258913417113351,258918431869773,12529388,5027285810
1,3,native,32,18f0e2d3-feb7-420c-819a-bba1de89e760,495d354b505eb28100d91bb9ed0a14e21d6f89536ca095b693f0a8d3ef162b0a,owner-495d354b505eb28100d91bb9ed0a14e21d6f89536ca095b693f0a8d3ef162b0a,13,258913417688298,258913472086850,258918612085388,54398552,5194397090
1,3,native,32,6b9892fb-90a4-4dc0-8f64-ac04c8be5f88,c1681394b704483a9c3691b6aa9064382d3d0e580b5d12ee4c5f9dee206a0f42,owner-c1681394b704483a9c3691b6aa9064382d3d0e580b5d12ee4c5f9dee206a0f42,13,258913472642344,258913486830312,258918811396219,14187968,5338753875
1,3,native,32,b3b0e62c-1f16-4067-acf0-b4e79102ea68,1633487e386111b8e04bfb716f30f6e10de548d7419ef78596d303f477c16c73,owner-1633487e386111b8e04bfb716f30f6e10de548d7419ef78596d303f477c16c73,13,258913488045125,258913499884283,258918974607828,11839158,5486562703
1,3,native,32,a08887e1-87f5-419b-9609-fa282f93761d,df4ede5d6b6d987c426e56ea6e51c202d7c99f9c17de29b3bb0cee261b7143f6,owner-df4ede5d6b6d987c426e56ea6e51c202d7c99f9c17de29b3bb0cee261b7143f6,14,258913500853142,258913515227773,258919152274096,14374631,5651420954
1,3,native,32,a153f8ea-05f9-4b97-829f-040f18983fdc,df9e943bda1ff7b2dcea70fb8ce1c9ced961f1c5540082018d67d61cfe9b6922,owner-df9e943bda1ff7b2dcea70fb8ce1c9ced961f1c5540082018d67d61cfe9b6922,13,258913515829486,258913529778502,258919340614185,13949016,5824784699
1,3,native,32,16d01720-f79b-48b0-8dda-2f1ca0e04183,f475c4547835619166e7d8d1a5367e564a4247a2094b3ee7303b9d648487a7b5,owner-f475c4547835619166e7d8d1a5367e564a4247a2094b3ee7303b9d648487a7b5,13,258913530461217,258913591985383,258919527969308,61524166,5997508091
1,3,native,32,3fb04a5a-00a1-4304-9c4a-c9b348b30db6,225384b5348ccda2faa79b00515f307cf12a118a4269322ad85ccfc761e6d4e2,owner-225384b5348ccda2faa79b00515f307cf12a118a4269322ad85ccfc761e6d4e2,13,258913592946128,258913684696447,258919704712380,91750319,6111766252
1,3,native,32,f9da59e4-4f03-4923-aa32-ffb16d83d144,b4913c4b31399e6e0367d5d88c6d05accf87ee1f67c5e2eb0f2188f68ef19dee,owner-b4913c4b31399e6e0367d5d88c6d05accf87ee1f67c5e2eb0f2188f68ef19dee,13,258913686078131,258913709228891,258919907480362,23150760,6221402231
1,3,native,32,1a84e4fd-b1c6-414f-9a72-728fd8d588b7,0d48d7823a60c20b8bace177cc3e32b8d7ddbdeac412789717c9eb7171937d23,owner-0d48d7823a60c20b8bace177cc3e32b8d7ddbdeac412789717c9eb7171937d23,13,258913710225323,258913728393799,258920118296391,18168476,6408071068
1,3,native,32,f4833ef2-a316-41e6-9545-2209d1d37ddf,9516862c6f5ae99a414bbc1f595528c7c3c8f284cb6fccef2a2fed9b18ee67da,owner-9516862c6f5ae99a414bbc1f595528c7c3c8f284cb6fccef2a2fed9b18ee67da,13,258913729030852,258913789124789,258920259619188,60093937,6530588336
1,3,native,32,a044a6a3-180d-4a0b-a33f-a346e7a5ca52,6830bc88f86eb69fb23022494514019568018f1a22f9b380df7dcab53ecc3528,owner-6830bc88f86eb69fb23022494514019568018f1a22f9b380df7dcab53ecc3528,13,258913790521324,258913809197720,258920505923113,18676396,6715401789
1,3,native,32,86e202fd-6965-414a-8c44-d6402310e2ad,512f70f709ff0a31bdb2b0844dc7851b320b853abb8963f1d8345929f0938fe3,owner-512f70f709ff0a31bdb2b0844dc7851b320b853abb8963f1d8345929f0938fe3,13,258913809955694,258913826887392,258920741373162,16931698,6931417468
1,3,native,32,afdbc52e-29a2-47ac-8715-0e9545202305,fe081d293165a5d4318532d57a9a4461aa3b3a9478b3d059da61cc8db7fab5dd,owner-fe081d293165a5d4318532d57a9a4461aa3b3a9478b3d059da61cc8db7fab5dd,13,258913827529750,258913887622170,258920942835422,60092420,7115305672
1,3,native,32,65f64bd1-a5e1-4e85-b5fc-d80241618267,4d600a36a335d179d3b46981cd15ad8ca8b42586d9bf00d5064865b553cdc6f4,owner-4d600a36a335d179d3b46981cd15ad8ca8b42586d9bf00d5064865b553cdc6f4,13,258913888417700,258913906609322,258921135472112,18191622,7247054412
1,3,native,32,b7bf7b15-519c-4734-9b3a-89cb61b8b105,d4756fb578acb87356a3283fffdedbc6fe7aeeee687112c041e542539c13934d,owner-d4756fb578acb87356a3283fffdedbc6fe7aeeee687112c041e542539c13934d,13,258913908396119,258913922264189,258921326681215,13868070,7418285096
1,3,native,32,90fa4516-77cd-4eec-a74c-70300b0042ed,19d600cf0f3994c52493266a9d867a11dbc7d1ce43e925f5750cd84292aa85b0,owner-19d600cf0f3994c52493266a9d867a11dbc7d1ce43e925f5750cd84292aa85b0,13,258913922862800,258913937543624,258921533126251,14680824,7610263451
1,3,native,32,e06eae28-885d-4f81-8df0-887b549f5aeb,832be94c4071ad461b5f3a673fcd705cb23485ad91c2d5a19915f1fed6cac57c,owner-832be94c4071ad461b5f3a673fcd705cb23485ad91c2d5a19915f1fed6cac57c,13,258913943183462,258913987266191,258921751568837,44082729,7808385375
1,3,native,32,d491a80e-f3eb-4d78-b416-566799ead07f,466f72ec511ae6196469ae4593cfb5272505417688d04eb693fb133ed203d93b,owner-466f72ec511ae6196469ae4593cfb5272505417688d04eb693fb133ed203d93b,13,258913988953924,258914005866719,258921922274094,16912795,7933320170
1,3,native,32,e600ed5f-53c0-4b24-9e86-125e3c2cc4bb,dee2411717f7de01bd0b456a0e6ada23299392a4afbf1bb2aa884d874dd79e38,owner-dee2411717f7de01bd0b456a0e6ada23299392a4afbf1bb2aa884d874dd79e38,13,258914007779901,258914022232013,258922093736238,14452112,8085956337
1,3,native,32,b99853c4-0d1f-4768-b046-7f54437f681c,b0eb886a97ac64d0d9eda2163ff804e263041d7121f483a48fc0dc8a6a00084d,owner-b0eb886a97ac64d0d9eda2163ff804e263041d7121f483a48fc0dc8a6a00084d,14,258914023182103,258914043808066,258922276603080,20625963,8253420977
1,3,native,32,c21f230b-fa58-40c7-8223-3c191079c770,d3c13cf214ce08562da7014e3f1c37df1517a3ace1531ff98cb4b228da72dd5f,owner-d3c13cf214ce08562da7014e3f1c37df1517a3ace1531ff98cb4b228da72dd5f,13,258914044526442,258914076929059,258922444417933,32402617,8399891491
1,3,native,32,2f99eb6c-a661-4603-937b-a93e17f8a63f,b81a0cbaeb987694429ee91298e2d5c394f591f53bc20b5f57155aa04e9f3b8a,owner-b81a0cbaeb987694429ee91298e2d5c394f591f53bc20b5f57155aa04e9f3b8a,13,258914077716526,258914095583889,258922619222750,17867363,8541506224
1,3,native,32,19f8bd40-de9b-42c5-b45f-ceb2a4eb497a,27137ae3bd0b80698dfc839a503222a8533c278e61e277dc497c4603c4715ab9,owner-27137ae3bd0b80698dfc839a503222a8533c278e61e277dc497c4603c4715ab9,13,258914096406329,258914114665613,258922774204764,18259284,8677798435
1,3,native,32,c0e8ccaf-6ac7-4bbf-ae37-7099fe02c851,25e046805790ed97883cff54182bbd3dae426490ef5369c33f84d02ad75e9b12,owner-25e046805790ed97883cff54182bbd3dae426490ef5369c33f84d02ad75e9b12,13,258914115957306,258914136351009,258923004594238,20393703,8888636932
1,4,native,1,fc002c95-d400-4b68-a623-b00bac1083c3,71c2c625d4f87f84cab450bfcb1015e5db3f279777a8047da6ff34705a4cc24a,owner-71c2c625d4f87f84cab450bfcb1015e5db3f279777a8047da6ff34705a4cc24a,13,259049808383002,259049823636957,259052206306937,15253955,2397923935
1,5,lsf,1,e9f04a8a-399b-4619-877b-4ce4f7a962d1,7cecc1e675e75620134ead508684a305c6e87eafbec1b0cb19bc5cba1168593c,owner-7cecc1e675e75620134ead508684a305c6e87eafbec1b0cb19bc5cba1168593c,13,259058075162207,259058088691400,259060218541526,13529193,2143379319
2,0,lsf,32,9535e368-43ef-47c4-b50d-fd6f70ce7de2,c9620129b797359c60a79bd2fcaf5660bcd61a7f06d134733377227a25d5c589,owner-c9620129b797359c60a79bd2fcaf5660bcd61a7f06d134733377227a25d5c589,13,259070796189311,259070806422813,259073405997748,10233502,2609808437
2,1,native,32,a502a347-c44b-4326-a232-78b87e11589f,becc3950775806ef488bc2c4be5ce77a8bdc72e0289761e27dcd119b1a1f0d56,owner-becc3950775806ef488bc2c4be5ce77a8bdc72e0289761e27dcd119b1a1f0d56,13,259085320105622,259085332303541,259088705810247,12197919,3385704625
2,1,native,32,f001859b-0f59-4271-909c-a133f30f3917,609568d941caca86c92dd9439e25781d28ac9ee7da89202b1f70e18a038eef7d,owner-609568d941caca86c92dd9439e25781d28ac9ee7da89202b1f70e18a038eef7d,13,259085332855623,259085343695326,259089045058158,10839703,3712202535
2,1,native,32,3eef792c-35db-4117-9e66-8613dd994dcb,37274bbf4af32789eba465b1f136e340fb42d0a7a3c91ef1369bb11788110023,owner-37274bbf4af32789eba465b1f136e340fb42d0a7a3c91ef1369bb11788110023,13,259085344177164,259085375123933,259089591305194,30946769,4247128030
2,1,native,32,f3dbd6c3-4374-4793-bbab-fe21bb143d52,6eea05afd6bcfba7dcdcd745f072bb4c91a884639a2da2dfa0365910f5c34431,owner-6eea05afd6bcfba7dcdcd745f072bb4c91a884639a2da2dfa0365910f5c34431,13,259085375894650,259085390018999,259089901000528,14124349,4525105878
2,1,native,32,6ec8ebbf-10b0-4709-98f9-3c03ff254502,416bb3fc4f5823f61d321a9eecc1685274498109d6aa879f92128c36a4fe57ef,owner-416bb3fc4f5823f61d321a9eecc1685274498109d6aa879f92128c36a4fe57ef,13,259085390878965,259085403198452,259090081131832,12319487,4690252867
2,1,native,32,6e5d4593-0528-4572-b077-b9a42e16892d,e9499a7b8562669c31a04845afd9980be7b692b4e10b15b70a26369ebd0390de,owner-e9499a7b8562669c31a04845afd9980be7b692b4e10b15b70a26369ebd0390de,13,259085403696898,259085416507019,259090314357101,12810121,4910660203
2,1,native,32,71877977-6eb4-4cfe-a945-7acdf8439d9a,bdc1fcb3e9e1b7039ffc08237e2f2b9ccc3ba8e49f3bbe31803ce88fc2310150,owner-bdc1fcb3e9e1b7039ffc08237e2f2b9ccc3ba8e49f3bbe31803ce88fc2310150,13,259085417119984,259085428660428,259090516521278,11540444,5099401294
2,1,native,32,55cb9945-443d-46ea-ab32-275215800eb5,e4fcbe9917e4820d2b37a027f0e4c53f434a77c5505e2f110dcef8f27bbf1bd0,owner-e4fcbe9917e4820d2b37a027f0e4c53f434a77c5505e2f110dcef8f27bbf1bd0,13,259085429113802,259085477663913,259090707995331,48550111,5278881529
2,1,native,32,8f6b91ac-298f-4062-a8c4-8a4fe30b2a14,9cde29d920e45b01185bc9095a32afb708284d5bf9ae0aad29b24d3ac68128ac,owner-9cde29d920e45b01185bc9095a32afb708284d5bf9ae0aad29b24d3ac68128ac,13,259085478338285,259085492487015,259090902130438,14148730,5423792153
2,1,native,32,a484df6e-a281-47f1-ae00-835d4ccd40aa,49b536888f10bff30e33e0c1972fc2068f05eada71682be48a0d1346d62d29c5,owner-49b536888f10bff30e33e0c1972fc2068f05eada71682be48a0d1346d62d29c5,13,259085493587982,259085505147718,259091121607664,11559736,5628019682
2,1,native,32,9c0b8b07-7695-4ac9-9ff9-659622441059,9e55bc9e939f52df818e3f26dd0d44ff1dc866d22eb70dc26c5b0a99cf4e6d86,owner-9e55bc9e939f52df818e3f26dd0d44ff1dc866d22eb70dc26c5b0a99cf4e6d86,14,259085505725057,259085518889190,259091345088180,13164133,5839363123
2,1,native,32,b95f1cbb-a2ce-49f3-8864-dfddba3f8244,d3bef1c4328c0889b70aa20c197480383dbc5b865d33e6a1fd4670c5cbd7e542,owner-d3bef1c4328c0889b70aa20c197480383dbc5b865d33e6a1fd4670c5cbd7e542,13,259085519674661,259085533131236,259091528092438,13456575,6008417777
2,1,native,32,c95e42f5-ac56-4edb-9763-8f8a43a69aa5,c449948a808be748681fdc8a3da6f66295f62bf198c0c6d87ca72098ed02e4aa,owner-c449948a808be748681fdc8a3da6f66295f62bf198c0c6d87ca72098ed02e4aa,13,259085533904387,259085582047386,259091689028852,48142999,6155124465
2,1,native,32,770099e5-b069-4659-8059-aabaebb97210,10028b10b23ed1edac966104f0500332c97f07a29e5cf050bdbde34d37003442,owner-10028b10b23ed1edac966104f0500332c97f07a29e5cf050bdbde34d37003442,13,259085582754268,259085596216357,259091867430322,13462089,6284676054
2,1,native,32,f66229bb-a013-42da-b02e-f1a19afd807b,a3ae12fc4dfb8edd7789cc2e3c6e91196763062b4c0993be00572efec13c6136,owner-a3ae12fc4dfb8edd7789cc2e3c6e91196763062b4c0993be00572efec13c6136,13,259085596889592,259085609962293,259092039217979,13072701,6442328387
2,1,native,32,9e9bb0f0-6c38-4abd-8914-c3068dbbfb0f,69666b9be89043b97f42b6d3064c7307a86fedd922a1b5fcb0931748e8cc1506,owner-69666b9be89043b97f42b6d3064c7307a86fedd922a1b5fcb0931748e8cc1506,13,259085610458402,259085623608434,259092208330032,13150032,6597871630
2,1,native,32,078ae77a-9473-4ebd-a3d9-79678ecf6ad6,fa8f375145f8bb48631cac71277065ccebf96f7d02ea2d48aa268c6d95f076ab,owner-fa8f375145f8bb48631cac71277065ccebf96f7d02ea2d48aa268c6d95f076ab,13,259085624217728,259085677852915,259092396648382,53635187,6772430654
2,1,native,32,005c1ed7-8d5c-4e2f-9f0c-f52773bc14c7,b5de7cb2d551200d4a82400ec5496269ce653afa10665538f1241740e0e5ccfe,owner-b5de7cb2d551200d4a82400ec5496269ce653afa10665538f1241740e0e5ccfe,13,259085678482109,259085695768514,259092605532721,17286405,6927050612
2,1,native,32,99eec141-aa6b-49af-9906-e014a128e216,eaa1595c9502f6da751991cad016521845924390f4c81085c7d50e9086c09355,owner-eaa1595c9502f6da751991cad016521845924390f4c81085c7d50e9086c09355,13,259085696586823,259085712067274,259092809409024,15480451,7112822201
2,1,native,32,57ce628c-7028-4c4e-8c16-a0266fadce63,26f4fa4d30312358521a01ee8cf1d7c1402c16160fcfc9e9ea231a884b08381f,owner-26f4fa4d30312358521a01ee8cf1d7c1402c16160fcfc9e9ea231a884b08381f,14,259085713734200,259085729666765,259093034211568,15932565,7320477368
2,1,native,32,0e7a6ad6-6b5e-4367-9a50-e7701570af71,6bb44358d45caa1e4e5207d3bd407a111183101a992aaf276e03c6f4fb14ccbb,owner-6bb44358d45caa1e4e5207d3bd407a111183101a992aaf276e03c6f4fb14ccbb,13,259085730416918,259085780723131,259093257099177,50306213,7526682259
2,1,native,32,2af794ae-0c9a-416a-a6cd-df9936b20bd1,ee3b7d1238af0a2332a0bb4ca97a6459c799dd9265ba49d7df370025031c2259,owner-ee3b7d1238af0a2332a0bb4ca97a6459c799dd9265ba49d7df370025031c2259,13,259085781358857,259085796318861,259093449293301,14960004,7667934444
2,1,native,32,a5e5b89b-718d-437d-8c96-f0435efd67a4,08438f2c1aa62f92f87a0101938dca11d5f3872c1345d94fa5e43a13ab30f524,owner-08438f2c1aa62f92f87a0101938dca11d5f3872c1345d94fa5e43a13ab30f524,13,259085797091541,259085820385402,259093644877025,23293861,7847785484
2,1,native,32,482e5425-f24c-47ee-a276-0023dcba5b41,0ff690704e831bf24b52d7f093356ec5f08cdd64238df8b189bd3df1470532f5,owner-0ff690704e831bf24b52d7f093356ec5f08cdd64238df8b189bd3df1470532f5,13,259085821093092,259085839761448,259093821976092,18668356,8000883000
2,1,native,32,28ead3bb-c335-412b-a6e6-81e8485d7626,9a7533def59f9abdb14abd270720a1c17de6edad4ffe29893156b455ac2c7ce6,owner-9a7533def59f9abdb14abd270720a1c17de6edad4ffe29893156b455ac2c7ce6,13,259085840733738,259085881456406,259094030931998,40722668,8190198260
2,1,native,32,732f5a6b-f4d7-40e1-a4ba-f909e274d3cc,680152de833f19617e16dd4e970f94310d25441a12e02c20e2ef40af000304af,owner-680152de833f19617e16dd4e970f94310d25441a12e02c20e2ef40af000304af,13,259085882182808,259085944917383,259094206001896,62734575,8323819088
2,1,native,32,1215fce5-7f82-46d6-9d2c-9d2202ab5ac5,19e16c47b41bb2985fbb8e47cdfa5736e879856b66ffc186d3900c283aa60d96,owner-19e16c47b41bb2985fbb8e47cdfa5736e879856b66ffc186d3900c283aa60d96,13,259085945605275,259085967273571,259094429431137,21668296,8483825862
2,1,native,32,5cbfd022-899d-407c-aaaa-8665aa7089b8,08a86b9c80053d1961fbd3b5a920e2002825dcf711b45f86cfae1d4f15947c37,owner-08a86b9c80053d1961fbd3b5a920e2002825dcf711b45f86cfae1d4f15947c37,13,259085968153894,259085990058135,259094600262031,21904241,8632108137
2,1,native,32,a9bbcb24-9337-48f3-8aaa-69901443c31f,2a4af9bda9fff0b0eac8d81d82a8809b572d6ac0657ce10fe1eddbae45f6d1ec,owner-2a4af9bda9fff0b0eac8d81d82a8809b572d6ac0657ce10fe1eddbae45f6d1ec,13,259085990856394,259086026674892,259094816933972,35818498,8826077578
2,1,native,32,d0a6fad9-ae3b-4947-846b-fab7c7e000c2,17ea08b97adc53e8f7499717256b6e888f38bd9d5e9203cc01dd3ca1470e9364,owner-17ea08b97adc53e8f7499717256b6e888f38bd9d5e9203cc01dd3ca1470e9364,13,259086027523685,259086045992917,259095005598909,18469232,8978075224
2,1,native,32,34e3b6a7-2180-4d61-81f6-472e1c55ff52,a3ea0ef55c0459ef67d9678bcd46c51a313969386eb0255b86a98060cbc1b9f8,owner-a3ea0ef55c0459ef67d9678bcd46c51a313969386eb0255b86a98060cbc1b9f8,13,259086046709542,259086076984440,259095181126960,30274898,9134417418
2,1,native,32,14c4ebf2-c426-4220-bdac-a2b892cae185,9e448de96036849bd9ff181e4286ea1347c78ec9d6633439f03a33b9c0defea3,owner-9e448de96036849bd9ff181e4286ea1347c78ec9d6633439f03a33b9c0defea3,19,259086077571747,259086095534556,259095342048417,17962809,9264476670
2,2,native,1,16866366-0021-4efd-b080-2054e05d2d59,30d93c67fba3ec01232c8ef054a8ea7eb88dac5ea3553317b66f5bc5c0a92495,owner-30d93c67fba3ec01232c8ef054a8ea7eb88dac5ea3553317b66f5bc5c0a92495,13,259220766814838,259220781266600,259223068503608,14451762,2301688770
2,3,lsf,1,be1b4815-276a-4f6e-9f44-f9495a9c4969,4fdf3cabdcce00c051ab2b0611694533be38b5caff0ff9ee3ddc65476723d7f1,owner-4fdf3cabdcce00c051ab2b0611694533be38b5caff0ff9ee3ddc65476723d7f1,13,259229025579191,259229036656780,259231027695518,11077589,2002116327
2,4,lsf,8,8d02e4f3-20b1-44ce-8150-a81f0be76c19,09016b1ceffb2aafebc235a4f89e99a8a8df347ccce688b16639252ae26cf79a,owner-09016b1ceffb2aafebc235a4f89e99a8a8df347ccce688b16639252ae26cf79a,13,259238280190768,259238293899443,259240102466527,13708675,1822275759
2,5,native,8,d10d4013-d110-4a41-b222-5c83562b2693,1357dea1eef0200b4ddd5a5946649ccae1be6dcfba4e462d007ee284f19f7891,owner-1357dea1eef0200b4ddd5a5946649ccae1be6dcfba4e462d007ee284f19f7891,13,259248104177376,259248131849200,259250259517058,27671824,2155339682
2,5,native,8,26188f2e-0fe4-4be7-aae9-eb8cf65d9009,ae99e948a4b2be6af6462e232ef230f2210e5b9fb1b326912dff14cc027188e1,owner-ae99e948a4b2be6af6462e232ef230f2210e5b9fb1b326912dff14cc027188e1,13,259248132857830,259248172279948,259250427449622,39422118,2294591792
2,5,native,8,764cc099-5768-42be-ae79-499a8923fa24,78ede4ff475d39c9479f3ecac87fb9366ecc7c300c222888fc4647ed5454d73f,owner-78ede4ff475d39c9479f3ecac87fb9366ecc7c300c222888fc4647ed5454d73f,13,259248172806845,259248186372113,259250584538803,13565268,2411731958
2,5,native,8,bf564fa2-220d-45b9-9abf-a2c85df2804f,1a0aae8544359e6dc5a85883bdd4764791cc30756d8987774d2c443a2880499f,owner-1a0aae8544359e6dc5a85883bdd4764791cc30756d8987774d2c443a2880499f,13,259248187062011,259248203052094,259250765433197,15990083,2578371186
2,5,native,8,1cb25064-769c-4fc1-81df-e8495155f60f,c3b17e946ac7f0332eac9d9728669f36cace3031b27994a12936fd769f41978a,owner-c3b17e946ac7f0332eac9d9728669f36cace3031b27994a12936fd769f41978a,13,259248203495940,259248217439337,259250947505237,13943397,2744009297
2,5,native,8,183333a0-390f-415a-9f4a-034d9e68bfea,a24c36fd672033f84582965866af06528177b42f6a76fcc9d68c8a25bdf7336a,owner-a24c36fd672033f84582965866af06528177b42f6a76fcc9d68c8a25bdf7336a,13,259248218446274,259248234872567,259251134741655,16426293,2916295381
2,5,native,8,0323718f-6ddd-4e65-a88b-11bfd210c9d2,388fc7a36850611e807e2027b01f0ae1e77b966c6f4016cd74a241a090fa15ce,owner-388fc7a36850611e807e2027b01f0ae1e77b966c6f4016cd74a241a090fa15ce,13,259248235630674,259248282915096,259251335150864,47284422,3099520190
2,5,native,8,1faf8142-6737-4a81-8662-1df05cbad13a,339351dbee88bbc025a7764a687cb1e12980f9d98abe14756fcf54e91e09a313,owner-339351dbee88bbc025a7764a687cb1e12980f9d98abe14756fcf54e91e09a313,13,259248283713406,259248297317577,259251509515354,13604171,3225801948
3,0,native,1,92e2310c-6e0a-4ad1-b3d2-04a89f7755f0,1e7d2a81c7ff5d5c8486ca969d48024a5d79d8b8cd42ceb6e0aa22d3ebd25a59,owner-1e7d2a81c7ff5d5c8486ca969d48024a5d79d8b8cd42ceb6e0aa22d3ebd25a59,13,259288119450483,259288132735448,259290241385599,13284965,2121935116
3,1,lsf,1,a0dcf63d-a879-4a28-9e3d-d6d234ebd71e,eef4f8cfb1ae7e1d49a4f7e15f0f4f6aaa41f709fd0353a68e79329a84ff2935,owner-eef4f8cfb1ae7e1d49a4f7e15f0f4f6aaa41f709fd0353a68e79329a84ff2935,13,259296316438357,259296328284093,259298238268848,11845736,1921830491
3,2,lsf,8,6f188247-104d-4d9c-b306-4309294d4d4e,f4da17c1ab7f5c25075ecbebaad5de43ff88fe0dce4f05b07bfa41c0c8dec1be,owner-f4da17c1ab7f5c25075ecbebaad5de43ff88fe0dce4f05b07bfa41c0c8dec1be,13,259305523607579,259305535646572,259307386351490,12038993,1862743911
3,3,native,8,e0c05778-8182-41d4-a4f1-7bfee63e7511,172ce7f9b6491aba96807954c82c292875343440104e746a8e6b3d529a6861a9,owner-172ce7f9b6491aba96807954c82c292875343440104e746a8e6b3d529a6861a9,13,259315245192307,259315256552121,259317479236224,11359814,2234043917
3,3,native,8,88053625-7168-415f-8be3-69d588efa6ca,1b4c513ea3e84dd1ea9e9aeb91b4b2d572d0dd720a44fe0f45bce17220875306,owner-1b4c513ea3e84dd1ea9e9aeb91b4b2d572d0dd720a44fe0f45bce17220875306,13,259315257019560,259315280088129,259317693023678,23068569,2436004118
3,3,native,8,19724aba-b8a1-40a3-9c52-d206c4dd102d,97080f84a78eb1b0bad2f9e4e52c2eafa587a516cafe41ed5dda7c1506b42362,owner-97080f84a78eb1b0bad2f9e4e52c2eafa587a516cafe41ed5dda7c1506b42362,13,259315280588261,259315290978064,259317901440508,10389803,2620852247
3,3,native,8,cdb6855d-0eb2-4194-a5bd-7e5bf2212e12,f31ced16b3f6b7a871917c5dea54197b1a692400a66fe334fa99cbb1db0943e6,owner-f31ced16b3f6b7a871917c5dea54197b1a692400a66fe334fa99cbb1db0943e6,13,259315291543457,259315305607953,259318069699504,14064496,2778156047
3,3,native,8,24ba9796-e1d7-43f2-93ca-d5e1e65b9ac5,2df8307fbce359b1158f14f5bd95cbfee265a1c8e9e94fd021c56dd31a860824,owner-2df8307fbce359b1158f14f5bd95cbfee265a1c8e9e94fd021c56dd31a860824,13,259315306101569,259315319559729,259318279993082,13458160,2973891513
3,3,native,8,1b603a46-ca30-48d8-bdac-55bafb59232f,42f6a17a0e49d0e2427a0c86a363c2cb5fb78be0a15a6f94d2c885d3d83d6b05,owner-42f6a17a0e49d0e2427a0c86a363c2cb5fb78be0a15a6f94d2c885d3d83d6b05,13,259315320196024,259315332763876,259318480101184,12567852,3159905160
3,3,native,8,85e8c462-954f-4bec-ac08-4adeb6bed3fe,d7f3bbd264a85138724a35403229ddec9a5d62e90aa1fec92135286563c5b2db,owner-d7f3bbd264a85138724a35403229ddec9a5d62e90aa1fec92135286563c5b2db,13,259315333176755,259315381532914,259318666878449,48356159,3333701694
3,3,native,8,0339bd5a-ba19-4cff-b0ba-c1bdadc09a90,ed57564d5e35b2ebd828a6b8b271174009bf79350e07d5ac3e7dc99e04c52ba7,owner-ed57564d5e35b2ebd828a6b8b271174009bf79350e07d5ac3e7dc99e04c52ba7,13,259315382271374,259315397017105,259318819484540,14745731,3437213166
3,4,native,32,3418a3e1-27c3-443f-81af-56c1d8ea43e6,e61f282df1d60b15dc803a6b4ae6e701ca5df59dd98972c32be18779b88793e6,owner-e61f282df1d60b15dc803a6b4ae6e701ca5df59dd98972c32be18779b88793e6,13,259354047850351,259354062560163,259356646590281,14709812,2598739930
3,4,native,32,e3d24f82-4a02-411e-ab73-4ee76b40a6c9,b6f985abcdabc7c622b32405e0db585dc5a6431b3ce77affa71cf5211acf2d91,owner-b6f985abcdabc7c622b32405e0db585dc5a6431b3ce77affa71cf5211acf2d91,14,259354063001645,259354080059867,259357892584062,17058222,3829582417
3,4,native,32,2d3fc9a3-d08c-4cc3-ba2b-163d0dd2fc39,7e1528af38efed2909bec9762cdd75537a81ac2d54a03a8cca87bd75d512f3d6,owner-7e1528af38efed2909bec9762cdd75537a81ac2d54a03a8cca87bd75d512f3d6,13,259354080595966,259354179565885,259358183606310,98969919,4103010344
3,4,native,32,1a64b6e5-317b-4c32-94ea-40443bcecf55,e334078c5758da2e0102070677ea1926e86385ba4f9410377af048d531209407,owner-e334078c5758da2e0102070677ea1926e86385ba4f9410377af048d531209407,13,259354180276765,259354194297360,259358385544503,14020595,4205267738
3,4,native,32,c744875b-1d31-4243-8514-8f10c6ecfe04,59727a1e57ae2cdb1f95315ca92e7bb04ef0ee7addca80b4bd81a6b5644ea66a,owner-59727a1e57ae2cdb1f95315ca92e7bb04ef0ee7addca80b4bd81a6b5644ea66a,13,259354194766901,259354273197089,259358605880948,78430188,4411114047
3,4,native,32,c6187da7-3f7c-4744-8de1-08f151b42ce6,064e7e26199dcc99cc043e83301f6398bf3ff2f04cb172b425ebb66557e07421,owner-064e7e26199dcc99cc043e83301f6398bf3ff2f04cb172b425ebb66557e07421,13,259354274575630,259354288987070,259358847363734,14411440,4572788104
3,4,native,32,f650a608-e1bc-44d3-b39a-872f55118c9e,d58a0abbe976807190f4f387d006c376a666ee881ca7fc3897449a1a0b363bd5,owner-d58a0abbe976807190f4f387d006c376a666ee881ca7fc3897449a1a0b363bd5,13,259354289532994,259354304111222,259359055315088,14578228,4765782094
3,4,native,32,ed4fa2cf-ad41-40ac-be9c-d877e654a10c,bd2db2bd21f8ed48400ead535c6a1d12e7e3630cf14a618b0cdf27dedbc19d06,owner-bd2db2bd21f8ed48400ead535c6a1d12e7e3630cf14a618b0cdf27dedbc19d06,13,259354304640907,259354319393075,259359250744370,14752168,4946103463
3,4,native,32,ba8f3801-4cc1-4538-ac59-c723f446c6cc,83b9bc0e0c2e4fb81f5f6f25489ef69cb8356e133981e98c44ad349b50da8b4c,owner-83b9bc0e0c2e4fb81f5f6f25489ef69cb8356e133981e98c44ad349b50da8b4c,13,259354319912787,259354332729838,259359427111819,12817051,5107199032
3,4,native,32,d7f535b2-057a-4ba0-bf21-c87afcfa1201,57ebf1dc47e0eb10a7b38545b4c2bbf680936480b60281729dee1aa221533f23,owner-57ebf1dc47e0eb10a7b38545b4c2bbf680936480b60281729dee1aa221533f23,13,259354333351655,259354379087126,259359604403957,45735471,5271052302
3,4,native,32,7cbb6a99-5a7e-41b9-89aa-c8044d91eb25,0495f4613cd4c22a6fc407c345302da1c8dfabf17ff75fc455363487ef6b2be9,owner-0495f4613cd4c22a6fc407c345302da1c8dfabf17ff75fc455363487ef6b2be9,13,259354379557019,259354391507313,259359760273570,11950294,5380716551
3,4,native,32,361f6f5c-045d-45a3-85f5-61754eeeedaf,8f4480838bd62e790a643d06db21144bb0fdbe9e6d49ac69df9e7cf47b432a75,owner-8f4480838bd62e790a643d06db21144bb0fdbe9e6d49ac69df9e7cf47b432a75,13,259354392287307,259354407428856,259359960082096,15141549,5567794789
3,4,native,32,0766f7d6-58dc-4f76-997c-97ebe161b440,5d106af588f41fd693809d865bfae4fe78c89fdb3d17b026193bffbfa3030960,owner-5d106af588f41fd693809d865bfae4fe78c89fdb3d17b026193bffbfa3030960,13,259354408095001,259354423843591,259360148321724,15748590,5740226723
3,4,native,32,2d029ed6-380b-47b0-9910-d4f12f4c4977,e2382de7e301dee2a696f867d596dae7398488fa411248932afb53e672531ed7,owner-e2382de7e301dee2a696f867d596dae7398488fa411248932afb53e672531ed7,13,259354424662629,259354472869222,259360314003498,48206593,5889340869
3,4,native,32,036b3852-1440-4a86-8f99-2a95443ab036,6381ea6173691a73250142c8ef494a38f347dbc78de34dc512bec8b2727007e7,owner-6381ea6173691a73250142c8ef494a38f347dbc78de34dc512bec8b2727007e7,13,259354473359469,259354490292511,259360490679521,16933042,6017320052
3,4,native,32,288950c6-4cd1-4314-aa5c-b4f34bdff2ce,10d860b9ead5a56e73521d86dcc137dd766480b2d94c61273b2923c091642733,owner-10d860b9ead5a56e73521d86dcc137dd766480b2d94c61273b2923c091642733,14,259354490976649,259354505073078,259360681607088,14096429,6190630439
3,4,native,32,d11dcd14-257d-4489-bb75-ad29f8262433,9cd1c2151710452a2759b440af7b31086a79978b89a4751772429cea17173b26,owner-9cd1c2151710452a2759b440af7b31086a79978b89a4751772429cea17173b26,13,259354505661667,259354519856436,259360869360841,14194769,6363699174
3,4,native,32,c540a881-1b53-4b0e-8c2e-8af88b2e9785,590a0105b047665e6694187128e82cf6589ee52ce05de186da944ee187898a7d,owner-590a0105b047665e6694187128e82cf6589ee52ce05de186da944ee187898a7d,13,259354520554873,259354576623036,259361047585207,56068163,6527030334
3,4,native,32,5d11f1e0-1b9b-490c-8e22-d019a5eb4901,7676bab6e509926b22f0c107f1b5062a5a749043046f86965eb96aa7c852479b,owner-7676bab6e509926b22f0c107f1b5062a5a749043046f86965eb96aa7c852479b,13,259354577796469,259354594131685,259361243617972,16335216,6665821503
3,4,native,32,261187fe-fe3f-4b8e-9bd1-3b3f12291e4d,ad6c5663c8e2b449e15709175d694ed5f167d9049cd024c5238f19cd9a99e3a4,owner-ad6c5663c8e2b449e15709175d694ed5f167d9049cd024c5238f19cd9a99e3a4,13,259354595146159,259354609078374,259361410478122,13932215,6815331963
3,4,native,32,50a79647-51bb-4ebb-9187-066ce1edfdad,fa58632a4b4afff35a240f21dc52e626420e6d6527cd4b77d65d567c0f5dfa1f,owner-fa58632a4b4afff35a240f21dc52e626420e6d6527cd4b77d65d567c0f5dfa1f,13,259354609828716,259354623541956,259361595539636,13713240,6985710920
3,4,native,32,97e59649-a781-412f-9d88-d81897b70528,d8690d68b34b45688272b6ecb295e0d518786bbff0a0a73a7aea314cec166efb,owner-d8690d68b34b45688272b6ecb295e0d518786bbff0a0a73a7aea314cec166efb,13,259354625841355,259354672192872,259361820834609,46351517,7194993254
3,4,native,32,40d2ccd3-7aea-486c-ac6d-dd1eb74ea9e8,00e4a093bd86119aece498636a979905c36aca2417e6a798d9e2b7f6d3143801,owner-00e4a093bd86119aece498636a979905c36aca2417e6a798d9e2b7f6d3143801,13,259354673349833,259354690988753,259361974754851,17638920,7301405018
3,4,native,32,eb7b04d3-e251-4e39-a5c7-1a3d55c520fd,7c86c255425eb4a643901c26d6d59ff3e19a002996a172154db3f6509aef4c29,owner-7c86c255425eb4a643901c26d6d59ff3e19a002996a172154db3f6509aef4c29,13,259354691499001,259354705198182,259362159775944,13699181,7468276943
3,4,native,32,381f65e8-597b-4005-8248-98b964717296,a0a4ded77df6360f3414a801b7d818b5c81c2af37da0629f7da29095a656acef,owner-a0a4ded77df6360f3414a801b7d818b5c81c2af37da0629f7da29095a656acef,13,259354705849668,259354723076991,259362330967494,17227323,7625117826
3,4,native,32,af25a2fa-ab8b-46ba-a924-33c82c54ec81,e0994ea6556dab03445132e9c24104649a47c4a5b1bf61f2aac4117c3510821c,owner-e0994ea6556dab03445132e9c24104649a47c4a5b1bf61f2aac4117c3510821c,12,259354723668188,259354776783559,259362532783092,53115371,7809114904
3,4,native,32,5e120142-33df-425f-83e7-93ea7582a5d5,a091e7f399c86ec8474c276e3fecafa8c32205b793e8a86e57d74b3bb90623fc,owner-a091e7f399c86ec8474c276e3fecafa8c32205b793e8a86e57d74b3bb90623fc,13,259354777839452,259354791067866,259362708078668,13228414,7930239216
3,4,native,32,e4762a1a-3b75-4e99-b0d7-1fc68bb8e5f3,620fe9a0bebfab98dc5115d6c67f6820551b91997d2bbc73796f26fd4725ee4f,owner-620fe9a0bebfab98dc5115d6c67f6820551b91997d2bbc73796f26fd4725ee4f,13,259354791807397,259354809918067,259362951891685,18110670,8160084288
3,4,native,32,c9770e5b-38e1-494f-8ef6-6a862ff3aa3c,6c84891f83e08e29da5b924926521275f820eca5f852c094210d877b77b8e10d,owner-6c84891f83e08e29da5b924926521275f820eca5f852c094210d877b77b8e10d,13,259354810711629,259354829078730,259363138433560,18367101,8327721931
3,4,native,32,9de4b7d2-2997-4420-808d-c0894f05b682,63180e2ac8cf189c0ba1b1e49175a39cec0b1206b2dd8ec2af80051fa14ac239,owner-63180e2ac8cf189c0ba1b1e49175a39cec0b1206b2dd8ec2af80051fa14ac239,13,259354830437944,259354873142318,259363328795399,42704374,8498357455
3,4,native,32,9478d696-1f90-4216-8585-67bcd7fa223a,2bc724d62f74ae4ea4f3ee9df22f3f3df291314343312e3a3567c5a16c205ba8,owner-2bc724d62f74ae4ea4f3ee9df22f3f3df291314343312e3a3567c5a16c205ba8,12,259354873870384,259354894082283,259363514806050,20211899,8640935666
3,4,native,32,26edec05-1206-423e-8abf-c510f7389efa,33ea98bcdd7304bd60dbad320bf1202f3e42cdc08c31fb06a1a1803b2e2d85f2,owner-33ea98bcdd7304bd60dbad320bf1202f3e42cdc08c31fb06a1a1803b2e2d85f2,13,259354894894903,259354913947423,259363677828540,19052520,8782933637
3,5,lsf,32,c737cb48-dc17-4c35-99e6-40c1928f6b92,e54f3081d0ef413902d29a99ce48e65ca43e0cedc570e2ccd7da0f75127224be,owner-e54f3081d0ef413902d29a99ce48e65ca43e0cedc570e2ccd7da0f75127224be,13,259489877222830,259489891396534,259492244902682,14173704,2367679852
4,0,lsf,8,5da7ba1d-3ef5-476e-8f4d-b9139890de12,9567b570df700aae00ed9d43d130ae0b7b216fb35dd77129424b443406d81b5e,owner-9567b570df700aae00ed9d43d130ae0b7b216fb35dd77129424b443406d81b5e,13,259504496839354,259504509434783,259506183988484,12595429,1687149130
4,1,native,8,6e29678a-7de6-4cfe-a852-8166ae560bf7,ff590db6b6d429b2283daffe0c3dc451f1c2a3219ef1d618e73c9e7be3e855e1,owner-ff590db6b6d429b2283daffe0c3dc451f1c2a3219ef1d618e73c9e7be3e855e1,13,259514293853928,259514304991595,259516348177547,11137667,2054323619
4,1,native,8,691dace5-eb58-4be1-897c-c47bdb83b823,5c6b12c1cdc55c09e95f7e3eed29d2b399a15c6d3c0254c412a58babe166852a,owner-5c6b12c1cdc55c09e95f7e3eed29d2b399a15c6d3c0254c412a58babe166852a,13,259514305453302,259514317743646,259516547120813,12290344,2241667511
4,1,native,8,3d12aae5-9591-4d79-98cf-f44b9bf37e23,7a1bdf97c2494ccb2cae9b28aefbe3f2bb3eec26976d73b5478bff7989935745,owner-7a1bdf97c2494ccb2cae9b28aefbe3f2bb3eec26976d73b5478bff7989935745,13,259514318491668,259514329645776,259516703047163,11154108,2384555495
4,1,native,8,e156946e-cea5-4701-9071-b0ff20ecfb38,74005bcb85acbb7f36ea21c84e0815ae5c0a6e591e779629dbfabd6e17e5d51e,owner-74005bcb85acbb7f36ea21c84e0815ae5c0a6e591e779629dbfabd6e17e5d51e,13,259514330191806,259514343449600,259516914995315,13257794,2584803509
4,1,native,8,f3ee9961-1a95-4784-b871-dcf7c0f78e6d,7dbb02130cb88121ccf0b5d01a9c384b6ff713540de12611fa1840051bb42c98,owner-7dbb02130cb88121ccf0b5d01a9c384b6ff713540de12611fa1840051bb42c98,13,259514343982942,259514374642105,259517132852575,30659163,2788869633
4,1,native,8,c7b834a7-f297-4702-99f9-23929c0c01f1,e5907e25c16db1d865dd4b8a0a3b5fec75c62e07e9e3c9dc6c0c3947f67f7ee7,owner-e5907e25c16db1d865dd4b8a0a3b5fec75c62e07e9e3c9dc6c0c3947f67f7ee7,13,259514375210376,259514388436905,259517344140794,13226529,2968930418
4,1,native,8,33e4fe06-17a7-4897-8bde-0e6826651196,68888abfe6c3350c88b99f6f0608a10cccf55bdc1e1be0169fa6b451491a6382,owner-68888abfe6c3350c88b99f6f0608a10cccf55bdc1e1be0169fa6b451491a6382,13,259514389070531,259514404289318,259517535249632,15218787,3146179101
4,1,native,8,d96a6d2f-2083-4b0b-98e0-053e549a25b1,809000b8fff550e11b9b3e4431ff1722b9a3b79fb7bde41cddbc3503a8b3a00d,owner-809000b8fff550e11b9b3e4431ff1722b9a3b79fb7bde41cddbc3503a8b3a00d,13,259514404810349,259514416697487,259517726039947,11887138,3321229598
4,2,native,32,e6b7bfcd-aca5-4f8a-b269-e4fa2b6e3562,1b4d25c6feeb30ea0f5d5359e7889ecdc8cc3bbce52de058687c5783e2fb1aa5,owner-1b4d25c6feeb30ea0f5d5359e7889ecdc8cc3bbce52de058687c5783e2fb1aa5,13,259554218628863,259554232297586,259557772089949,13668723,3553461086
4,2,native,32,a62eeb27-b432-4c26-b47b-7faf20f237db,8bca79aac9584aa0f2410a1db27ce2478e60cda2234cdfe58e8624b00a11a456,owner-8bca79aac9584aa0f2410a1db27ce2478e60cda2234cdfe58e8624b00a11a456,13,259554232749869,259554245718591,259558055450121,12968722,3822700252
4,2,native,32,5526cc0e-751e-4d10-87ef-7924cb960b10,bac8e472b1f385c748c41db39573eee9e59aff96da875a3bf4433a82e3c857af,owner-bac8e472b1f385c748c41db39573eee9e59aff96da875a3bf4433a82e3c857af,14,259554246193132,259554279800436,259558305856950,33607304,4059663818
4,2,native,32,0a0c1dcf-2721-4101-9ff9-ee24d15cbc12,d951b2c63f280983920269a8b3711d41135414e82aae4f3d4462d76369ce5d6a,owner-d951b2c63f280983920269a8b3711d41135414e82aae4f3d4462d76369ce5d6a,13,259554280495469,259554297332916,259558552469694,16837447,4271974225
4,2,native,32,cb0d4fcd-24e6-4bd2-b774-c6a5cb74fc5d,1b3702a5d832db58d2626116be98b26207f8db588033c3e57088a0de37b91130,owner-1b3702a5d832db58d2626116be98b26207f8db588033c3e57088a0de37b91130,13,259554297846061,259554310587139,259558734072779,12741078,4436226718
4,2,native,32,79001d9d-364e-4502-8833-d58c0c162d08,c4d3c5bbac788d1215c4b10a770174cd76768e917f8a35eff06967af4e0ef0a6,owner-c4d3c5bbac788d1215c4b10a770174cd76768e917f8a35eff06967af4e0ef0a6,13,259554311118792,259554325694575,259558918646967,14575783,4607528175
4,2,native,32,c75837cf-60bc-4e86-afdd-ba207beef4e1,8d90be3bc41c3b589c14a471383c8695ece8678172f1f60ae926d94be71e6618,owner-8d90be3bc41c3b589c14a471383c8695ece8678172f1f60ae926d94be71e6618,13,259554326175485,259554378072353,259559134744900,51896868,4808569415
4,2,native,32,39414bab-79c4-472f-b317-f417fc62ba97,56882296500117c649c6e6351481e522a3eb5c69814d33870ccb12e8c33055dc,owner-56882296500117c649c6e6351481e522a3eb5c69814d33870ccb12e8c33055dc,13,259554378630726,259554391468342,259559350933104,12837616,4972302378
4,2,native,32,69fe5830-50c4-4bd1-b089-83509fb5ece0,1db2e76f15cf8caae384c0d7c49c0ad2e594d39f95ebf414b859851174abfcae,owner-1db2e76f15cf8caae384c0d7c49c0ad2e594d39f95ebf414b859851174abfcae,14,259554392516626,259554404987801,259559523900399,12471175,5131383773
4,2,native,32,4eeb9aba-8a58-436d-8490-4caf23b9914e,eca433b441c187a7b322ce21834cd917ce98e7fdcbe7f2ec70d3123581b490a3,owner-eca433b441c187a7b322ce21834cd917ce98e7fdcbe7f2ec70d3123581b490a3,14,259554405480975,259554423819697,259559740115822,18338722,5334634847
4,2,native,32,b5f8310d-c0ab-4a22-a405-1422cf23d96a,0c92c9e0b1dcfa672c17cd6f794f63543990b323da1b02db306d066a53a87d66,owner-0c92c9e0b1dcfa672c17cd6f794f63543990b323da1b02db306d066a53a87d66,13,259554424385879,259554477261670,259559958563595,52875791,5534177716
4,2,native,32,f0e70bce-dd28-4c5a-ae42-7d3960ea119d,e66e1893a0f55bb7a3db3e7f0e9a1b80255ad6e71a63eff84ea9f75c5b9e182b,owner-e66e1893a0f55bb7a3db3e7f0e9a1b80255ad6e71a63eff84ea9f75c5b9e182b,13,259554477822490,259554490723500,259560160345158,12901010,5682522668
4,2,native,32,2c933abc-fa47-4a95-a237-13dcae93da1d,7dc14e51aa96fefb4a9f495f4e4256e5428aec4c825c311ff6c74c855aaaa34e,owner-7dc14e51aa96fefb4a9f495f4e4256e5428aec4c825c311ff6c74c855aaaa34e,13,259554491382589,259554503854695,259560333853797,12472106,5842471208
4,2,native,32,5702e910-0836-4284-b552-fce1a026e2b8,3604a9a6e1b8e503fc19462da3f6ced73363e5f6355bf364edf689774a65e14f,owner-3604a9a6e1b8e503fc19462da3f6ced73363e5f6355bf364edf689774a65e14f,14,259554504492727,259554517885002,259560505710828,13392275,6001218101
4,2,native,32,a59d7301-c0dd-4e45-b05e-3cc8cde1e8a6,e11dec7c2ca8acd9a53232744250b7729b3efbf3d34114dc605ca26995bafaa6,owner-e11dec7c2ca8acd9a53232744250b7729b3efbf3d34114dc605ca26995bafaa6,13,259554518377302,259554530135804,259560716653267,11758502,6198275965
4,2,native,32,18971e81-8bf0-407a-9938-c2418ee08a01,13deb191d9973f498c5d15f3eca57bcc64e82baadddaa2adce222fc0d249f9b6,owner-13deb191d9973f498c5d15f3eca57bcc64e82baadddaa2adce222fc0d249f9b6,13,259554530584370,259554577832982,259560893896617,47248612,6363312247
4,2,native,32,efd93a7b-2f76-4b1b-9c4c-7383d48a16e8,536a3c0bb9651fc7a8b5a4abbf596db3c764ef49befe44db73a732b9a6f3df15,owner-536a3c0bb9651fc7a8b5a4abbf596db3c764ef49befe44db73a732b9a6f3df15,13,259554578325100,259554595984945,259561132159025,17659845,6553833925
4,2,native,32,9f646cb5-15bc-4690-be3a-3ea30aadf2d3,7174de76b882dcc2ac20c1a27e18b1d5cfd77831ab8022ee2a1998bc5e22b5dd,owner-7174de76b882dcc2ac20c1a27e18b1d5cfd77831ab8022ee2a1998bc5e22b5dd,13,259554596789599,259554617249713,259561391100497,20460114,6794310898
4,2,native,32,594b5208-b0ae-472f-98a2-98020a71c038,54339f19f8ca96374dc90fde258093c0b7c93ff3eb45614d58812b6f5e880262,owner-54339f19f8ca96374dc90fde258093c0b7c93ff3eb45614d58812b6f5e880262,12,259554618138936,259554636181185,259561705585151,18042249,7087446215
4,2,native,32,1ec8884c-24de-4b3f-85eb-4edb60700bdd,9eaa1cb72ea3484d3b2e802e0109115b757d3e49553d8121e98e8a0d54c43bd8,owner-9eaa1cb72ea3484d3b2e802e0109115b757d3e49553d8121e98e8a0d54c43bd8,13,259554636849563,259554680521576,259561953391492,43672013,7316541929
4,2,native,32,dab6f9dc-c94b-43dc-bbf3-9dabe68ea61e,1babcc3fc37179a613ecb023eb1b79d5a465359a7cca87e7502245995cbebd3e,owner-1babcc3fc37179a613ecb023eb1b79d5a465359a7cca87e7502245995cbebd3e,13,259554681276870,259554701928623,259562195240743,20651753,7513963873
4,2,native,32,79183feb-21d2-4410-b5ec-f7867f477d94,87f098facdf75ac0bf680d9d480447a6f9489bcecc10f4a823c990810968726d,owner-87f098facdf75ac0bf680d9d480447a6f9489bcecc10f4a823c990810968726d,13,259554702606001,259554722287230,259562470641848,19681229,7768035847
4,2,native,32,3e5406b0-12ae-4110-b916-972369453fbf,5e64deda670cf74849b99141bfc5119c04ce7a038e5103b76c71048d60ab0772,owner-5e64deda670cf74849b99141bfc5119c04ce7a038e5103b76c71048d60ab0772,13,259554723523647,259554742132392,259562729827809,18608745,8006304162
4,2,native,32,03b1476e-5deb-4b80-8a1e-8a298d3177f1,f84cc3ab5ea1ef75b4ad457d2469af65a5a1b0e22e83cd6f8c3180329975d588,owner-f84cc3ab5ea1ef75b4ad457d2469af65a5a1b0e22e83cd6f8c3180329975d588,13,259554742858770,259554787644637,259562919175293,44785867,8176316523
4,2,native,32,d8070749-30c5-43c9-9ac9-2a54e8b450c0,e1dc0b8199a06656f54bc1e26ee60f090da61468126465cdfa0d534d1f4ae983,owner-e1dc0b8199a06656f54bc1e26ee60f090da61468126465cdfa0d534d1f4ae983,13,259554788588276,259554809310950,259563086940596,20722674,8298352320
4,2,native,32,45bd6de4-aab2-43e6-b566-56dbb571f0f5,554bdaa64da9df4bf8c147f063ff5d77d034b7e71e8ff5062e96ebe9769d845b,owner-554bdaa64da9df4bf8c147f063ff5d77d034b7e71e8ff5062e96ebe9769d845b,13,259554810821516,259554822873338,259563287238552,12051822,8476417036
4,2,native,32,37c8c76f-7bb8-47a0-a964-849f0a2ddde5,add1255cbdb5eff3b9c909660688d323bc9c0b9e6e825d88ca09271ab98dce07,owner-add1255cbdb5eff3b9c909660688d323bc9c0b9e6e825d88ca09271ab98dce07,13,259554823566949,259554872702489,259563491808180,49135540,8668241231
4,2,native,32,a37b9005-fb14-4566-afa4-a7526c14f285,4ce6cf73b4d359e43492bb2bbc5e908a952b6c2df0e362cb8dd2ef263c62c14f,owner-4ce6cf73b4d359e43492bb2bbc5e908a952b6c2df0e362cb8dd2ef263c62c14f,13,259554873407376,259554891270670,259563679169410,17863294,8805762034
4,2,native,32,19a8f9b4-39e3-4bc6-84fb-cd4ed641aab9,7a42eb1104c22384305600e2e0d1c053b056a5146ca8e669300d73d60c9cc75f,owner-7a42eb1104c22384305600e2e0d1c053b056a5146ca8e669300d73d60c9cc75f,13,259554891940280,259554912352133,259563850892571,20411853,8958952291
4,2,native,32,888d49bd-c46b-4bf9-8299-b4f6de74b545,99cbd12b5c4e42b5d577f23e8dc1e3a2959e241189fa637e2384cd6f84d2be46,owner-99cbd12b5c4e42b5d577f23e8dc1e3a2959e241189fa637e2384cd6f84d2be46,13,259554913824881,259554933419019,259564046847226,19594138,9133022345
4,2,native,32,a2ecab67-254d-473d-8e5e-baad09bc0d9b,fe8d64ddcaddcffcc6f4547a02aae08a52a6509c696e25bd0755cbf359e23025,owner-fe8d64ddcaddcffcc6f4547a02aae08a52a6509c696e25bd0755cbf359e23025,14,259554934128911,259554972503866,259564240842926,38374955,9306714015
4,2,native,32,36fda040-d00c-4a6d-bff2-8a9847c51dcd,d42e41fea4f1ef3b3e8574d162f68e4588edecb0bbda2634b8c6831a9b7f680c,owner-d42e41fea4f1ef3b3e8574d162f68e4588edecb0bbda2634b8c6831a9b7f680c,12,259554973108638,259554988462547,259564444297687,15353909,9471189049
4,3,lsf,32,af81389f-ec1d-481a-b301-d66beeb386f5,d78a5b79b206e7ee3be0124571b547c7d4a9342f554da90740b1e60e6a78d36a,owner-d78a5b79b206e7ee3be0124571b547c7d4a9342f554da90740b1e60e6a78d36a,13,259690040272781,259690054874964,259692215292070,14602183,2175019289
4,4,lsf,1,a5333e79-9b9e-497a-90bc-3d1bb846b6b4,00c107ef275e2108665b832c89ba2c8517653c60e9d36954153fa53c3a048a10,owner-00c107ef275e2108665b832c89ba2c8517653c60e9d36954153fa53c3a048a10,13,259701432348824,259701446317826,259703259468288,13969002,1827119464
4,5,native,1,b9149cd1-c36b-4813-b198-ccdbd2907ada,122aa96e9c6764ae46e07b526a7a165e048423584b105e0d50496f86e458bb8f,owner-122aa96e9c6764ae46e07b526a7a165e048423584b105e0d50496f86e458bb8f,13,259710576509383,259710588545996,259712165919409,12036613,1589410026
5,0,native,32,4f4829d8-4bde-493e-8001-9c0902c04abd,a13a238111f760b06c6428b28c971dc209e16d9a04a6b660c3e07356b1ad7985,owner-a13a238111f760b06c6428b28c971dc209e16d9a04a6b660c3e07356b1ad7985,13,259726637768576,259726649115427,259730013447273,11346851,3375678697
5,0,native,32,bb85e029-6d9a-49d9-8ee0-0a2c737d2dc7,5fb49c05f99460ee671dec28a90eea78e1098d99313a901ce4fb6536daafb0ea,owner-5fb49c05f99460ee671dec28a90eea78e1098d99313a901ce4fb6536daafb0ea,13,259726649655629,259726672522536,259730658777739,22866907,4009122110
5,0,native,32,45019aad-5490-4098-a3db-161e404821eb,7ae4da794d2f20223c313dd33dcc480c583690e88b4b74586b29bb0957e4051f,owner-7ae4da794d2f20223c313dd33dcc480c583690e88b4b74586b29bb0957e4051f,14,259726673146498,259726685037662,259730836563492,11891164,4163416994
5,0,native,32,e63843d2-a856-492e-95aa-0dc146446450,1bbdf0b2f80c1d9e82d252cef228f38a74dd7d0c736162f75300df044f6f03b6,owner-1bbdf0b2f80c1d9e82d252cef228f38a74dd7d0c736162f75300df044f6f03b6,13,259726685505139,259726701342499,259731112344030,15837360,4426838891
5,0,native,32,3c48ae42-e6a8-49b1-8eb9-49b43100839c,a4cb3c9396ee05491a54dc5a82d626bcf6eca415ec1166a68d59bb4214534ccd,owner-a4cb3c9396ee05491a54dc5a82d626bcf6eca415ec1166a68d59bb4214534ccd,13,259726701989074,259726720705223,259731272798875,18716149,4570809801
5,0,native,32,5856b077-51ce-4c4b-a48e-98c926adc22d,5d4c72e5bb8b7f6d6258fe8ceefcab889f87cdbfaf35518cb9e7484223ea2977,owner-5d4c72e5bb8b7f6d6258fe8ceefcab889f87cdbfaf35518cb9e7484223ea2977,13,259726721181222,259726734370959,259731480036574,13189737,4758855352
5,0,native,32,27bd9ad7-65f5-48f2-bfa5-32f3387ba76d,3c45451db0f2e22de9eb23d3e5990517bbdefd3a619af73540fe8228a692550d,owner-3c45451db0f2e22de9eb23d3e5990517bbdefd3a619af73540fe8228a692550d,14,259726735014434,259726776596924,259731679151018,41582490,4944136584
5,0,native,32,dca73881-4530-4f01-990d-880c6a8e5f31,63ae77ccea4eba2ba9652abcd8257229e6a7b74f0bed0dcf336c070bb75fae50,owner-63ae77ccea4eba2ba9652abcd8257229e6a7b74f0bed0dcf336c070bb75fae50,13,259726777386097,259726788946403,259731871703261,11560306,5094317164
5,0,native,32,ccd9aa2d-541c-462e-b66e-a68b257479d8,de8a66e7336fb545176030d26b445fcf997f5b8dc42e491bb21801ace2ade16d,owner-de8a66e7336fb545176030d26b445fcf997f5b8dc42e491bb21801ace2ade16d,14,259726789438375,259726804047231,259732058286592,14608856,5268848217
5,0,native,32,42d4b31b-0e3a-4fe0-9759-9d4c4e0867c4,d0dacae94df5b2d7fed84509945cc1cad1960e981c9c73b34b06037d39cb3b04,owner-d0dacae94df5b2d7fed84509945cc1cad1960e981c9c73b34b06037d39cb3b04,13,259726804886209,259726819624389,259732268422792,14738180,5463536583
5,0,native,32,52f668fa-8d7b-4df6-a057-093e261c52e0,1d69287beb31b4e564cd0e7cc16e1161c2674cd001cd09cc0b1a311d4e0e8eda,owner-1d69287beb31b4e564cd0e7cc16e1161c2674cd001cd09cc0b1a311d4e0e8eda,13,259726820615579,259726836899022,259732444951786,16283443,5624336207
5,0,native,32,e769d3eb-9f4f-4e2b-9ae6-07c001e4ece1,8b63f86ba98b0767f657d4a22a39302e40ee5768fa2e0fdfc16dc4dcaebe7175,owner-8b63f86ba98b0767f657d4a22a39302e40ee5768fa2e0fdfc16dc4dcaebe7175,13,259726837412940,259726883910432,259732598439619,46497492,5761026679
5,0,native,32,ed45e045-7526-475e-838e-b722e7ed5c75,a479bf16877585f7a807630d8e53e126de452e717ff76ded62a7976e22b5d1dd,owner-a479bf16877585f7a807630d8e53e126de452e717ff76ded62a7976e22b5d1dd,14,259726884499623,259726896842265,259732762778709,12342642,5878279086
5,0,native,32,85895b3d-9b2c-421f-9739-69edaea7aac1,3ddb2f7305fbae2340dbeb9e0bf90df944e44ea2779fc3b022f9f5cf8fb01aea,owner-3ddb2f7305fbae2340dbeb9e0bf90df944e44ea2779fc3b022f9f5cf8fb01aea,13,259726897563217,259726913471338,259732944584214,15908121,6047020997
5,0,native,32,629bb04a-b9de-4fa7-ace7-2e02ea94098e,ade96d8ff2e0a6082231162abd44ef4862dafafa3d9f7095ed96f94ad688cd11,owner-ade96d8ff2e0a6082231162abd44ef4862dafafa3d9f7095ed96f94ad688cd11,13,259726914151443,259726930822344,259733111940468,16670901,6197789025
5,0,native,32,ee3f69e7-68c9-450a-a9eb-048fd3c75f9a,226b6658166a20b52bdcd79af84fa67634b404c3fdea7643f553cafa1b3ccf68,owner-226b6658166a20b52bdcd79af84fa67634b404c3fdea7643f553cafa1b3ccf68,13,259726931406368,259726985754705,259733307217706,54348337,6375811338
5,0,native,32,e8e077eb-e95f-401e-8680-18d575684f7e,b256d2e19be29819b8a73215c59f250e42624157079c5dd7a029dbbfd6d2c5ec,owner-b256d2e19be29819b8a73215c59f250e42624157079c5dd7a029dbbfd6d2c5ec,13,259726986351591,259727002937529,259733515221376,16585938,6528869785
5,0,native,32,703af69d-234e-45d7-abd5-4f35b1626828,0240fc60fe5e98259139f66fcfcc0184665a599414ddd981bfdec2c66cd01688,owner-0240fc60fe5e98259139f66fcfcc0184665a599414ddd981bfdec2c66cd01688,13,259727003547783,259727022191945,259733743562547,18644162,6740014764
5,0,native,32,b8b35ad5-60f3-4360-8e51-5cbc56f360bf,4368232a4959f36537f1aac2f5f7207de640f012432c248cd9b9d62a10fc81a2,owner-4368232a4959f36537f1aac2f5f7207de640f012432c248cd9b9d62a10fc81a2,13,259727022812346,259727038241830,259733919022799,15429484,6896210453
5,0,native,32,cd2c9010-7af9-41de-922e-86c467b0e472,2ea24a01334fe9899f8d2172e6f73df759bf28f337582d107625efa35f4b43b7,owner-2ea24a01334fe9899f8d2172e6f73df759bf28f337582d107625efa35f4b43b7,13,259727038903783,259727082440842,259734127687226,43537059,7088783443
5,0,native,32,b26a05df-ef1f-4f9d-ad33-8aaa1f2929d3,68bc01b44cae8cc1fcbf86f8dc5202e492db99eebba45e2cfd438c0ea91e3e1d,owner-68bc01b44cae8cc1fcbf86f8dc5202e492db99eebba45e2cfd438c0ea91e3e1d,13,259727082949123,259727102253911,259734311194602,19304788,7228245479
5,0,native,32,7e950e73-9761-4987-a39e-e507ef9548c1,00df276796a2f0f233e9dac4fa1fae1fe7b18e45014d9e8b564785e93f9712ab,owner-00df276796a2f0f233e9dac4fa1fae1fe7b18e45014d9e8b564785e93f9712ab,13,259727103002754,259727122307481,259734474918111,19304727,7371915357
5,0,native,32,fd818262-e010-42ba-8b38-03dbc5afd876,f19769623b647a3c8eec2a0cb9f7f59a50b1f3a689d73a1d1fb31108ee563817,owner-f19769623b647a3c8eec2a0cb9f7f59a50b1f3a689d73a1d1fb31108ee563817,12,259727122884252,259727182694503,259734635522850,59810251,7512638598
5,0,native,32,295a9443-52a3-49c4-bbcb-c176305b8e6b,af5039a42ecbdd7bf6083522fe77a5f9cda10a54b3b63cb747dd909c551265e6,owner-af5039a42ecbdd7bf6083522fe77a5f9cda10a54b3b63cb747dd909c551265e6,13,259727183431612,259727215646621,259734794995221,32215009,7611563609
5,0,native,32,a386a312-fb48-4f0b-a26e-3c5631eda0a0,13391133f68c7d86d010370563ad512a49297d602eac29fb45a4c0b283a5b8e3,owner-13391133f68c7d86d010370563ad512a49297d602eac29fb45a4c0b283a5b8e3,13,259727216519601,259727235824966,259734970609885,19305365,7754090284
5,0,native,32,55139c72-1c4b-4264-8528-48d694de52ac,bb4efbae71c643dfefb15b8a12d5c4e098ca8a9abd39f086c099849a21504974,owner-bb4efbae71c643dfefb15b8a12d5c4e098ca8a9abd39f086c099849a21504974,13,259727236712367,259727312754166,259735172995240,76041799,7936282873
5,0,native,32,99e339ce-2515-4798-bb3a-ec99a794004d,623ed863b5d920df8712aa40bbdb1f9a5aa15641274d77d9ad51fb8cdc561ea0,owner-623ed863b5d920df8712aa40bbdb1f9a5aa15641274d77d9ad51fb8cdc561ea0,13,259727313718487,259727345561615,259735389798451,31843128,8076079964
5,0,native,32,48302e3c-e5e4-40d5-825c-a1259ea6de8e,77c9c67a405e99f2d0665e13c8f35166c249e8ce8aea792617d36cd36355cb35,owner-77c9c67a405e99f2d0665e13c8f35166c249e8ce8aea792617d36cd36355cb35,13,259727346244481,259727413012889,259735556343837,66768408,8210099356
5,0,native,32,d6a01568-4dd9-4622-9dd2-c916d96bcfe8,971d7d3a58c22b1e861acc34217f2378e0a29808ee36cc5f9f4df6f81298bcfe,owner-971d7d3a58c22b1e861acc34217f2378e0a29808ee36cc5f9f4df6f81298bcfe,13,259727414515462,259727481935421,259735739172701,67419959,8324657239
5,0,native,32,173795a8-6b06-40a1-9230-b4b1ec76d8c8,94eca915943cbd18791a7ac5e6fd5db3c6c46a18fa419e43a0fa68c0aafcbbda,owner-94eca915943cbd18791a7ac5e6fd5db3c6c46a18fa419e43a0fa68c0aafcbbda,14,259727482659428,259727503455786,259735951707397,20796358,8469047969
5,0,native,32,4c8604dc-2e44-4bff-8650-d1fecbc7427a,09ad005ac680847047513cc073350ee7ecce90a1454c5210b1fd97600ab24c2c,owner-09ad005ac680847047513cc073350ee7ecce90a1454c5210b1fd97600ab24c2c,13,259727504329380,259727524957387,259736148329385,20628007,8644000005
5,0,native,32,ff74b845-6285-4aac-8624-934b1a1f695e,63615279436d7ca44df23f1c8fb93e3582fa68913740cc9550ff69be194c4131,owner-63615279436d7ca44df23f1c8fb93e3582fa68913740cc9550ff69be194c4131,13,259727525916969,259727571656486,259736374073856,45739517,8848156887
5,1,lsf,32,70fc6f8b-9513-4f41-aa1b-9062ecabf138,0d870f5b86b96f550b010a42981739a639536232c14d9081f3af4ad3e64fee50,owner-0d870f5b86b96f550b010a42981739a639536232c14d9081f3af4ad3e64fee50,13,259862134040023,259862147058725,259864127606805,13018702,1993566782
5,2,lsf,1,a13cfec7-c7fe-475f-bf2a-977a2345c822,73f4dc5421092994423b8d1f6af358a48874491f9df18057cec621e52d9e7149,owner-73f4dc5421092994423b8d1f6af358a48874491f9df18057cec621e52d9e7149,13,259873634923135,259873647488530,259876234322624,12565395,2599399489
5,3,native,1,a4f1670e-968d-4ff0-ac7c-e5b3f7e30a94,78f222e33f8449acc51ecf4b6666cf52799fdb2cc7df2d1a842cc6fd09cebb91,owner-78f222e33f8449acc51ecf4b6666cf52799fdb2cc7df2d1a842cc6fd09cebb91,13,259882665826107,259882677850764,259885157893848,12024657,2492067741
5,4,native,8,39076dda-5b17-40f8-aa62-63a7c7a46b31,7d8cb56c74b284e5d06b4c692a3b8747a192c7ad72a5f66973e6b69c2c7266e7,owner-7d8cb56c74b284e5d06b4c692a3b8747a192c7ad72a5f66973e6b69c2c7266e7,13,259892391827327,259892405493662,259894304681910,13666335,1912854583
5,4,native,8,c0c3e2a6-f609-4fcc-8c8d-6f0d610426f4,c695a3315bcc0f3548e77fa9a650b04236e4af2a2fefd3063b7d4345aec26f74,owner-c695a3315bcc0f3548e77fa9a650b04236e4af2a2fefd3063b7d4345aec26f74,13,259892406128505,259892418598261,259894462222307,12469756,2056093802
5,4,native,8,51c9e548-01dd-4923-8eec-d532425deab7,acd8b5795d1ca6c83cdf38e7bb9e9a6f55642123b0650d1aae5220a5e9f96c74,owner-acd8b5795d1ca6c83cdf38e7bb9e9a6f55642123b0650d1aae5220a5e9f96c74,13,259892419112823,259892430645408,259894682766639,11532585,2263653816
5,4,native,8,05a33f9d-1f9e-420d-b682-79abf0d4e3da,1bb69bef480727f3a8e4ef47ad5bff417330e525b2e4f3da97e53a283b887dbc,owner-1bb69bef480727f3a8e4ef47ad5bff417330e525b2e4f3da97e53a283b887dbc,13,259892431362966,259892444341054,259894850673797,12978088,2419310831
5,4,native,8,ed405e79-aed7-4f42-9aa4-e88a8ae1627a,e8ee28be9d856a96f6d8469518a571f05f1dfc09feed21808db8af8a3067382a,owner-e8ee28be9d856a96f6d8469518a571f05f1dfc09feed21808db8af8a3067382a,13,259892444821601,259892475738182,259895055963667,30916581,2611142066
5,4,native,8,e41608dc-158d-481d-8930-6f1e73a0c7ff,1b5465cde577c27e2f0b5cf9483e448d4cb1ac5aa607301fcad06c6822e5dd72,owner-1b5465cde577c27e2f0b5cf9483e448d4cb1ac5aa607301fcad06c6822e5dd72,13,259892476425916,259892490690768,259895264741890,14264852,2788315974
5,4,native,8,0915f251-69c2-4421-82c4-8a6cb5819ca5,7eec997c23d72630c99f0b190bc91f7d37eab97697e9ac22c3578f34c55e41dc,owner-7eec997c23d72630c99f0b190bc91f7d37eab97697e9ac22c3578f34c55e41dc,13,259892491203175,259892505244521,259895431718497,14041346,2940515322
5,4,native,8,72115074-e1c4-43c4-81d9-f16060fd57bc,2909c1080374270720489e137a7a221b7df149cf211e990ecb423d1308ca3301,owner-2909c1080374270720489e137a7a221b7df149cf211e990ecb423d1308ca3301,13,259892505754276,259892520987559,259895608938550,15233283,3103184274
5,5,lsf,8,6dd87129-33ea-4d28-a6a2-ce1c57654537,32599c16a566654dd8dc0215011b4f9656d29cd1c1e47b888825f8c36997952d,owner-32599c16a566654dd8dc0215011b4f9656d29cd1c1e47b888825f8c36997952d,13,259929497199454,259929518406457,259931359542873,21207003,1862343419
6,0,lsf,1,0b57782c-547c-4799-b6fd-b82d09288fe7,18984e7e9e74bc1bbd6a8fa67f13fd3564a947d9ac0e453dd09d007a49ce8904,owner-18984e7e9e74bc1bbd6a8fa67f13fd3564a947d9ac0e453dd09d007a49ce8904,13,259942754762975,259942768769190,259944475951987,14006215,1721189012
6,1,native,1,d6eb6e49-320b-4ef9-b8a9-31364f059ee8,174dbe834c914bb89787541c8ea36edfb17c68d556d7f500408f29f227d1d205,owner-174dbe834c914bb89787541c8ea36edfb17c68d556d7f500408f29f227d1d205,13,259952035402474,259952046765759,259954559038087,11363285,2523635613
6,2,native,8,dc48f7b3-b875-4ec4-8b6e-226fe146bd36,7353cb6b1395407e96334933f84a038f7fef4918f05a399db1d902785517e790,owner-7353cb6b1395407e96334933f84a038f7fef4918f05a399db1d902785517e790,13,259962821647524,259962837740690,259964583337711,16093166,1761690187
6,2,native,8,86c14f61-3f1c-4588-b7d4-462ba1845995,d8cdfd389b706b61d461226202046e4be1522b94adfdfeaee891cd239eaeffef,owner-d8cdfd389b706b61d461226202046e4be1522b94adfdfeaee891cd239eaeffef,13,259962838190091,259962852280283,259964792420468,14090192,1954230377
6,2,native,8,20605532-8eb4-4b14-9d12-1d54c58073b4,fa2b3fb8e878bcb2e9f9e0b5c48b56e07618248a091b9164eb3956980a971593,owner-fa2b3fb8e878bcb2e9f9e0b5c48b56e07618248a091b9164eb3956980a971593,13,259962852787666,259962878524928,259964992434739,25737262,2139647073
6,2,native,8,9f30c1db-1e98-4117-b5e6-38455cfdc669,559838bfecdbf3c01c85c17b85f00c4b5ee26e65d40340ae994fc2f0626fb0ee,owner-559838bfecdbf3c01c85c17b85f00c4b5ee26e65d40340ae994fc2f0626fb0ee,13,259962879082545,259962891361222,259965161031661,12278677,2281949116
6,2,native,8,f08fcbc8-cc90-42a4-826d-3f6abfb2bc8c,cfde6f12c87409deaa4347cc2a1e95ec192106c1825eec78f25679299ceb2487,owner-cfde6f12c87409deaa4347cc2a1e95ec192106c1825eec78f25679299ceb2487,13,259962891851811,259962907277834,259965321653914,15426023,2429802103
6,2,native,8,245552a7-2cfd-4633-b144-aa395926213e,6e7e63e69e9879500010c70b81704a0d7fa4cdfb59853f01924af35421ba3525,owner-6e7e63e69e9879500010c70b81704a0d7fa4cdfb59853f01924af35421ba3525,13,259962907786700,259962920904947,259965514690883,13118247,2606904183
6,2,native,8,1d5c45fc-c2fb-4dfd-bd0c-4028d03c7661,21056925e03d70df5a9507af91fdea4051f4ec0178f90ddcedf9d4265eb6d362,owner-21056925e03d70df5a9507af91fdea4051f4ec0178f90ddcedf9d4265eb6d362,13,259962921971393,259962973732757,259965680264683,51761364,2758293290
6,2,native,8,b269accb-6d6b-4ee4-8026-a9acd3885e83,e507a58331f8a38c334c008ce7068e1b48080e87bfbecb3c5a90f38e43694cca,owner-e507a58331f8a38c334c008ce7068e1b48080e87bfbecb3c5a90f38e43694cca,13,259962974329306,259962988450220,259965849655755,14120914,2875326449
6,3,lsf,8,648b959f-3c3a-45c7-94ee-ba2c30423b84,df54492234221d23d6089a738c4714cf42f8dd904bfc98af14caa1a15bcdde6d,owner-df54492234221d23d6089a738c4714cf42f8dd904bfc98af14caa1a15bcdde6d,13,260000679620576,260000696375550,260002603041601,16754974,1923421025
6,4,lsf,32,b37937a2-19f5-4fa7-a09e-7689a5b820b8,9a299512ac01228eee5462d00389a72fa5810f97e865e6566687a5958efd74f9,owner-9a299512ac01228eee5462d00389a72fa5810f97e865e6566687a5958efd74f9,13,260011238818541,260011249226863,260013644555030,10408322,2405736489
6,5,native,32,0f9e70b9-6ab7-4c0b-950f-c9c6fbdd63dc,dae4c50ecfa2ce33e2dd011e3f16eb0e0dab4068acc293229764ae5839705aed,owner-dae4c50ecfa2ce33e2dd011e3f16eb0e0dab4068acc293229764ae5839705aed,13,260027680470322,260027693991968,260031372232197,13521646,3691761875
6,5,native,32,7a261127-34fc-40eb-b624-83a49374d353,cfda18059766f78d040d2bda09121943e2f82c942855dd2718f8764cadec6ce4,owner-cfda18059766f78d040d2bda09121943e2f82c942855dd2718f8764cadec6ce4,13,260027695010969,260027707365177,260031573159696,12354208,3878148727
6,5,native,32,be9afd39-0cca-44f9-aedb-f53d9ebdc4b3,b917974975586b3df995caa1b2c53da4d7e9d7779ad0d33369813f61660bc53a,owner-b917974975586b3df995caa1b2c53da4d7e9d7779ad0d33369813f61660bc53a,14,260027708025086,260027725015270,260031800523395,16990184,4092498309
6,5,native,32,01dcf1a8-02a5-4ba9-a8fe-f890c69b09e8,3a230ee0e902e79a97d6fcb69d72d452ebf0f678d14ad863f4ac0f6c62991d3a,owner-3a230ee0e902e79a97d6fcb69d72d452ebf0f678d14ad863f4ac0f6c62991d3a,13,260027725527730,260027738101526,260031978285103,12573796,4252757373
6,5,native,32,435866f1-aa5f-4ff4-ada1-c162ab77e5f9,c761e921bacdee1ce0b16499299b3e50f3cb5c4bd6e60d848c339a6e475fc86b,owner-c761e921bacdee1ce0b16499299b3e50f3cb5c4bd6e60d848c339a6e475fc86b,13,260027738655819,260027779869779,260032182806308,41213960,4444150489
6,5,native,32,4a6a996a-0f02-486d-9c26-3f82c2871602,8dccdc126b24605fb9c5c9de7e1594a77eb85ef2b19a5c6a4b72b07b4ca6ecf7,owner-8dccdc126b24605fb9c5c9de7e1594a77eb85ef2b19a5c6a4b72b07b4ca6ecf7,12,260027780557522,260027793759812,260032384738576,13202290,4604181054
6,5,native,32,8cdbbdea-5021-432c-9cb9-2dbdc3d61621,08c79902a7121731f65aefb90dd3a421a2484328c889baf4799d9693fca6eb8b,owner-08c79902a7121731f65aefb90dd3a421a2484328c889baf4799d9693fca6eb8b,13,260027794269466,260027807043974,260032576237380,12774508,4781967914
6,5,native,32,72a5371b-0907-4be6-9f2c-fb529e9f8dbd,908133f60b94c203bbc582d64672add9072d0192820980642ca11c8b885b57ef,owner-908133f60b94c203bbc582d64672add9072d0192820980642ca11c8b885b57ef,13,260027807923586,260027822051819,260032789897492,14128233,4981973906
6,5,native,32,617b0d07-ce72-4b17-be99-9770e548895e,c397a771bac0d2c928be5782357e037ed7e2bee42eae8506df29925c30d8c4a5,owner-c397a771bac0d2c928be5782357e037ed7e2bee42eae8506df29925c30d8c4a5,13,260027822719648,260027834401203,260032968687304,11681555,5145967656
6,5,native,32,384dcb44-3ced-4e14-9adf-78b6e4fa489f,3109a70eb5cb6f38ef7cb75d17f69f51cf34eadd981310607579495d1d921ca1,owner-3109a70eb5cb6f38ef7cb75d17f69f51cf34eadd981310607579495d1d921ca1,13,260027835056863,260027883744320,260033155589557,48687457,5320532694
6,5,native,32,6e07d8b9-af41-43b1-a4ba-bd3cbce452a0,a91b2b8c98a27868f6f8bc0bf64e64b85fccb20f63178f7728a09bd718997006,owner-a91b2b8c98a27868f6f8bc0bf64e64b85fccb20f63178f7728a09bd718997006,13,260027884506628,260027897827547,260033314052669,13320919,5429546041
6,5,native,32,d6578c2c-ca10-401e-bc1f-c62629148c96,c43058783079a83492f8476fa49d7ad8ad0447d09fc65e3784e50c67e4086d4c,owner-c43058783079a83492f8476fa49d7ad8ad0447d09fc65e3784e50c67e4086d4c,13,260027898676449,260027914696459,260033482496300,16020010,5583819851
6,5,native,32,f895999d-e0c7-4e57-b68d-0b4ef8e6636e,539603dbf49dc9a63a35bdc978442df3f2240e0dcc52e09675e1d81392662d6d,owner-539603dbf49dc9a63a35bdc978442df3f2240e0dcc52e09675e1d81392662d6d,13,260027915846687,260027935176192,260033670125914,19329505,5754279227
6,5,native,32,f2067ffd-3595-4626-9435-dfc8bfa4d63c,1bb44a88f5707b4bbfe04b7deb7d9d8d814dd2aa35f9ef83d1e2c7065659e51b,owner-1bb44a88f5707b4bbfe04b7deb7d9d8d814dd2aa35f9ef83d1e2c7065659e51b,13,260027936062561,260027983396051,260033897369378,47333490,5961306817
6,5,native,32,da803cb5-31b6-4301-88b2-e450c392b5fb,47430a76ad5eef88653bbf941971440a297aa9cbc525b00d255e2bcc582571d8,owner-47430a76ad5eef88653bbf941971440a297aa9cbc525b00d255e2bcc582571d8,13,260027984111840,260028004226010,260034057466216,20114170,6073354376
6,5,native,32,e6b6e2dd-c62b-4eaf-8e9d-076804e94797,4170d23ecd60d143db8a0a7304a578f48a962c1dfccfc4b134cee043db696fb4,owner-4170d23ecd60d143db8a0a7304a578f48a962c1dfccfc4b134cee043db696fb4,14,260028004947386,260028020181041,260034251557534,15233655,6246610148
6,5,native,32,81411a6f-9872-4765-977f-e52498e24773,d36f1c9d3b95d0f5725b5b17dbf4c4a41de94bd415790543b26520be7341333d,owner-d36f1c9d3b95d0f5725b5b17dbf4c4a41de94bd415790543b26520be7341333d,13,260028020974022,260028040390150,260034428402527,19416128,6407428505
6,5,native,32,456eb361-ec8b-4efd-92fe-042cda790100,1c762414b64d17fac9fc7a2852b281f33aa64ad165221647c6f86d80073ee6db,owner-1c762414b64d17fac9fc7a2852b281f33aa64ad165221647c6f86d80073ee6db,13,260028041153350,260028090626689,260034640100179,49473339,6598946829
6,5,native,32,9d1887c9-dbcc-44e6-a6a0-ba5dd7782c20,84d8a6e755d1c690a2650d92e5c961ac7c5793ca16c0e5b1edd30ec59eb32c07,owner-84d8a6e755d1c690a2650d92e5c961ac7c5793ca16c0e5b1edd30ec59eb32c07,13,260028091272963,260028113090482,260034830304968,21817519,6739032005
6,5,native,32,f04ff95c-4062-44ac-88ad-a2008688ecaf,10f7df0ceb899164820646e852d6ba986544873903c8c1006910d45e2e4816ef,owner-10f7df0ceb899164820646e852d6ba986544873903c8c1006910d45e2e4816ef,13,260028113892578,260028127902731,260035040104978,14010153,6926212400
6,5,native,32,04adf916-ac6e-426a-b1f3-d93481049eb8,e06b099ede23e974d4c09d65a1d047552f229277ae88a081fb501111ddf887fd,owner-e06b099ede23e974d4c09d65a1d047552f229277ae88a081fb501111ddf887fd,13,260028128454358,260028189031744,260035215311516,60577386,7086857158
6,5,native,32,fbc51952-18f4-4499-933e-f158be8bb8e5,0c422f0fca05fe00e56a6db0a0eb15f1bd896e772740a2c40558c434d170987f,owner-0c422f0fca05fe00e56a6db0a0eb15f1bd896e772740a2c40558c434d170987f,13,260028189767653,260028210065515,260035412314872,20297862,7222547219
6,5,native,32,1f9b8ddb-9817-4557-8875-c16c786f92c5,86fcd4e53de3483ed091e5edbcccc2ce959ecfaa13fad3868799b5f4d8ce530b,owner-86fcd4e53de3483ed091e5edbcccc2ce959ecfaa13fad3868799b5f4d8ce530b,13,260028210829596,260028228867473,260035637161500,18037877,7426331904
6,5,native,32,a075ae55-c8ce-44c9-b9e5-683457fb9ec7,04d2c84baee2188417cec0d814c641ad78b2dfe4316bf32b23ff067a09bd0d2e,owner-04d2c84baee2188417cec0d814c641ad78b2dfe4316bf32b23ff067a09bd0d2e,13,260028229529860,260028276735273,260035839144410,47205413,7609614550
6,5,native,32,2d589aed-08fb-472f-98e7-3ed476666c96,c288a8631e2f9b71f277e93c3c0e9a148885c5dba53c4fa0f51e8752584e5952,owner-c288a8631e2f9b71f277e93c3c0e9a148885c5dba53c4fa0f51e8752584e5952,13,260028277381509,260028291591281,260036023527163,14209772,7746145654
6,5,native,32,c53f6610-bdbd-4c6a-b5f0-9058d80209cd,7b107aab2605e2f982bc888565e1351093b8203f8120538616cd87550e28bc2b,owner-7b107aab2605e2f982bc888565e1351093b8203f8120538616cd87550e28bc2b,13,260028292331704,260028318095238,260036207465792,25763534,7915134088
6,5,native,32,fadf3435-5783-4317-854b-32db0114b473,361b05de75483d507f3832eb2c114036211f1bbd605c7f9919a655fc04a6f1bd,owner-361b05de75483d507f3832eb2c114036211f1bbd605c7f9919a655fc04a6f1bd,13,260028318791300,260028336828850,260036398189424,18037550,8079398124
6,5,native,32,6928a5b8-533d-4a40-b002-e59ce69ef528,f2ebd26f5cf9a88355a6fbf6e07bff13ffaf596d7820d3ee6f1331d0fae316b1,owner-f2ebd26f5cf9a88355a6fbf6e07bff13ffaf596d7820d3ee6f1331d0fae316b1,14,260028338088132,260028387228468,260036599485292,49140336,8261397160
6,5,native,32,a2a1d33b-118e-4910-b5a7-683e6f4847b2,ddaf9d9c7cf07a3930393b0890f43640f4837b26dd6092450f7577246a353dc4,owner-ddaf9d9c7cf07a3930393b0890f43640f4837b26dd6092450f7577246a353dc4,13,260028387717535,260028564492478,260036779022375,176774943,8391304840
6,5,native,32,4adc4201-2452-4287-888c-883eea803aed,9c312e6dbf4ed4f3fcee51d6b4309c87b32b5f4584eed9c0cfd972894dc5d256,owner-9c312e6dbf4ed4f3fcee51d6b4309c87b32b5f4584eed9c0cfd972894dc5d256,13,260028565383942,260028581321397,260036998536150,15937455,8433152208
6,5,native,32,05226ba9-dcf6-45ea-96f2-df4ac51fb4b6,83c6d11df27e8c03608d75df95755586a69bde263a71de02dd8e244012f3469f,owner-83c6d11df27e8c03608d75df95755586a69bde263a71de02dd8e244012f3469f,13,260028582089460,260028600736654,260037162552182,18647194,8580462722
6,5,native,32,46a663b7-a8d4-4db8-96d9-ddc5a3ba5026,ff15e52e285173ab11120024ae72ee9876f63941e1382aefea71c91bd98e8feb,owner-ff15e52e285173ab11120024ae72ee9876f63941e1382aefea71c91bd98e8feb,13,260028601484649,260028622822069,260037355686611,21337420,8754201962
