density,metric,unit,pairs,pair_count,available_pairs,unavailable_pairs,native,lsf,paired_difference,lower,equal,higher,order_strata
1,cohort_first_request_to_last_ready_observed_upper_nanos,ns,"[{""pair"":0,""first_arm"":""lsf"",""native_group"":1,""lsf_group"":0,""native"":""1633054464"",""lsf"":""2475208610"",""lsf_minus_native"":""842154146"",""percent_of_native"":""51.569263""},{""pair"":1,""first_arm"":""native"",""native_group"":4,""lsf_group"":5,""native"":""2397923935"",""lsf"":""2143379319"",""lsf_minus_native"":""-254544616"",""percent_of_native"":""-10.615208""},{""pair"":2,""first_arm"":""native"",""native_group"":2,""lsf_group"":3,""native"":""2301688770"",""lsf"":""2002116327"",""lsf_minus_native"":""-299572443"",""percent_of_native"":""-13.015332""},{""pair"":3,""first_arm"":""native"",""native_group"":0,""lsf_group"":1,""native"":""2121935116"",""lsf"":""1921830491"",""lsf_minus_native"":""-200104625"",""percent_of_native"":""-9.43029""},{""pair"":4,""first_arm"":""lsf"",""native_group"":5,""lsf_group"":4,""native"":""1589410026"",""lsf"":""1827119464"",""lsf_minus_native"":""237709438"",""percent_of_native"":""14.955829""},{""pair"":5,""first_arm"":""lsf"",""native_group"":3,""lsf_group"":2,""native"":""2492067741"",""lsf"":""2599399489"",""lsf_minus_native"":""107331748"",""percent_of_native"":""4.306935""},{""pair"":6,""first_arm"":""lsf"",""native_group"":1,""lsf_group"":0,""native"":""2523635613"",""lsf"":""1721189012"",""lsf_minus_native"":""-802446601"",""percent_of_native"":""-31.797245""}]",7,7,0,"{""count"":""7"",""minimum"":""1589410026"",""median"":""2301688770"",""maximum"":""2523635613"",""median_absolute_deviation"":""190378971""}","{""count"":""7"",""minimum"":""1721189012"",""median"":""2002116327"",""maximum"":""2599399489"",""median_absolute_deviation"":""174996863""}","{""count"":""7"",""minimum"":""-802446601"",""median"":""-200104625"",""maximum"":""842154146"",""median_absolute_deviation"":""307436373""}",4,0,3,"{""lsf"":{""pair_count"":4,""available_pairs"":4,""unavailable_pairs"":0,""native"":{""count"":""4"",""minimum"":""1589410026"",""median"":""2062561102.5"",""maximum"":""2523635613"",""median_absolute_deviation"":""445290574.5""},""lsf"":{""count"":""4"",""minimum"":""1721189012"",""median"":""2151164037"",""maximum"":""2599399489"",""median_absolute_deviation"":""377009799""},""paired_difference"":{""count"":""4"",""minimum"":""-802446601"",""median"":""172520593"",""maximum"":""842154146"",""median_absolute_deviation"":""367411199""},""lower"":1,""equal"":0,""higher"":3},""native"":{""pair_count"":3,""available_pairs"":3,""unavailable_pairs"":0,""native"":{""count"":""3"",""minimum"":""2121935116"",""median"":""2301688770"",""maximum"":""2397923935"",""median_absolute_deviation"":""96235165""},""lsf"":{""count"":""3"",""minimum"":""1921830491"",""median"":""2002116327"",""maximum"":""2143379319"",""median_absolute_deviation"":""80285836""},""paired_difference"":{""count"":""3"",""minimum"":""-299572443"",""median"":""-254544616"",""maximum"":""-200104625"",""median_absolute_deviation"":""45027827""},""lower"":3,""equal"":0,""higher"":0}}"
1,cohort_first_request_to_first_response_observed_upper_nanos,ns,"[{""pair"":0,""first_arm"":""lsf"",""native_group"":1,""lsf_group"":0,""native"":""3284931286"",""lsf"":""3819848180"",""lsf_minus_native"":""534916894"",""percent_of_native"":""16.28396""},{""pair"":1,""first_arm"":""native"",""native_group"":4,""lsf_group"":5,""native"":""3626840819"",""lsf"":""3762326729"",""lsf_minus_native"":""135485910"",""percent_of_native"":""3.735645""},{""pair"":2,""first_arm"":""native"",""native_group"":2,""lsf_group"":3,""native"":""3518027803"",""lsf"":""3675957789"",""lsf_minus_native"":""157929986"",""percent_of_native"":""4.489163""},{""pair"":3,""first_arm"":""native"",""native_group"":0,""lsf_group"":1,""native"":""3329715618"",""lsf"":""3612470446"",""lsf_minus_native"":""282754828"",""percent_of_native"":""8.491861""},{""pair"":4,""first_arm"":""lsf"",""native_group"":5,""lsf_group"":4,""native"":""3172054271"",""lsf"":""3364352041"",""lsf_minus_native"":""192297770"",""percent_of_native"":""6.062247""},{""pair"":5,""first_arm"":""lsf"",""native_group"":3,""lsf_group"":2,""native"":""3607749106"",""lsf"":""3869320420"",""lsf_minus_native"":""261571314"",""percent_of_native"":""7.250263""},{""pair"":6,""first_arm"":""lsf"",""native_group"":1,""lsf_group"":0,""native"":""3797239995"",""lsf"":""3494603343"",""lsf_minus_native"":""-302636652"",""percent_of_native"":""-7.969911""}]",7,7,0,"{""count"":""7"",""minimum"":""3172054271"",""median"":""3518027803"",""maximum"":""3797239995"",""median_absolute_deviation"":""188312185""}","{""count"":""7"",""minimum"":""3364352041"",""median"":""3675957789"",""maximum"":""3869320420"",""median_absolute_deviation"":""143890391""}","{""count"":""7"",""minimum"":""-302636652"",""median"":""192297770"",""maximum"":""534916894"",""median_absolute_deviation"":""69273544""}",1,0,6,"{""lsf"":{""pair_count"":4,""available_pairs"":4,""unavailable_pairs"":0,""native"":{""count"":""4"",""minimum"":""3172054271"",""median"":""3446340196"",""maximum"":""3797239995"",""median_absolute_deviation"":""217847417.5""},""lsf"":{""count"":""4"",""minimum"":""3364352041"",""median"":""3657225761.5"",""maximum"":""3869320420"",""median_absolute_deviation"":""187358538.5""},""paired_difference"":{""count"":""4"",""minimum"":""-302636652"",""median"":""226934542"",""maximum"":""534916894"",""median_absolute_deviation"":""171309562""},""lower"":1,""equal"":0,""higher"":3},""native"":{""pair_count"":3,""available_pairs"":3,""unavailable_pairs"":0,""native"":{""count"":""3"",""minimum"":""3329715618"",""median"":""3518027803"",""maximum"":""3626840819"",""median_absolute_deviation"":""108813016""},""lsf"":{""count"":""3"",""minimum"":""3612470446"",""median"":""3675957789"",""maximum"":""3762326729"",""median_absolute_deviation"":""63487343""},""paired_difference"":{""count"":""3"",""minimum"":""135485910"",""median"":""157929986"",""maximum"":""282754828"",""median_absolute_deviation"":""22444076""},""lower"":0,""equal"":0,""higher"":3}}"
1,first_target_request_to_first_response_observed_upper_nanos,ns,"[{""pair"":0,""first_arm"":""lsf"",""native_group"":1,""lsf_group"":0,""native"":""3284931286"",""lsf"":""3819848180"",""lsf_minus_native"":""534916894"",""percent_of_native"":""16.28396""},{""pair"":1,""first_arm"":""native"",""native_group"":4,""lsf_group"":5,""native"":""3626840819"",""lsf"":""3762326729"",""lsf_minus_native"":""135485910"",""percent_of_native"":""3.735645""},{""pair"":2,""first_arm"":""native"",""native_group"":2,""lsf_group"":3,""native"":""3518027803"",""lsf"":""3675957789"",""lsf_minus_native"":""157929986"",""percent_of_native"":""4.489163""},{""pair"":3,""first_arm"":""native"",""native_group"":0,""lsf_group"":1,""native"":""3329715618"",""lsf"":""3612470446"",""lsf_minus_native"":""282754828"",""percent_of_native"":""8.491861""},{""pair"":4,""first_arm"":""lsf"",""native_group"":5,""lsf_group"":4,""native"":""3172054271"",""lsf"":""3364352041"",""lsf_minus_native"":""192297770"",""percent_of_native"":""6.062247""},{""pair"":5,""first_arm"":""lsf"",""native_group"":3,""lsf_group"":2,""native"":""3607749106"",""lsf"":""3869320420"",""lsf_minus_native"":""261571314"",""percent_of_native"":""7.250263""},{""pair"":6,""first_arm"":""lsf"",""native_group"":1,""lsf_group"":0,""native"":""3797239995"",""lsf"":""3494603343"",""lsf_minus_native"":""-302636652"",""percent_of_native"":""-7.969911""}]",7,7,0,"{""count"":""7"",""minimum"":""3172054271"",""median"":""3518027803"",""maximum"":""3797239995"",""median_absolute_deviation"":""188312185""}","{""count"":""7"",""minimum"":""3364352041"",""median"":""3675957789"",""maximum"":""3869320420"",""median_absolute_deviation"":""143890391""}","{""count"":""7"",""minimum"":""-302636652"",""median"":""192297770"",""maximum"":""534916894"",""median_absolute_deviation"":""69273544""}",1,0,6,"{""lsf"":{""pair_count"":4,""available_pairs"":4,""unavailable_pairs"":0,""native"":{""count"":""4"",""minimum"":""3172054271"",""median"":""3446340196"",""maximum"":""3797239995"",""median_absolute_deviation"":""217847417.5""},""lsf"":{""count"":""4"",""minimum"":""3364352041"",""median"":""3657225761.5"",""maximum"":""3869320420"",""median_absolute_deviation"":""187358538.5""},""paired_difference"":{""count"":""4"",""minimum"":""-302636652"",""median"":""226934542"",""maximum"":""534916894"",""median_absolute_deviation"":""171309562""},""lower"":1,""equal"":0,""higher"":3},""native"":{""pair_count"":3,""available_pairs"":3,""unavailable_pairs"":0,""native"":{""count"":""3"",""minimum"":""3329715618"",""median"":""3518027803"",""maximum"":""3626840819"",""median_absolute_deviation"":""108813016""},""lsf"":{""count"":""3"",""minimum"":""3612470446"",""median"":""3675957789"",""maximum"":""3762326729"",""median_absolute_deviation"":""63487343""},""paired_difference"":{""count"":""3"",""minimum"":""135485910"",""median"":""157929986"",""maximum"":""282754828"",""median_absolute_deviation"":""22444076""},""lower"":0,""equal"":0,""higher"":3}}"
1,last_ready_observation_to_first_response_ack_nanos,ns,"[{""pair"":0,""first_arm"":""lsf"",""native_group"":1,""lsf_group"":0,""native"":""1651876822"",""lsf"":""1344639570"",""lsf_minus_native"":""-307237252"",""percent_of_native"":""-18.599283""},{""pair"":1,""first_arm"":""native"",""native_group"":4,""lsf_group"":5,""native"":""1228916884"",""lsf"":""1618947410"",""lsf_minus_native"":""390030526"",""percent_of_native"":""31.737747""},{""pair"":2,""first_arm"":""native"",""native_group"":2,""lsf_group"":3,""native"":""1216339033"",""lsf"":""1673841462"",""lsf_minus_native"":""457502429"",""percent_of_native"":""37.613068""},{""pair"":3,""first_arm"":""native"",""native_group"":0,""lsf_group"":1,""native"":""1207780502"",""lsf"":""1690639955"",""lsf_minus_native"":""482859453"",""percent_of_native"":""39.979073""},{""pair"":4,""first_arm"":""lsf"",""native_group"":5,""lsf_group"":4,""native"":""1582644245"",""lsf"":""1537232577"",""lsf_minus_native"":""-45411668"",""percent_of_native"":""-2.869354""},{""pair"":5,""first_arm"":""lsf"",""native_group"":3,""lsf_group"":2,""native"":""1115681365"",""lsf"":""1269920931"",""lsf_minus_native"":""154239566"",""percent_of_native"":""13.824697""},{""pair"":6,""first_arm"":""lsf"",""native_group"":1,""lsf_group"":0,""native"":""1273604382"",""lsf"":""1773414331"",""lsf_minus_native"":""499809949"",""percent_of_native"":""39.243737""}]",7,7,0,"{""count"":""7"",""minimum"":""1115681365"",""median"":""1228916884"",""maximum"":""1651876822"",""median_absolute_deviation"":""44687498""}","{""count"":""7"",""minimum"":""1269920931"",""median"":""1618947410"",""maximum"":""1773414331"",""median_absolute_deviation"":""81714833""}","{""count"":""7"",""minimum"":""-307237252"",""median"":""390030526"",""maximum"":""499809949"",""median_absolute_deviation"":""109779423""}",2,0,5,"{""lsf"":{""pair_count"":4,""available_pairs"":4,""unavailable_pairs"":0,""native"":{""count"":""4"",""minimum"":""1115681365"",""median"":""1428124313.5"",""maximum"":""1651876822"",""median_absolute_deviation"":""189136220""},""lsf"":{""count"":""4"",""minimum"":""1269920931"",""median"":""1440936073.5"",""maximum"":""1773414331"",""median_absolute_deviation"":""133655823""},""paired_difference"":{""count"":""4"",""minimum"":""-307237252"",""median"":""54413949"",""maximum"":""499809949"",""median_absolute_deviation"":""230738409""},""lower"":2,""equal"":0,""higher"":2},""native"":{""pair_count"":3,""available_pairs"":3,""unavailable_pairs"":0,""native"":{""count"":""3"",""minimum"":""1207780502"",""median"":""1216339033"",""maximum"":""1228916884"",""median_absolute_deviation"":""8558531""},""lsf"":{""count"":""3"",""minimum"":""1618947410"",""median"":""1673841462"",""maximum"":""1690639955"",""median_absolute_deviation"":""16798493""},""paired_difference"":{""count"":""3"",""minimum"":""390030526"",""median"":""457502429"",""maximum"":""482859453"",""median_absolute_deviation"":""25357024""},""lower"":0,""equal"":0,""higher"":3}}"
1,first_phase_command_to_first_response_ack_nanos,ns,"[{""pair"":0,""first_arm"":""lsf"",""native_group"":1,""lsf_group"":0,""native"":""3151278"",""lsf"":""38853617"",""lsf_minus_native"":""35702339"",""percent_of_native"":""1132.947934""},{""pair"":1,""first_arm"":""native"",""native_group"":4,""lsf_group"":5,""native"":""3715768"",""lsf"":""39834706"",""lsf_minus_native"":""36118938"",""percent_of_native"":""972.045025""},{""pair"":2,""first_arm"":""native"",""native_group"":2,""lsf_group"":3,""native"":""3136662"",""lsf"":""42619932"",""lsf_minus_native"":""39483270"",""percent_of_native"":""1258.767123""},{""pair"":3,""first_arm"":""native"",""native_group"":0,""lsf_group"":1,""native"":""3688143"",""lsf"":""42376557"",""lsf_minus_native"":""38688414"",""percent_of_native"":""1048.994413""},{""pair"":4,""first_arm"":""lsf"",""native_group"":5,""lsf_group"":4,""native"":""3016217"",""lsf"":""41673858"",""lsf_minus_native"":""38657641"",""percent_of_native"":""1281.659808""},{""pair"":5,""first_arm"":""lsf"",""native_group"":3,""lsf_group"":2,""native"":""2980728"",""lsf"":""41876618"",""lsf_minus_native"":""38895890"",""percent_of_native"":""1304.912424""},{""pair"":6,""first_arm"":""lsf"",""native_group"":1,""lsf_group"":0,""native"":""4514069"",""lsf"":""42970976"",""lsf_minus_native"":""38456907"",""percent_of_native"":""851.934408""}]",7,7,0,"{""count"":""7"",""minimum"":""2980728"",""median"":""3151278"",""maximum"":""4514069"",""median_absolute_deviation"":""170550""}","{""count"":""7"",""minimum"":""38853617"",""median"":""41876618"",""maximum"":""42970976"",""median_absolute_deviation"":""743314""}","{""count"":""7"",""minimum"":""35702339"",""median"":""38657641"",""maximum"":""39483270"",""median_absolute_deviation"":""238249""}",0,0,7,"{""lsf"":{""pair_count"":4,""available_pairs"":4,""unavailable_pairs"":0,""native"":{""count"":""4"",""minimum"":""2980728"",""median"":""3083747.5"",""maximum"":""4514069"",""median_absolute_deviation"":""85275""},""lsf"":{""count"":""4"",""minimum"":""38853617"",""median"":""41775238"",""maximum"":""42970976"",""median_absolute_deviation"":""648559""},""paired_difference"":{""count"":""4"",""minimum"":""35702339"",""median"":""38557274"",""maximum"":""38895890"",""median_absolute_deviation"":""219491.5""},""lower"":0,""equal"":0,""higher"":4},""native"":{""pair_count"":3,""available_pairs"":3,""unavailable_pairs"":0,""native"":{""count"":""3"",""minimum"":""3136662"",""median"":""3688143"",""maximum"":""3715768"",""median_absolute_deviation"":""27625""},""lsf"":{""count"":""3"",""minimum"":""39834706"",""median"":""42376557"",""maximum"":""42619932"",""median_absolute_deviation"":""243375""},""paired_difference"":{""count"":""3"",""minimum"":""36118938"",""median"":""38688414"",""maximum"":""39483270"",""median_absolute_deviation"":""794856""},""lower"":0,""equal"":0,""higher"":3}}"
1,cohort_first_request_to_service_graph_ready_nanos,ns,"[{""pair"":0,""first_arm"":""lsf"",""native_group"":1,""lsf_group"":0,""native"":""1692230589"",""lsf"":""2580637704"",""lsf_minus_native"":""888407115"",""percent_of_native"":""52.499176""},{""pair"":1,""first_arm"":""native"",""native_group"":4,""lsf_group"":5,""native"":""2460513084"",""lsf"":""2208568072"",""lsf_minus_native"":""-251945012"",""percent_of_native"":""-10.239531""},{""pair"":2,""first_arm"":""native"",""native_group"":2,""lsf_group"":3,""native"":""2371452377"",""lsf"":""2089792151"",""lsf_minus_native"":""-281660226"",""percent_of_native"":""-11.877119""},{""pair"":3,""first_arm"":""native"",""native_group"":0,""lsf_group"":1,""native"":""2183777441"",""lsf"":""1987551994"",""lsf_minus_native"":""-196225447"",""percent_of_native"":""-8.985597""},{""pair"":4,""first_arm"":""lsf"",""native_group"":5,""lsf_group"":4,""native"":""1649777358"",""lsf"":""1889421008"",""lsf_minus_native"":""239643650"",""percent_of_native"":""14.525818""},{""pair"":5,""first_arm"":""lsf"",""native_group"":3,""lsf_group"":2,""native"":""2555727127"",""lsf"":""2662249433"",""lsf_minus_native"":""106522306"",""percent_of_native"":""4.167984""},{""pair"":6,""first_arm"":""lsf"",""native_group"":1,""lsf_group"":0,""native"":""2599593852"",""lsf"":""1785185156"",""lsf_minus_native"":""-814408696"",""percent_of_native"":""-31.328305""}]",7,7,0,"{""count"":""7"",""minimum"":""1649777358"",""median"":""2371452377"",""maximum"":""2599593852"",""median_absolute_deviation"":""187674936""}","{""count"":""7"",""minimum"":""1785185156"",""median"":""2089792151"",""maximum"":""2662249433"",""median_absolute_deviation"":""200371143""}","{""count"":""7"",""minimum"":""-814408696"",""median"":""-196225447"",""maximum"":""888407115"",""median_absolute_deviation"":""302747753""}",4,0,3,"{""lsf"":{""pair_count"":4,""available_pairs"":4,""unavailable_pairs"":0,""native"":{""count"":""4"",""minimum"":""1649777358"",""median"":""2123978858"",""maximum"":""2599593852"",""median_absolute_deviation"":""452974884.5""},""lsf"":{""count"":""4"",""minimum"":""1785185156"",""median"":""2235029356"",""maximum"":""2662249433"",""median_absolute_deviation"":""386414212.5""},""paired_difference"":{""count"":""4"",""minimum"":""-814408696"",""median"":""173082978"",""maximum"":""888407115"",""median_absolute_deviation"":""390942404.5""},""lower"":1,""equal"":0,""higher"":3},""native"":{""pair_count"":3,""available_pairs"":3,""unavailable_pairs"":0,""native"":{""count"":""3"",""minimum"":""2183777441"",""median"":""2371452377"",""maximum"":""2460513084"",""median_absolute_deviation"":""89060707""},""lsf"":{""count"":""3"",""minimum"":""1987551994"",""median"":""2089792151"",""maximum"":""2208568072"",""median_absolute_deviation"":""102240157""},""paired_difference"":{""count"":""3"",""minimum"":""-281660226"",""median"":""-251945012"",""maximum"":""-196225447"",""median_absolute_deviation"":""29715214""},""lower"":3,""equal"":0,""higher"":0}}"
1,cohort_first_request_to_service_forwarding_ready_nanos,ns,"[{""pair"":0,""first_arm"":""lsf"",""native_group"":1,""lsf_group"":0,""native"":""2274039626"",""lsf"":""2699458437"",""lsf_minus_native"":""425418811"",""percent_of_native"":""18.707625""},{""pair"":1,""first_arm"":""native"",""native_group"":4,""lsf_group"":5,""native"":""2578103810"",""lsf"":""2760066968"",""lsf_minus_native"":""181963158"",""percent_of_native"":""7.058023""},{""pair"":2,""first_arm"":""native"",""native_group"":2,""lsf_group"":3,""native"":""2474191025"",""lsf"":""2646635463"",""lsf_minus_native"":""172444438"",""percent_of_native"":""6.96973""},{""pair"":3,""first_arm"":""native"",""native_group"":0,""lsf_group"":1,""native"":""2355561517"",""lsf"":""2548354506"",""lsf_minus_native"":""192792989"",""percent_of_native"":""8.184587""},{""pair"":4,""first_arm"":""lsf"",""native_group"":5,""lsf_group"":4,""native"":""2188258497"",""lsf"":""2286868686"",""lsf_minus_native"":""98610189"",""percent_of_native"":""4.506332""},{""pair"":5,""first_arm"":""lsf"",""native_group"":3,""lsf_group"":2,""native"":""2667986629"",""lsf"":""2776285155"",""lsf_minus_native"":""108298526"",""percent_of_native"":""4.059185""},{""pair"":6,""first_arm"":""lsf"",""native_group"":1,""lsf_group"":0,""native"":""2735637845"",""lsf"":""2339512107"",""lsf_minus_native"":""-396125738"",""percent_of_native"":""-14.480197""}]",7,7,0,"{""count"":""7"",""minimum"":""2188258497"",""median"":""2474191025"",""maximum"":""2735637845"",""median_absolute_deviation"":""193795604""}","{""count"":""7"",""minimum"":""2286868686"",""median"":""2646635463"",""maximum"":""2776285155"",""median_absolute_deviation"":""113431505""}","{""count"":""7"",""minimum"":""-396125738"",""median"":""172444438"",""maximum"":""425418811"",""median_absolute_deviation"":""64145912""}",1,0,6,"{""lsf"":{""pair_count"":4,""available_pairs"":4,""unavailable_pairs"":0,""native"":{""count"":""4"",""minimum"":""2188258497"",""median"":""2471013127.5"",""maximum"":""2735637845"",""median_absolute_deviation"":""230799109.5""},""lsf"":{""count"":""4"",""minimum"":""2286868686"",""median"":""2519485272"",""maximum"":""2776285155"",""median_absolute_deviation"":""206294875.5""},""paired_difference"":{""count"":""4"",""minimum"":""-396125738"",""median"":""103454357.5"",""maximum"":""425418811"",""median_absolute_deviation"":""163404311""},""lower"":1,""equal"":0,""higher"":3},""native"":{""pair_count"":3,""available_pairs"":3,""unavailable_pairs"":0,""native"":{""count"":""3"",""minimum"":""2355561517"",""median"":""2474191025"",""maximum"":""2578103810"",""median_absolute_deviation"":""103912785""},""lsf"":{""count"":""3"",""minimum"":""2548354506"",""median"":""2646635463"",""maximum"":""2760066968"",""median_absolute_deviation"":""98280957""},""paired_difference"":{""count"":""3"",""minimum"":""172444438"",""median"":""181963158"",""maximum"":""192792989"",""median_absolute_deviation"":""9518720""},""lower"":0,""equal"":0,""higher"":3}}"
8,cohort_first_request_to_last_ready_observed_upper_nanos,ns,"[{""pair"":0,""first_arm"":""native"",""native_group"":2,""lsf_group"":3,""native"":""3231066542"",""lsf"":""2058353144"",""lsf_minus_native"":""-1172713398"",""percent_of_native"":""-36.294932""},{""pair"":1,""first_arm"":""native"",""native_group"":0,""lsf_group"":1,""native"":""3982468959"",""lsf"":""1850705091"",""lsf_minus_native"":""-2131763868"",""percent_of_native"":""-53.5287""},{""pair"":2,""first_arm"":""lsf"",""native_group"":5,""lsf_group"":4,""native"":""3405337978"",""lsf"":""1822275759"",""lsf_minus_native"":""-1583062219"",""percent_of_native"":""-46.487668""},{""pair"":3,""first_arm"":""lsf"",""native_group"":3,""lsf_group"":2,""native"":""3574292233"",""lsf"":""1862743911"",""lsf_minus_native"":""-1711548322"",""percent_of_native"":""-47.884958""},{""pair"":4,""first_arm"":""lsf"",""native_group"":1,""lsf_group"":0,""native"":""3432186019"",""lsf"":""1687149130"",""lsf_minus_native"":""-1745036889"",""percent_of_native"":""-50.843307""},{""pair"":5,""first_arm"":""native"",""native_group"":4,""lsf_group"":5,""native"":""3217111223"",""lsf"":""1862343419"",""lsf_minus_native"":""-1354767804"",""percent_of_native"":""-42.111314""},{""pair"":6,""first_arm"":""native"",""native_group"":2,""lsf_group"":3,""native"":""3028008231"",""lsf"":""1923421025"",""lsf_minus_native"":""-1104587206"",""percent_of_native"":""-36.479003""}]",7,7,0,"{""count"":""7"",""minimum"":""3028008231"",""median"":""3405337978"",""maximum"":""3982468959"",""median_absolute_deviation"":""174271436""}","{""count"":""7"",""minimum"":""1687149130"",""median"":""1862343419"",""maximum"":""2058353144"",""median_absolute_deviation"":""40067660""}","{""count"":""7"",""minimum"":""-2131763868"",""median"":""-1583062219"",""maximum"":""-1104587206"",""median_absolute_deviation"":""228294415""}",7,0,0,"{""lsf"":{""pair_count"":3,""available_pairs"":3,""unavailable_pairs"":0,""native"":{""count"":""3"",""minimum"":""3405337978"",""median"":""3432186019"",""maximum"":""3574292233"",""median_absolute_deviation"":""26848041""},""lsf"":{""count"":""3"",""minimum"":""1687149130"",""median"":""1822275759"",""maximum"":""1862743911"",""median_absolute_deviation"":""40468152""},""paired_difference"":{""count"":""3"",""minimum"":""-1745036889"",""median"":""-1711548322"",""maximum"":""-1583062219"",""median_absolute_deviation"":""33488567""},""lower"":3,""equal"":0,""higher"":0},""native"":{""pair_count"":4,""available_pairs"":4,""unavailable_pairs"":0,""native"":{""count"":""4"",""minimum"":""3028008231"",""median"":""3224088882.5"",""maximum"":""3982468959"",""median_absolute_deviation"":""101529155.5""},""lsf"":{""count"":""4"",""minimum"":""1850705091"",""median"":""1892882222"",""maximum"":""2058353144"",""median_absolute_deviation"":""36357967""},""paired_difference"":{""count"":""4"",""minimum"":""-2131763868"",""median"":""-1263740601"",""maximum"":""-1104587206"",""median_absolute_deviation"":""125090299""},""lower"":4,""equal"":0,""higher"":0}}"
8,cohort_first_request_to_first_response_observed_upper_nanos,ns,"[{""pair"":0,""first_arm"":""native"",""native_group"":2,""lsf_group"":3,""native"":""8628510835"",""lsf"":""4050166492"",""lsf_minus_native"":""-4578344343"",""percent_of_native"":""-53.060655""},{""pair"":1,""first_arm"":""native"",""native_group"":0,""lsf_group"":1,""native"":""9372671188"",""lsf"":""3670518130"",""lsf_minus_native"":""-5702153058"",""percent_of_native"":""-60.838079""},{""pair"":2,""first_arm"":""lsf"",""native_group"":5,""lsf_group"":4,""native"":""8928078981"",""lsf"":""3585962263"",""lsf_minus_native"":""-5342116718"",""percent_of_native"":""-59.835007""},{""pair"":3,""first_arm"":""lsf"",""native_group"":3,""lsf_group"":2,""native"":""8848419191"",""lsf"":""3451209716"",""lsf_minus_native"":""-5397209475"",""percent_of_native"":""-60.996313""},{""pair"":4,""first_arm"":""lsf"",""native_group"":1,""lsf_group"":0,""native"":""8866410207"",""lsf"":""3471062139"",""lsf_minus_native"":""-5395348068"",""percent_of_native"":""-60.85155""},{""pair"":5,""first_arm"":""native"",""native_group"":4,""lsf_group"":5,""native"":""8615514425"",""lsf"":""3641673114"",""lsf_minus_native"":""-4973841311"",""percent_of_native"":""-57.731217""},{""pair"":6,""first_arm"":""native"",""native_group"":2,""lsf_group"":3,""native"":""9205729284"",""lsf"":""3747657061"",""lsf_minus_native"":""-5458072223"",""percent_of_native"":""-59.289949""}]",7,7,0,"{""count"":""7"",""minimum"":""8615514425"",""median"":""8866410207"",""maximum"":""9372671188"",""median_absolute_deviation"":""237899372""}","{""count"":""7"",""minimum"":""3451209716"",""median"":""3641673114"",""maximum"":""4050166492"",""median_absolute_deviation"":""105983947""}","{""count"":""7"",""minimum"":""-5702153058"",""median"":""-5395348068"",""maximum"":""-4578344343"",""median_absolute_deviation"":""62724155""}",7,0,0,"{""lsf"":{""pair_count"":3,""available_pairs"":3,""unavailable_pairs"":0,""native"":{""count"":""3"",""minimum"":""8848419191"",""median"":""8866410207"",""maximum"":""8928078981"",""median_absolute_deviation"":""17991016""},""lsf"":{""count"":""3"",""minimum"":""3451209716"",""median"":""3471062139"",""maximum"":""3585962263"",""median_absolute_deviation"":""19852423""},""paired_difference"":{""count"":""3"",""minimum"":""-5397209475"",""median"":""-5395348068"",""maximum"":""-5342116718"",""median_absolute_deviation"":""1861407""},""lower"":3,""equal"":0,""higher"":0},""native"":{""pair_count"":4,""available_pairs"":4,""unavailable_pairs"":0,""native"":{""count"":""4"",""minimum"":""8615514425"",""median"":""8917120059.5"",""maximum"":""9372671188"",""median_absolute_deviation"":""295107429.5""},""lsf"":{""count"":""4"",""minimum"":""3641673114"",""median"":""3709087595.5"",""maximum"":""4050166492"",""median_absolute_deviation"":""52991973.5""},""paired_difference"":{""count"":""4"",""minimum"":""-5702153058"",""median"":""-5215956767"",""maximum"":""-4578344343"",""median_absolute_deviation"":""364155873.5""},""lower"":4,""equal"":0,""higher"":0}}"
8,first_target_request_to_first_response_observed_upper_nanos,ns,"[{""pair"":0,""first_arm"":""native"",""native_group"":2,""lsf_group"":3,""native"":""8628510835"",""lsf"":""4050166492"",""lsf_minus_native"":""-4578344343"",""percent_of_native"":""-53.060655""},{""pair"":1,""first_arm"":""native"",""native_group"":0,""lsf_group"":1,""native"":""9372671188"",""lsf"":""3670518130"",""lsf_minus_native"":""-5702153058"",""percent_of_native"":""-60.838079""},{""pair"":2,""first_arm"":""lsf"",""native_group"":5,""lsf_group"":4,""native"":""8928078981"",""lsf"":""3585962263"",""lsf_minus_native"":""-5342116718"",""percent_of_native"":""-59.835007""},{""pair"":3,""first_arm"":""lsf"",""native_group"":3,""lsf_group"":2,""native"":""8848419191"",""lsf"":""3451209716"",""lsf_minus_native"":""-5397209475"",""percent_of_native"":""-60.996313""},{""pair"":4,""first_arm"":""lsf"",""native_group"":1,""lsf_group"":0,""native"":""8866410207"",""lsf"":""3471062139"",""lsf_minus_native"":""-5395348068"",""percent_of_native"":""-60.85155""},{""pair"":5,""first_arm"":""native"",""native_group"":4,""lsf_group"":5,""native"":""8615514425"",""lsf"":""3641673114"",""lsf_minus_native"":""-4973841311"",""percent_of_native"":""-57.731217""},{""pair"":6,""first_arm"":""native"",""native_group"":2,""lsf_group"":3,""native"":""9205729284"",""lsf"":""3747657061"",""lsf_minus_native"":""-5458072223"",""percent_of_native"":""-59.289949""}]",7,7,0,"{""count"":""7"",""minimum"":""8615514425"",""median"":""8866410207"",""maximum"":""9372671188"",""median_absolute_deviation"":""237899372""}","{""count"":""7"",""minimum"":""3451209716"",""median"":""3641673114"",""maximum"":""4050166492"",""median_absolute_deviation"":""105983947""}","{""count"":""7"",""minimum"":""-5702153058"",""median"":""-5395348068"",""maximum"":""-4578344343"",""median_absolute_deviation"":""62724155""}",7,0,0,"{""lsf"":{""pair_count"":3,""available_pairs"":3,""unavailable_pairs"":0,""native"":{""count"":""3"",""minimum"":""8848419191"",""median"":""8866410207"",""maximum"":""8928078981"",""median_absolute_deviation"":""17991016""},""lsf"":{""count"":""3"",""minimum"":""3451209716"",""median"":""3471062139"",""maximum"":""3585962263"",""median_absolute_deviation"":""19852423""},""paired_difference"":{""count"":""3"",""minimum"":""-5397209475"",""median"":""-5395348068"",""maximum"":""-5342116718"",""median_absolute_deviation"":""1861407""},""lower"":3,""equal"":0,""higher"":0},""native"":{""pair_count"":4,""available_pairs"":4,""unavailable_pairs"":0,""native"":{""count"":""4"",""minimum"":""8615514425"",""median"":""8917120059.5"",""maximum"":""9372671188"",""median_absolute_deviation"":""295107429.5""},""lsf"":{""count"":""4"",""minimum"":""3641673114"",""median"":""3709087595.5"",""maximum"":""4050166492"",""median_absolute_deviation"":""52991973.5""},""paired_difference"":{""count"":""4"",""minimum"":""-5702153058"",""median"":""-5215956767"",""maximum"":""-4578344343"",""median_absolute_deviation"":""364155873.5""},""lower"":4,""equal"":0,""higher"":0}}"
8,last_ready_observation_to_first_response_ack_nanos,ns,"[{""pair"":0,""first_arm"":""native"",""native_group"":2,""lsf_group"":3,""native"":""5397444293"",""lsf"":""1991813348"",""lsf_minus_native"":""-3405630945"",""percent_of_native"":""-63.097102""},{""pair"":1,""first_arm"":""native"",""native_group"":0,""lsf_group"":1,""native"":""5390202229"",""lsf"":""1819813039"",""lsf_minus_native"":""-3570389190"",""percent_of_native"":""-66.238502""},{""pair"":2,""first_arm"":""lsf"",""native_group"":5,""lsf_group"":4,""native"":""5522741003"",""lsf"":""1763686504"",""lsf_minus_native"":""-3759054499"",""percent_of_native"":""-68.065015""},{""pair"":3,""first_arm"":""lsf"",""native_group"":3,""lsf_group"":2,""native"":""5274126958"",""lsf"":""1588465805"",""lsf_minus_native"":""-3685661153"",""percent_of_native"":""-69.881919""},{""pair"":4,""first_arm"":""lsf"",""native_group"":1,""lsf_group"":0,""native"":""5434224188"",""lsf"":""1783913009"",""lsf_minus_native"":""-3650311179"",""percent_of_native"":""-67.172628""},{""pair"":5,""first_arm"":""native"",""native_group"":4,""lsf_group"":5,""native"":""5398403202"",""lsf"":""1779329695"",""lsf_minus_native"":""-3619073507"",""percent_of_native"":""-67.039704""},{""pair"":6,""first_arm"":""native"",""native_group"":2,""lsf_group"":3,""native"":""6177721053"",""lsf"":""1824236036"",""lsf_minus_native"":""-4353485017"",""percent_of_native"":""-70.470728""}]",7,7,0,"{""count"":""7"",""minimum"":""5274126958"",""median"":""5398403202"",""maximum"":""6177721053"",""median_absolute_deviation"":""35820986""}","{""count"":""7"",""minimum"":""1588465805"",""median"":""1783913009"",""maximum"":""1991813348"",""median_absolute_deviation"":""35900030""}","{""count"":""7"",""minimum"":""-4353485017"",""median"":""-3650311179"",""maximum"":""-3405630945"",""median_absolute_deviation"":""79921989""}",7,0,0,"{""lsf"":{""pair_count"":3,""available_pairs"":3,""unavailable_pairs"":0,""native"":{""count"":""3"",""minimum"":""5274126958"",""median"":""5434224188"",""maximum"":""5522741003"",""median_absolute_deviation"":""88516815""},""lsf"":{""count"":""3"",""minimum"":""1588465805"",""median"":""1763686504"",""maximum"":""1783913009"",""median_absolute_deviation"":""20226505""},""paired_difference"":{""count"":""3"",""minimum"":""-3759054499"",""median"":""-3685661153"",""maximum"":""-3650311179"",""median_absolute_deviation"":""35349974""},""lower"":3,""equal"":0,""higher"":0},""native"":{""pair_count"":4,""available_pairs"":4,""unavailable_pairs"":0,""native"":{""count"":""4"",""minimum"":""5390202229"",""median"":""5397923747.5"",""maximum"":""6177721053"",""median_absolute_deviation"":""4100486.5""},""lsf"":{""count"":""4"",""minimum"":""1779329695"",""median"":""1822024537.5"",""maximum"":""1991813348"",""median_absolute_deviation"":""22453170.5""},""paired_difference"":{""count"":""4"",""minimum"":""-4353485017"",""median"":""-3594731348.5"",""maximum"":""-3405630945"",""median_absolute_deviation"":""106721281""},""lower"":4,""equal"":0,""higher"":0}}"
8,first_phase_command_to_first_response_ack_nanos,ns,"[{""pair"":0,""first_arm"":""native"",""native_group"":2,""lsf_group"":3,""native"":""3326413"",""lsf"":""46567278"",""lsf_minus_native"":""43240865"",""percent_of_native"":""1299.924724""},{""pair"":1,""first_arm"":""native"",""native_group"":0,""lsf_group"":1,""native"":""3119628"",""lsf"":""46725764"",""lsf_minus_native"":""43606136"",""percent_of_native"":""1397.799225""},{""pair"":2,""first_arm"":""lsf"",""native_group"":5,""lsf_group"":4,""native"":""3774352"",""lsf"":""43437742"",""lsf_minus_native"":""39663390"",""percent_of_native"":""1050.866215""},{""pair"":3,""first_arm"":""lsf"",""native_group"":3,""lsf_group"":2,""native"":""3200775"",""lsf"":""42431457"",""lsf_minus_native"":""39230682"",""percent_of_native"":""1225.661972""},{""pair"":4,""first_arm"":""lsf"",""native_group"":1,""lsf_group"":0,""native"":""3263998"",""lsf"":""39116488"",""lsf_minus_native"":""35852490"",""percent_of_native"":""1098.422548""},{""pair"":5,""first_arm"":""native"",""native_group"":4,""lsf_group"":5,""native"":""3942830"",""lsf"":""47335833"",""lsf_minus_native"":""43393003"",""percent_of_native"":""1100.554754""},{""pair"":6,""first_arm"":""native"",""native_group"":2,""lsf_group"":3,""native"":""3871877"",""lsf"":""44785613"",""lsf_minus_native"":""40913736"",""percent_of_native"":""1056.689972""}]",7,7,0,"{""count"":""7"",""minimum"":""3119628"",""median"":""3326413"",""maximum"":""3942830"",""median_absolute_deviation"":""206785""}","{""count"":""7"",""minimum"":""39116488"",""median"":""44785613"",""maximum"":""47335833"",""median_absolute_deviation"":""1940151""}","{""count"":""7"",""minimum"":""35852490"",""median"":""40913736"",""maximum"":""43606136"",""median_absolute_deviation"":""2327129""}",0,0,7,"{""lsf"":{""pair_count"":3,""available_pairs"":3,""unavailable_pairs"":0,""native"":{""count"":""3"",""minimum"":""3200775"",""median"":""3263998"",""maximum"":""3774352"",""median_absolute_deviation"":""63223""},""lsf"":{""count"":""3"",""minimum"":""39116488"",""median"":""42431457"",""maximum"":""43437742"",""median_absolute_deviation"":""1006285""},""paired_difference"":{""count"":""3"",""minimum"":""35852490"",""median"":""39230682"",""maximum"":""39663390"",""median_absolute_deviation"":""432708""},""lower"":0,""equal"":0,""higher"":3},""native"":{""pair_count"":4,""available_pairs"":4,""unavailable_pairs"":0,""native"":{""count"":""4"",""minimum"":""3119628"",""median"":""3599145"",""maximum"":""3942830"",""median_absolute_deviation"":""308208.5""},""lsf"":{""count"":""4"",""minimum"":""44785613"",""median"":""46646521"",""maximum"":""47335833"",""median_absolute_deviation"":""384277.5""},""paired_difference"":{""count"":""4"",""minimum"":""40913736"",""median"":""43316934"",""maximum"":""43606136"",""median_absolute_deviation"":""182635.5""},""lower"":0,""equal"":0,""higher"":4}}"
8,cohort_first_request_to_service_graph_ready_nanos,ns,"[{""pair"":0,""first_arm"":""native"",""native_group"":2,""lsf_group"":3,""native"":""3299141949"",""lsf"":""2124582482"",""lsf_minus_native"":""-1174559467"",""percent_of_native"":""-35.601968""},{""pair"":1,""first_arm"":""native"",""native_group"":0,""lsf_group"":1,""native"":""4052881649"",""lsf"":""1916241397"",""lsf_minus_native"":""-2136640252"",""percent_of_native"":""-52.719039""},{""pair"":2,""first_arm"":""lsf"",""native_group"":5,""lsf_group"":4,""native"":""3505393518"",""lsf"":""1890008455"",""lsf_minus_native"":""-1615385063"",""percent_of_native"":""-46.082845""},{""pair"":3,""first_arm"":""lsf"",""native_group"":3,""lsf_group"":2,""native"":""3651790714"",""lsf"":""1936621556"",""lsf_minus_native"":""-1715169158"",""percent_of_native"":""-46.967893""},{""pair"":4,""first_arm"":""lsf"",""native_group"":1,""lsf_group"":0,""native"":""3508763537"",""lsf"":""1790368539"",""lsf_minus_native"":""-1718394998"",""percent_of_native"":""-48.974375""},{""pair"":5,""first_arm"":""native"",""native_group"":4,""lsf_group"":5,""native"":""3292890287"",""lsf"":""1930589760"",""lsf_minus_native"":""-1362300527"",""percent_of_native"":""-41.370966""},{""pair"":6,""first_arm"":""native"",""native_group"":2,""lsf_group"":3,""native"":""3132977566"",""lsf"":""1987915751"",""lsf_minus_native"":""-1145061815"",""percent_of_native"":""-36.548676""}]",7,7,0,"{""count"":""7"",""minimum"":""3132977566"",""median"":""3505393518"",""maximum"":""4052881649"",""median_absolute_deviation"":""206251569""}","{""count"":""7"",""minimum"":""1790368539"",""median"":""1930589760"",""maximum"":""2124582482"",""median_absolute_deviation"":""40581305""}","{""count"":""7"",""minimum"":""-2136640252"",""median"":""-1615385063"",""maximum"":""-1145061815"",""median_absolute_deviation"":""253084536""}",7,0,0,"{""lsf"":{""pair_count"":3,""available_pairs"":3,""unavailable_pairs"":0,""native"":{""count"":""3"",""minimum"":""3505393518"",""median"":""3508763537"",""maximum"":""3651790714"",""median_absolute_deviation"":""3370019""},""lsf"":{""count"":""3"",""minimum"":""1790368539"",""median"":""1890008455"",""maximum"":""1936621556"",""median_absolute_deviation"":""46613101""},""paired_difference"":{""count"":""3"",""minimum"":""-1718394998"",""median"":""-1715169158"",""maximum"":""-1615385063"",""median_absolute_deviation"":""3225840""},""lower"":3,""equal"":0,""higher"":0},""native"":{""pair_count"":4,""available_pairs"":4,""unavailable_pairs"":0,""native"":{""count"":""4"",""minimum"":""3132977566"",""median"":""3296016118"",""maximum"":""4052881649"",""median_absolute_deviation"":""83082191.5""},""lsf"":{""count"":""4"",""minimum"":""1916241397"",""median"":""1959252755.5"",""maximum"":""2124582482"",""median_absolute_deviation"":""35837177""},""paired_difference"":{""count"":""4"",""minimum"":""-2136640252"",""median"":""-1268429997"",""maximum"":""-1145061815"",""median_absolute_deviation"":""108619356""},""lower"":4,""equal"":0,""higher"":0}}"
8,cohort_first_request_to_service_forwarding_ready_nanos,ns,"[{""pair"":0,""first_arm"":""native"",""native_group"":2,""lsf_group"":3,""native"":""3396022499"",""lsf"":""2976294224"",""lsf_minus_native"":""-419728275"",""percent_of_native"":""-12.359408""},{""pair"":1,""first_arm"":""native"",""native_group"":0,""lsf_group"":1,""native"":""4149253721"",""lsf"":""2471880698"",""lsf_minus_native"":""-1677373023"",""percent_of_native"":""-40.425897""},{""pair"":2,""first_arm"":""lsf"",""native_group"":5,""lsf_group"":4,""native"":""3622368819"",""lsf"":""2531704603"",""lsf_minus_native"":""-1090664216"",""percent_of_native"":""-30.109143""},{""pair"":3,""first_arm"":""lsf"",""native_group"":3,""lsf_group"":2,""native"":""3796708179"",""lsf"":""2434476819"",""lsf_minus_native"":""-1362231360"",""percent_of_native"":""-35.879275""},{""pair"":4,""first_arm"":""lsf"",""native_group"":1,""lsf_group"":0,""native"":""3626793520"",""lsf"":""2419469452"",""lsf_minus_native"":""-1207324068"",""percent_of_native"":""-33.289021""},{""pair"":5,""first_arm"":""native"",""native_group"":4,""lsf_group"":5,""native"":""3414307291"",""lsf"":""2497541181"",""lsf_minus_native"":""-916766110"",""percent_of_native"":""-26.850721""},{""pair"":6,""first_arm"":""native"",""native_group"":2,""lsf_group"":3,""native"":""3264869099"",""lsf"":""2592668251"",""lsf_minus_native"":""-672200848"",""percent_of_native"":""-20.588907""}]",7,7,0,"{""count"":""7"",""minimum"":""3264869099"",""median"":""3622368819"",""maximum"":""4149253721"",""median_absolute_deviation"":""208061528""}","{""count"":""7"",""minimum"":""2419469452"",""median"":""2497541181"",""maximum"":""2976294224"",""median_absolute_deviation"":""63064362""}","{""count"":""7"",""minimum"":""-1677373023"",""median"":""-1090664216"",""maximum"":""-419728275"",""median_absolute_deviation"":""271567144""}",7,0,0,"{""lsf"":{""pair_count"":3,""available_pairs"":3,""unavailable_pairs"":0,""native"":{""count"":""3"",""minimum"":""3622368819"",""median"":""3626793520"",""maximum"":""3796708179"",""median_absolute_deviation"":""4424701""},""lsf"":{""count"":""3"",""minimum"":""2419469452"",""median"":""2434476819"",""maximum"":""2531704603"",""median_absolute_deviation"":""15007367""},""paired_difference"":{""count"":""3"",""minimum"":""-1362231360"",""median"":""-1207324068"",""maximum"":""-1090664216"",""median_absolute_deviation"":""116659852""},""lower"":3,""equal"":0,""higher"":0},""native"":{""pair_count"":4,""available_pairs"":4,""unavailable_pairs"":0,""native"":{""count"":""4"",""minimum"":""3264869099"",""median"":""3405164895"",""maximum"":""4149253721"",""median_absolute_deviation"":""74719096""},""lsf"":{""count"":""4"",""minimum"":""2471880698"",""median"":""2545104716"",""maximum"":""2976294224"",""median_absolute_deviation"":""60393776.5""},""paired_difference"":{""count"":""4"",""minimum"":""-1677373023"",""median"":""-794483479"",""maximum"":""-419728275"",""median_absolute_deviation"":""248518917.5""},""lower"":4,""equal"":0,""higher"":0}}"
32,cohort_first_request_to_last_ready_observed_upper_nanos,ns,"[{""pair"":0,""first_arm"":""lsf"",""native_group"":5,""lsf_group"":4,""native"":""10359792281"",""lsf"":""1649386203"",""lsf_minus_native"":""-8710406078"",""percent_of_native"":""-84.078965""},{""pair"":1,""first_arm"":""lsf"",""native_group"":3,""lsf_group"":2,""native"":""9714384095"",""lsf"":""2484937631"",""lsf_minus_native"":""-7229446464"",""percent_of_native"":""-74.420019""},{""pair"":2,""first_arm"":""lsf"",""native_group"":1,""lsf_group"":0,""native"":""10021942795"",""lsf"":""2609808437"",""lsf_minus_native"":""-7412134358"",""percent_of_native"":""-73.959057""},{""pair"":3,""first_arm"":""native"",""native_group"":4,""lsf_group"":5,""native"":""9629978189"",""lsf"":""2367679852"",""lsf_minus_native"":""-7262298337"",""percent_of_native"":""-75.413445""},{""pair"":4,""first_arm"":""native"",""native_group"":2,""lsf_group"":3,""native"":""10225668824"",""lsf"":""2175019289"",""lsf_minus_native"":""-8050649535"",""percent_of_native"":""-78.729809""},{""pair"":5,""first_arm"":""native"",""native_group"":0,""lsf_group"":1,""native"":""9736305280"",""lsf"":""1993566782"",""lsf_minus_native"":""-7742738498"",""percent_of_native"":""-79.524401""},{""pair"":6,""first_arm"":""lsf"",""native_group"":5,""lsf_group"":4,""native"":""9675216289"",""lsf"":""2405736489"",""lsf_minus_native"":""-7269479800"",""percent_of_native"":""-75.135062""}]",7,7,0,"{""count"":""7"",""minimum"":""9629978189"",""median"":""9736305280"",""maximum"":""10359792281"",""median_absolute_deviation"":""106327091""}","{""count"":""7"",""minimum"":""1649386203"",""median"":""2367679852"",""maximum"":""2609808437"",""median_absolute_deviation"":""192660563""}","{""count"":""7"",""minimum"":""-8710406078"",""median"":""-7412134358"",""maximum"":""-7229446464"",""median_absolute_deviation"":""182687894""}",7,0,0,"{""lsf"":{""pair_count"":4,""available_pairs"":4,""unavailable_pairs"":0,""native"":{""count"":""4"",""minimum"":""9675216289"",""median"":""9868163445"",""maximum"":""10359792281"",""median_absolute_deviation"":""173363253""},""lsf"":{""count"":""4"",""minimum"":""1649386203"",""median"":""2445337060"",""maximum"":""2609808437"",""median_absolute_deviation"":""102035974""},""paired_difference"":{""count"":""4"",""minimum"":""-8710406078"",""median"":""-7340807079"",""maximum"":""-7229446464"",""median_absolute_deviation"":""91343947""},""lower"":4,""equal"":0,""higher"":0},""native"":{""pair_count"":3,""available_pairs"":3,""unavailable_pairs"":0,""native"":{""count"":""3"",""minimum"":""9629978189"",""median"":""9736305280"",""maximum"":""10225668824"",""median_absolute_deviation"":""106327091""},""lsf"":{""count"":""3"",""minimum"":""1993566782"",""median"":""2175019289"",""maximum"":""2367679852"",""median_absolute_deviation"":""181452507""},""paired_difference"":{""count"":""3"",""minimum"":""-8050649535"",""median"":""-7742738498"",""maximum"":""-7262298337"",""median_absolute_deviation"":""307911037""},""lower"":3,""equal"":0,""higher"":0}}"
32,cohort_first_request_to_first_response_observed_upper_nanos,ns,"[{""pair"":0,""first_arm"":""lsf"",""native_group"":5,""lsf_group"":4,""native"":""30871950338"",""lsf"":""4082324497"",""lsf_minus_native"":""-26789625841"",""percent_of_native"":""-86.77659""},{""pair"":1,""first_arm"":""lsf"",""native_group"":3,""lsf_group"":2,""native"":""29848666782"",""lsf"":""4987534685"",""lsf_minus_native"":""-24861132097"",""percent_of_native"":""-83.290595""},{""pair"":2,""first_arm"":""lsf"",""native_group"":1,""lsf_group"":0,""native"":""30258696923"",""lsf"":""3932993090"",""lsf_minus_native"":""-26325703833"",""percent_of_native"":""-87.002107""},{""pair"":3,""first_arm"":""native"",""native_group"":4,""lsf_group"":5,""native"":""29835614716"",""lsf"":""4503035206"",""lsf_minus_native"":""-25332579510"",""percent_of_native"":""-84.907181""},{""pair"":4,""first_arm"":""native"",""native_group"":2,""lsf_group"":3,""native"":""30190759164"",""lsf"":""4191076510"",""lsf_minus_native"":""-25999682654"",""percent_of_native"":""-86.118015""},{""pair"":5,""first_arm"":""native"",""native_group"":0,""lsf_group"":1,""native"":""29470844003"",""lsf"":""4243993701"",""lsf_minus_native"":""-25226850302"",""percent_of_native"":""-85.599348""},{""pair"":6,""first_arm"":""lsf"",""native_group"":5,""lsf_group"":4,""native"":""29826257746"",""lsf"":""5039058852"",""lsf_minus_native"":""-24787198894"",""percent_of_native"":""-83.105293""}]",7,7,0,"{""count"":""7"",""minimum"":""29470844003"",""median"":""29848666782"",""maximum"":""30871950338"",""median_absolute_deviation"":""342092382""}","{""count"":""7"",""minimum"":""3932993090"",""median"":""4243993701"",""maximum"":""5039058852"",""median_absolute_deviation"":""259041505""}","{""count"":""7"",""minimum"":""-26789625841"",""median"":""-25332579510"",""maximum"":""-24787198894"",""median_absolute_deviation"":""545380616""}",7,0,0,"{""lsf"":{""pair_count"":4,""available_pairs"":4,""unavailable_pairs"":0,""native"":{""count"":""4"",""minimum"":""29826257746"",""median"":""30053681852.5"",""maximum"":""30871950338"",""median_absolute_deviation"":""216219588.5""},""lsf"":{""count"":""4"",""minimum"":""3932993090"",""median"":""4534929591"",""maximum"":""5039058852"",""median_absolute_deviation"":""478367177.5""},""paired_difference"":{""count"":""4"",""minimum"":""-26789625841"",""median"":""-25593417965"",""maximum"":""-24787198894"",""median_absolute_deviation"":""769252469.5""},""lower"":4,""equal"":0,""higher"":0},""native"":{""pair_count"":3,""available_pairs"":3,""unavailable_pairs"":0,""native"":{""count"":""3"",""minimum"":""29470844003"",""median"":""29835614716"",""maximum"":""30190759164"",""median_absolute_deviation"":""355144448""},""lsf"":{""count"":""3"",""minimum"":""4191076510"",""median"":""4243993701"",""maximum"":""4503035206"",""median_absolute_deviation"":""52917191""},""paired_difference"":{""count"":""3"",""minimum"":""-25999682654"",""median"":""-25332579510"",""maximum"":""-25226850302"",""median_absolute_deviation"":""105729208""},""lower"":3,""equal"":0,""higher"":0}}"
32,first_target_request_to_first_response_observed_upper_nanos,ns,"[{""pair"":0,""first_arm"":""lsf"",""native_group"":5,""lsf_group"":4,""native"":""30871950338"",""lsf"":""4082324497"",""lsf_minus_native"":""-26789625841"",""percent_of_native"":""-86.77659""},{""pair"":1,""first_arm"":""lsf"",""native_group"":3,""lsf_group"":2,""native"":""29848666782"",""lsf"":""4987534685"",""lsf_minus_native"":""-24861132097"",""percent_of_native"":""-83.290595""},{""pair"":2,""first_arm"":""lsf"",""native_group"":1,""lsf_group"":0,""native"":""30258696923"",""lsf"":""3932993090"",""lsf_minus_native"":""-26325703833"",""percent_of_native"":""-87.002107""},{""pair"":3,""first_arm"":""native"",""native_group"":4,""lsf_group"":5,""native"":""29835614716"",""lsf"":""4503035206"",""lsf_minus_native"":""-25332579510"",""percent_of_native"":""-84.907181""},{""pair"":4,""first_arm"":""native"",""native_group"":2,""lsf_group"":3,""native"":""30190759164"",""lsf"":""4191076510"",""lsf_minus_native"":""-25999682654"",""percent_of_native"":""-86.118015""},{""pair"":5,""first_arm"":""native"",""native_group"":0,""lsf_group"":1,""native"":""29470844003"",""lsf"":""4243993701"",""lsf_minus_native"":""-25226850302"",""percent_of_native"":""-85.599348""},{""pair"":6,""first_arm"":""lsf"",""native_group"":5,""lsf_group"":4,""native"":""29826257746"",""lsf"":""5039058852"",""lsf_minus_native"":""-24787198894"",""percent_of_native"":""-83.105293""}]",7,7,0,"{""count"":""7"",""minimum"":""29470844003"",""median"":""29848666782"",""maximum"":""30871950338"",""median_absolute_deviation"":""342092382""}","{""count"":""7"",""minimum"":""3932993090"",""median"":""4243993701"",""maximum"":""5039058852"",""median_absolute_deviation"":""259041505""}","{""count"":""7"",""minimum"":""-26789625841"",""median"":""-25332579510"",""maximum"":""-24787198894"",""median_absolute_deviation"":""545380616""}",7,0,0,"{""lsf"":{""pair_count"":4,""available_pairs"":4,""unavailable_pairs"":0,""native"":{""count"":""4"",""minimum"":""29826257746"",""median"":""30053681852.5"",""maximum"":""30871950338"",""median_absolute_deviation"":""216219588.5""},""lsf"":{""count"":""4"",""minimum"":""3932993090"",""median"":""4534929591"",""maximum"":""5039058852"",""median_absolute_deviation"":""478367177.5""},""paired_difference"":{""count"":""4"",""minimum"":""-26789625841"",""median"":""-25593417965"",""maximum"":""-24787198894"",""median_absolute_deviation"":""769252469.5""},""lower"":4,""equal"":0,""higher"":0},""native"":{""pair_count"":3,""available_pairs"":3,""unavailable_pairs"":0,""native"":{""count"":""3"",""minimum"":""29470844003"",""median"":""29835614716"",""maximum"":""30190759164"",""median_absolute_deviation"":""355144448""},""lsf"":{""count"":""3"",""minimum"":""4191076510"",""median"":""4243993701"",""maximum"":""4503035206"",""median_absolute_deviation"":""52917191""},""paired_difference"":{""count"":""3"",""minimum"":""-25999682654"",""median"":""-25332579510"",""maximum"":""-25226850302"",""median_absolute_deviation"":""105729208""},""lower"":3,""equal"":0,""higher"":0}}"
32,last_ready_observation_to_first_response_ack_nanos,ns,"[{""pair"":0,""first_arm"":""lsf"",""native_group"":5,""lsf_group"":4,""native"":""20512158057"",""lsf"":""2432938294"",""lsf_minus_native"":""-18079219763"",""percent_of_native"":""-88.139043""},{""pair"":1,""first_arm"":""lsf"",""native_group"":3,""lsf_group"":2,""native"":""20134282687"",""lsf"":""2502597054"",""lsf_minus_native"":""-17631685633"",""percent_of_native"":""-87.570468""},{""pair"":2,""first_arm"":""lsf"",""native_group"":1,""lsf_group"":0,""native"":""20236754128"",""lsf"":""1323184653"",""lsf_minus_native"":""-18913569475"",""percent_of_native"":""-93.461478""},{""pair"":3,""first_arm"":""native"",""native_group"":4,""lsf_group"":5,""native"":""20205636527"",""lsf"":""2135355354"",""lsf_minus_native"":""-18070281173"",""percent_of_native"":""-89.431883""},{""pair"":4,""first_arm"":""native"",""native_group"":2,""lsf_group"":3,""native"":""19965090340"",""lsf"":""2016057221"",""lsf_minus_native"":""-17949033119"",""percent_of_native"":""-89.902088""},{""pair"":5,""first_arm"":""native"",""native_group"":0,""lsf_group"":1,""native"":""19734538723"",""lsf"":""2250426919"",""lsf_minus_native"":""-17484111804"",""percent_of_native"":""-88.596506""},{""pair"":6,""first_arm"":""lsf"",""native_group"":5,""lsf_group"":4,""native"":""20151041457"",""lsf"":""2633322363"",""lsf_minus_native"":""-17517719094"",""percent_of_native"":""-86.932078""}]",7,7,0,"{""count"":""7"",""minimum"":""19734538723"",""median"":""20151041457"",""maximum"":""20512158057"",""median_absolute_deviation"":""85712671""}","{""count"":""7"",""minimum"":""1323184653"",""median"":""2250426919"",""maximum"":""2633322363"",""median_absolute_deviation"":""234369698""}","{""count"":""7"",""minimum"":""-18913569475"",""median"":""-17949033119"",""maximum"":""-17484111804"",""median_absolute_deviation"":""317347486""}",7,0,0,"{""lsf"":{""pair_count"":4,""available_pairs"":4,""unavailable_pairs"":0,""native"":{""count"":""4"",""minimum"":""20134282687"",""median"":""20193897792.5"",""maximum"":""20512158057"",""median_absolute_deviation"":""51235720.5""},""lsf"":{""count"":""4"",""minimum"":""1323184653"",""median"":""2467767674"",""maximum"":""2633322363"",""median_absolute_deviation"":""100192034.5""},""paired_difference"":{""count"":""4"",""minimum"":""-18913569475"",""median"":""-17855452698"",""maximum"":""-17517719094"",""median_absolute_deviation"":""280750334.5""},""lower"":4,""equal"":0,""higher"":0},""native"":{""pair_count"":3,""available_pairs"":3,""unavailable_pairs"":0,""native"":{""count"":""3"",""minimum"":""19734538723"",""median"":""19965090340"",""maximum"":""20205636527"",""median_absolute_deviation"":""230551617""},""lsf"":{""count"":""3"",""minimum"":""2016057221"",""median"":""2135355354"",""maximum"":""2250426919"",""median_absolute_deviation"":""115071565""},""paired_difference"":{""count"":""3"",""minimum"":""-18070281173"",""median"":""-17949033119"",""maximum"":""-17484111804"",""median_absolute_deviation"":""121248054""},""lower"":3,""equal"":0,""higher"":0}}"
32,first_phase_command_to_first_response_ack_nanos,ns,"[{""pair"":0,""first_arm"":""lsf"",""native_group"":5,""lsf_group"":4,""native"":""3289910"",""lsf"":""40986842"",""lsf_minus_native"":""37696932"",""percent_of_native"":""1145.834749""},{""pair"":1,""first_arm"":""lsf"",""native_group"":3,""lsf_group"":2,""native"":""3360305"",""lsf"":""40673712"",""lsf_minus_native"":""37313407"",""percent_of_native"":""1110.417269""},{""pair"":2,""first_arm"":""lsf"",""native_group"":1,""lsf_group"":0,""native"":""3323272"",""lsf"":""42969381"",""lsf_minus_native"":""39646109"",""percent_of_native"":""1192.984173""},{""pair"":3,""first_arm"":""native"",""native_group"":4,""lsf_group"":5,""native"":""3859747"",""lsf"":""39006478"",""lsf_minus_native"":""35146731"",""percent_of_native"":""910.596757""},{""pair"":4,""first_arm"":""native"",""native_group"":2,""lsf_group"":3,""native"":""3255940"",""lsf"":""44100626"",""lsf_minus_native"":""40844686"",""percent_of_native"":""1254.46679""},{""pair"":5,""first_arm"":""native"",""native_group"":0,""lsf_group"":1,""native"":""4739462"",""lsf"":""40590357"",""lsf_minus_native"":""35850895"",""percent_of_native"":""756.433853""},{""pair"":6,""first_arm"":""lsf"",""native_group"":5,""lsf_group"":4,""native"":""4249215"",""lsf"":""41238155"",""lsf_minus_native"":""36988940"",""percent_of_native"":""870.488784""}]",7,7,0,"{""count"":""7"",""minimum"":""3255940"",""median"":""3360305"",""maximum"":""4739462"",""median_absolute_deviation"":""104365""}","{""count"":""7"",""minimum"":""39006478"",""median"":""40986842"",""maximum"":""44100626"",""median_absolute_deviation"":""396485""}","{""count"":""7"",""minimum"":""35146731"",""median"":""37313407"",""maximum"":""40844686"",""median_absolute_deviation"":""1462512""}",0,0,7,"{""lsf"":{""pair_count"":4,""available_pairs"":4,""unavailable_pairs"":0,""native"":{""count"":""4"",""minimum"":""3289910"",""median"":""3341788.5"",""maximum"":""4249215"",""median_absolute_deviation"":""35197.5""},""lsf"":{""count"":""4"",""minimum"":""40673712"",""median"":""41112498.5"",""maximum"":""42969381"",""median_absolute_deviation"":""282221.5""},""paired_difference"":{""count"":""4"",""minimum"":""36988940"",""median"":""37505169.5"",""maximum"":""39646109"",""median_absolute_deviation"":""353996""},""lower"":0,""equal"":0,""higher"":4},""native"":{""pair_count"":3,""available_pairs"":3,""unavailable_pairs"":0,""native"":{""count"":""3"",""minimum"":""3255940"",""median"":""3859747"",""maximum"":""4739462"",""median_absolute_deviation"":""603807""},""lsf"":{""count"":""3"",""minimum"":""39006478"",""median"":""40590357"",""maximum"":""44100626"",""median_absolute_deviation"":""1583879""},""paired_difference"":{""count"":""3"",""minimum"":""35146731"",""median"":""35850895"",""maximum"":""40844686"",""median_absolute_deviation"":""704164""},""lower"":0,""equal"":0,""higher"":3}}"
32,cohort_first_request_to_service_graph_ready_nanos,ns,"[{""pair"":0,""first_arm"":""lsf"",""native_group"":5,""lsf_group"":4,""native"":""10470308398"",""lsf"":""2836315843"",""lsf_minus_native"":""-7633992555"",""percent_of_native"":""-72.910866""},{""pair"":1,""first_arm"":""lsf"",""native_group"":3,""lsf_group"":2,""native"":""9840623317"",""lsf"":""2848920384"",""lsf_minus_native"":""-6991702933"",""percent_of_native"":""-71.049391""},{""pair"":2,""first_arm"":""lsf"",""native_group"":1,""lsf_group"":0,""native"":""10143071160"",""lsf"":""2726557945"",""lsf_minus_native"":""-7416513215"",""percent_of_native"":""-73.11901""},{""pair"":3,""first_arm"":""native"",""native_group"":4,""lsf_group"":5,""native"":""9756321325"",""lsf"":""2846856496"",""lsf_minus_native"":""-6909464829"",""percent_of_native"":""-70.82039""},{""pair"":4,""first_arm"":""native"",""native_group"":2,""lsf_group"":3,""native"":""10350120372"",""lsf"":""2924720853"",""lsf_minus_native"":""-7425399519"",""percent_of_native"":""-71.742156""},{""pair"":5,""first_arm"":""native"",""native_group"":0,""lsf_group"":1,""native"":""9843477852"",""lsf"":""2882465444"",""lsf_minus_native"":""-6961012408"",""percent_of_native"":""-70.717002""},{""pair"":6,""first_arm"":""lsf"",""native_group"":5,""lsf_group"":4,""native"":""9793707674"",""lsf"":""2895817140"",""lsf_minus_native"":""-6897890534"",""percent_of_native"":""-70.431861""}]",7,7,0,"{""count"":""7"",""minimum"":""9756321325"",""median"":""9843477852"",""maximum"":""10470308398"",""median_absolute_deviation"":""87156527""}","{""count"":""7"",""minimum"":""2726557945"",""median"":""2848920384"",""maximum"":""2924720853"",""median_absolute_deviation"":""33545060""}","{""count"":""7"",""minimum"":""-7633992555"",""median"":""-6991702933"",""maximum"":""-6897890534"",""median_absolute_deviation"":""93812399""}",7,0,0,"{""lsf"":{""pair_count"":4,""available_pairs"":4,""unavailable_pairs"":0,""native"":{""count"":""4"",""minimum"":""9793707674"",""median"":""9991847238.5"",""maximum"":""10470308398"",""median_absolute_deviation"":""174681743""},""lsf"":{""count"":""4"",""minimum"":""2726557945"",""median"":""2842618113.5"",""maximum"":""2895817140"",""median_absolute_deviation"":""29750648.5""},""paired_difference"":{""count"":""4"",""minimum"":""-7633992555"",""median"":""-7204108074"",""maximum"":""-6897890534"",""median_absolute_deviation"":""259311340.5""},""lower"":4,""equal"":0,""higher"":0},""native"":{""pair_count"":3,""available_pairs"":3,""unavailable_pairs"":0,""native"":{""count"":""3"",""minimum"":""9756321325"",""median"":""9843477852"",""maximum"":""10350120372"",""median_absolute_deviation"":""87156527""},""lsf"":{""count"":""3"",""minimum"":""2846856496"",""median"":""2882465444"",""maximum"":""2924720853"",""median_absolute_deviation"":""35608948""},""paired_difference"":{""count"":""3"",""minimum"":""-7425399519"",""median"":""-6961012408"",""maximum"":""-6909464829"",""median_absolute_deviation"":""51547579""},""lower"":3,""equal"":0,""higher"":0}}"
32,cohort_first_request_to_service_forwarding_ready_nanos,ns,"[{""pair"":0,""first_arm"":""lsf"",""native_group"":5,""lsf_group"":4,""native"":""10597016682"",""lsf"":""2982281813"",""lsf_minus_native"":""-7614734869"",""percent_of_native"":""-71.857345""},{""pair"":1,""first_arm"":""lsf"",""native_group"":3,""lsf_group"":2,""native"":""9975392416"",""lsf"":""3875608233"",""lsf_minus_native"":""-6099784183"",""percent_of_native"":""-61.148313""},{""pair"":2,""first_arm"":""lsf"",""native_group"":1,""lsf_group"":0,""native"":""10301316357"",""lsf"":""2891328569"",""lsf_minus_native"":""-7409987788"",""percent_of_native"":""-71.932436""},{""pair"":3,""first_arm"":""native"",""native_group"":4,""lsf_group"":5,""native"":""9903515363"",""lsf"":""3458464409"",""lsf_minus_native"":""-6445050954"",""percent_of_native"":""-65.078416""},{""pair"":4,""first_arm"":""native"",""native_group"":2,""lsf_group"":3,""native"":""10462905723"",""lsf"":""3119160477"",""lsf_minus_native"":""-7343745246"",""percent_of_native"":""-70.188392""},{""pair"":5,""first_arm"":""native"",""native_group"":0,""lsf_group"":1,""native"":""9963973599"",""lsf"":""3217207803"",""lsf_minus_native"":""-6746765796"",""percent_of_native"":""-67.711598""},{""pair"":6,""first_arm"":""lsf"",""native_group"":5,""lsf_group"":4,""native"":""9910778220"",""lsf"":""3928771156"",""lsf_minus_native"":""-5982007064"",""percent_of_native"":""-60.358601""}]",7,7,0,"{""count"":""7"",""minimum"":""9903515363"",""median"":""9975392416"",""maximum"":""10597016682"",""median_absolute_deviation"":""71877053""}","{""count"":""7"",""minimum"":""2891328569"",""median"":""3217207803"",""maximum"":""3928771156"",""median_absolute_deviation"":""241256606""}","{""count"":""7"",""minimum"":""-7614734869"",""median"":""-6746765796"",""maximum"":""-5982007064"",""median_absolute_deviation"":""646981613""}",7,0,0,"{""lsf"":{""pair_count"":4,""available_pairs"":4,""unavailable_pairs"":0,""native"":{""count"":""4"",""minimum"":""9910778220"",""median"":""10138354386.5"",""maximum"":""10597016682"",""median_absolute_deviation"":""195269068.5""},""lsf"":{""count"":""4"",""minimum"":""2891328569"",""median"":""3428945023"",""maximum"":""3928771156"",""median_absolute_deviation"":""473244671.5""},""paired_difference"":{""count"":""4"",""minimum"":""-7614734869"",""median"":""-6754885985.5"",""maximum"":""-5982007064"",""median_absolute_deviation"":""713990362""},""lower"":4,""equal"":0,""higher"":0},""native"":{""pair_count"":3,""available_pairs"":3,""unavailable_pairs"":0,""native"":{""count"":""3"",""minimum"":""9903515363"",""median"":""9963973599"",""maximum"":""10462905723"",""median_absolute_deviation"":""60458236""},""lsf"":{""count"":""3"",""minimum"":""3119160477"",""median"":""3217207803"",""maximum"":""3458464409"",""median_absolute_deviation"":""98047326""},""paired_difference"":{""count"":""3"",""minimum"":""-7343745246"",""median"":""-6746765796"",""maximum"":""-6445050954"",""median_absolute_deviation"":""301714842""},""lower"":3,""equal"":0,""higher"":0}}"
