stage,role,container_id,observed_nanos,raw_sha256,metric.cpu_total_nanos,metric.memory_usage_bytes
idle-before-start,control-plane,3f4673acdd0303255b1391b65db491fa50934afd2dd32fd1444a8a7f3c857d70,258632979302201,sha256:3e27eadd73986382247393c555619f81ad0777be515e803abee155dcc7d7cbd1,2670462020000,1351024640
idle-before-start,worker,9243d49a2cf84e8a6402e55d8b406d75bd0212afc88f550ea1bea262680cba83,258632986717418,sha256:7cb1d235746b8bf4a0b06b98251ec3399cabfb6ce38d967a29bdc3a070b8347a,778209133000,781033472
idle-before-end,control-plane,3f4673acdd0303255b1391b65db491fa50934afd2dd32fd1444a8a7f3c857d70,258633246965563,sha256:cf2c84a83b41d79ed6213e589dd8f0ce56b0f18180253635147651b8bddd4215,2670537235000,1349685248
idle-before-end,worker,9243d49a2cf84e8a6402e55d8b406d75bd0212afc88f550ea1bea262680cba83,258633253984065,sha256:e2efd26b0a6417d3203aacd43287646a256186d58df79b5b2f90802f5c9e4fa6,778216687000,781000704
pair-0-group-0-ready,control-plane,3f4673acdd0303255b1391b65db491fa50934afd2dd32fd1444a8a7f3c857d70,258637461999576,sha256:78d96022707b0c0fdd660a70601a77d6bf6bc314a147734e033d4aefb5183ca9,2671884167000,1346584576
pair-0-group-0-ready,worker,9243d49a2cf84e8a6402e55d8b406d75bd0212afc88f550ea1bea262680cba83,258637469757650,sha256:ebd2e968911b6aef7495edd20e0bc58c3b64333ecaa8419057aa10cdf276cf4e,779653317000,798117888
pair-0-group-0-final,control-plane,3f4673acdd0303255b1391b65db491fa50934afd2dd32fd1444a8a7f3c857d70,258640849386835,sha256:a6d5ff6163c3f6ee5699886ea680f4fbcc3105afdf18b92f01cabd638a96a22d,2672410501000,1347325952
pair-0-group-0-final,worker,9243d49a2cf84e8a6402e55d8b406d75bd0212afc88f550ea1bea262680cba83,258640856196105,sha256:29f3c005f882afa1c59e523a147b4b1cbd0dac5ffcf40fd26adc061be3fe87d6,781758171000,806760448
pair-0-group-1-ready,control-plane,3f4673acdd0303255b1391b65db491fa50934afd2dd32fd1444a8a7f3c857d70,258644859656292,sha256:e5d5f2faeec312e848dde034d20f1f0a1c11b0d45d13487ae3479145c289cdc2,2673661259000,1346347008
pair-0-group-1-ready,worker,9243d49a2cf84e8a6402e55d8b406d75bd0212afc88f550ea1bea262680cba83,258644865419374,sha256:3590b57ef37724a97dec2d642eb3496b960587dc16cc84bf50a68458aa92ab58,782867376000,797798400
pair-0-group-1-final,control-plane,3f4673acdd0303255b1391b65db491fa50934afd2dd32fd1444a8a7f3c857d70,258648200919028,sha256:f05a94088629b09c6fb3baf00d7cdbef1acc7a7ccab0994d5a194e162e1fb802,2674223463000,1344249856
pair-0-group-1-final,worker,9243d49a2cf84e8a6402e55d8b406d75bd0212afc88f550ea1bea262680cba83,258648207471165,sha256:665e801fd4914e2451af810eda557056b3aa9909ad5238d34f23a2a2f21c7680,784788314000,800894976
pair-0-group-2-ready,control-plane,3f4673acdd0303255b1391b65db491fa50934afd2dd32fd1444a8a7f3c857d70,258654818128444,sha256:05a66dcf3202c0e2dfc8052a7baacfe6372d74529b0b5836ce02634b7ae0ece5,2677592208000,1343729664
pair-0-group-2-ready,worker,9243d49a2cf84e8a6402e55d8b406d75bd0212afc88f550ea1bea262680cba83,258654823952471,sha256:4181980b2b6446e55ab8cfa816a91cd5497fec92b8daa51f59fe02a6ed907c88,789983036000,856543232
pair-0-group-2-final,control-plane,3f4673acdd0303255b1391b65db491fa50934afd2dd32fd1444a8a7f3c857d70,258670345651441,sha256:ce4e5395e0feee45ce52a27c81a913e3e2d21cde64306556e7cb1a534723bb6e,2680123620000,1347543040
pair-0-group-2-final,worker,9243d49a2cf84e8a6402e55d8b406d75bd0212afc88f550ea1bea262680cba83,258670352453982,sha256:2406a5a4e8239434595b67a50463523c0e16c8bc4ffa6a4c76651cf790609128,801725186000,869380096
pair-0-group-3-ready,control-plane,3f4673acdd0303255b1391b65db491fa50934afd2dd32fd1444a8a7f3c857d70,258690376939856,sha256:bf0b22484564f0e43aef8f7141587b35dd6bf9cadbb60eac8792c34672860e32,2686919413000,1349767168
pair-0-group-3-ready,worker,9243d49a2cf84e8a6402e55d8b406d75bd0212afc88f550ea1bea262680cba83,258690383704181,sha256:e149fbe96856ee2046b5e2b857c2b41fce90edda848cb723c3f229f2d896c7e6,806285451000,803233792
pair-0-group-3-final,control-plane,3f4673acdd0303255b1391b65db491fa50934afd2dd32fd1444a8a7f3c857d70,258693783635640,sha256:cfae4ac07233a90b26ce3da0f09b45cc5bf435ff0b6be8705581aa9302672e04,2687418122000,1349017600
pair-0-group-3-final,worker,9243d49a2cf84e8a6402e55d8b406d75bd0212afc88f550ea1bea262680cba83,258693789895669,sha256:fa82a291dbd6cee9a940399b7614e778ac9ae602b152b1f86b8eb52cd3050bcb,808399965000,811028480
pair-0-group-4-ready,control-plane,3f4673acdd0303255b1391b65db491fa50934afd2dd32fd1444a8a7f3c857d70,258699817876511,sha256:855e74d3cb7ef31d8187e79392585d1b728ce1b31805bca622d1ac7e78b6efb9,2691973411000,1351770112
pair-0-group-4-ready,worker,9243d49a2cf84e8a6402e55d8b406d75bd0212afc88f550ea1bea262680cba83,258699824739364,sha256:30095ab468d38bfb6e64c0a0c35c4286ecdbfbcfe848b684c7ccdaba4e8bee6d,809745883000,802852864
pair-0-group-4-final,control-plane,3f4673acdd0303255b1391b65db491fa50934afd2dd32fd1444a8a7f3c857d70,258704164762555,sha256:13bb9a84f91c12abac06d230f421adcf56d8a7e3bd1bfd99fe53039a69b098b0,2692756560000,1352302592
pair-0-group-4-final,worker,9243d49a2cf84e8a6402e55d8b406d75bd0212afc88f550ea1bea262680cba83,258704171324578,sha256:eb3468091df93834b6a72620b18c499342033a6e7a7f598d711ab757405d6aa4,812970950000,816390144
pair-0-group-5-ready,control-plane,3f4673acdd0303255b1391b65db491fa50934afd2dd32fd1444a8a7f3c857d70,258721987706295,sha256:54adbf50046c29104ab281f1d6b9a959119864cc04780a576b468408fb728109,2704781342000,1360130048
pair-0-group-5-ready,worker,9243d49a2cf84e8a6402e55d8b406d75bd0212afc88f550ea1bea262680cba83,258721995834145,sha256:d75c2e199df5305f3546284baff971683f2ad44a24b4fd567d480396e093dfc1,838256516000,1079394304
pair-0-group-5-final,control-plane,3f4673acdd0303255b1391b65db491fa50934afd2dd32fd1444a8a7f3c857d70,258782204161672,sha256:27754b77344ed53798e710a07b40ebe1e0141821136aaed674e4fbc1cfef6100,2714523350000,1364619264
pair-0-group-5-final,worker,9243d49a2cf84e8a6402e55d8b406d75bd0212afc88f550ea1bea262680cba83,258782210152699,sha256:ec55c9bf4b6c873c7d8919751263d17ad95ceefbd66764f5cad6fa9289a1bf5c,891134793000,1118748672
pair-1-group-0-ready,control-plane,3f4673acdd0303255b1391b65db491fa50934afd2dd32fd1444a8a7f3c857d70,258855818012751,sha256:fa1a1920c197efe1174e28a7962985fba05210dd8cd6d1128e4743e89f81274a,2740037017000,1371127808
pair-1-group-0-ready,worker,9243d49a2cf84e8a6402e55d8b406d75bd0212afc88f550ea1bea262680cba83,258855825311514,sha256:cf6f0c3c2437385c5d0375ac14fbc02889f2eb75b18caa839e2f99d73313f84b,916388978000,872304640
pair-1-group-0-final,control-plane,3f4673acdd0303255b1391b65db491fa50934afd2dd32fd1444a8a7f3c857d70,258871400834816,sha256:3e064c3aedce281de058a33d3f8973250ab53bf63ec5fbe09ab91363540f2125,2742584585000,1369972736
pair-1-group-0-final,worker,9243d49a2cf84e8a6402e55d8b406d75bd0212afc88f550ea1bea262680cba83,258871406021718,sha256:ec827ddaa48a0fbf8a30f0761ab3e187bba785be4e475585ab11da737c8b2b8b,928329722000,885211136
pair-1-group-1-ready,control-plane,3f4673acdd0303255b1391b65db491fa50934afd2dd32fd1444a8a7f3c857d70,258891032359809,sha256:17bee8e1f944cdeedf4024c8e45aa55302d3a7009d06788d929352d9dfd7e4cd,2749026627000,1369501696
pair-1-group-1-ready,worker,9243d49a2cf84e8a6402e55d8b406d75bd0212afc88f550ea1bea262680cba83,258891037450875,sha256:9a843fb3d10319f85b3c32bf7310e46ca710c43235301f91b592e077fe1d89f0,932497275000,821440512
pair-1-group-1-final,control-plane,3f4673acdd0303255b1391b65db491fa50934afd2dd32fd1444a8a7f3c857d70,258894448659089,sha256:7730779cbd88f6f3306b89894d4798c6853d9dcd6169d854624796ff32e2865f,2749611270000,1367715840
pair-1-group-1-final,worker,9243d49a2cf84e8a6402e55d8b406d75bd0212afc88f550ea1bea262680cba83,258894455068306,sha256:6e67c4ee29a57a55c35b4e7b8de86139c9c89aa0f012f190f55df0f3bc7a6422,935887350000,824696832
pair-1-group-2-ready,control-plane,3f4673acdd0303255b1391b65db491fa50934afd2dd32fd1444a8a7f3c857d70,258901814526012,sha256:5dff8c9ddf25a299a70c98b9aee67a2db909892d516a7ba5967076e83e0e0a64,2753972367000,1370636288
pair-1-group-2-ready,worker,9243d49a2cf84e8a6402e55d8b406d75bd0212afc88f550ea1bea262680cba83,258901820677952,sha256:fc34b47b287ffe14353a8dc0475e717c32f98c63a2564f8908549a78a9a0aadd,937312499000,819892224
pair-1-group-2-final,control-plane,3f4673acdd0303255b1391b65db491fa50934afd2dd32fd1444a8a7f3c857d70,258906106347323,sha256:8d73066ac81ee41c704b651931c16d8fda33f968c68f555d12fa9285839bd9f3,2754665322000,1372172288
pair-1-group-2-final,worker,9243d49a2cf84e8a6402e55d8b406d75bd0212afc88f550ea1bea262680cba83,258906113168675,sha256:ac35de08b02ea774de9f83aa7a7c4a87ef67b6fb369f89dfbc2a0291a668431e,940439385000,833347584
pair-1-group-3-ready,control-plane,3f4673acdd0303255b1391b65db491fa50934afd2dd32fd1444a8a7f3c857d70,258923273976118,sha256:65e1f9141083cd79723eebdea509938680af4fca4c6c3b460778c7e73006e713,2767143747000,1375866880
pair-1-group-3-ready,worker,9243d49a2cf84e8a6402e55d8b406d75bd0212afc88f550ea1bea262680cba83,258923281394004,sha256:23d807bfc0d8710258591ca527ee6959a9ffdd9335ff8b958dea13560bac0a32,965700864000,1090105344
pair-1-group-3-final,control-plane,3f4673acdd0303255b1391b65db491fa50934afd2dd32fd1444a8a7f3c857d70,258983753847808,sha256:6063e6d63c58e11e68ad9dbcf31e4d0f7eaf61ddf7fa5d0b61b38ab8cee36bb1,2776783956000,1376198656
pair-1-group-3-final,worker,9243d49a2cf84e8a6402e55d8b406d75bd0212afc88f550ea1bea262680cba83,258983759835336,sha256:dbd1f439b8a918bc1af797820f7871e10cbda0e0ab691486a65e737610b23c09,1018575396000,1128857600
pair-1-group-4-ready,control-plane,3f4673acdd0303255b1391b65db491fa50934afd2dd32fd1444a8a7f3c857d70,259052392764172,sha256:1c1005a765ff9ac07354fb98700fd937b7e951166d888fa99c09101cdeac64cd,2798859709000,1385754624
pair-1-group-4-ready,worker,9243d49a2cf84e8a6402e55d8b406d75bd0212afc88f550ea1bea262680cba83,259052398323907,sha256:416cd1619678634f561cf7a0139a8f2ccdb5ca173129d31d2fca84c2e6f7971f,1036835590000,835182592
pair-1-group-4-final,control-plane,3f4673acdd0303255b1391b65db491fa50934afd2dd32fd1444a8a7f3c857d70,259055555679735,sha256:f693bf531ea970e4111762ac85283e94dee78b40281bd8fd07d9febbf86dd72c,2799366494000,1386868736
pair-1-group-4-final,worker,9243d49a2cf84e8a6402e55d8b406d75bd0212afc88f550ea1bea262680cba83,259055562438572,sha256:ab0fde82b650f584603b5ef95662d0a08e2276be26316cbacb6d0e6d2b2ffbc2,1038782392000,836472832
pair-1-group-5-ready,control-plane,3f4673acdd0303255b1391b65db491fa50934afd2dd32fd1444a8a7f3c857d70,259060842052166,sha256:4824d412da0c24554b27b13d62c6e8dedf767e86855dede76b19f28d8b487e98,2800992377000,1384747008
pair-1-group-5-ready,worker,9243d49a2cf84e8a6402e55d8b406d75bd0212afc88f550ea1bea262680cba83,259060848583426,sha256:d3cf9543c371ee7b17952602c7a8004c9183579616342b049669cc8f453af6b3,1039958203000,836108288
pair-1-group-5-final,control-plane,3f4673acdd0303255b1391b65db491fa50934afd2dd32fd1444a8a7f3c857d70,259064072557236,sha256:e8b550afbaf1d7b6911bd8d7e13252138d832bf1be6b11ea897277715dc725a8,2801485191000,1386172416
pair-1-group-5-final,worker,9243d49a2cf84e8a6402e55d8b406d75bd0212afc88f550ea1bea262680cba83,259064078542759,sha256:a926e862032240017bf1d846b583a57d9ac87803495f84ca523e89ca438ab056,1042166766000,841883648
pair-2-group-0-ready,control-plane,3f4673acdd0303255b1391b65db491fa50934afd2dd32fd1444a8a7f3c857d70,259073696553502,sha256:dd2d1916c2fc31cc558b10734d9263a3f2a533742cb86c432b7eb1011bbf506c,2806113465000,1382367232
pair-2-group-0-ready,worker,9243d49a2cf84e8a6402e55d8b406d75bd0212afc88f550ea1bea262680cba83,259073703508239,sha256:6dc672b233a61537e361252dc817af70095bee34d6389a7fc5e5db6eb8a02c42,1045172584000,833245184
pair-2-group-0-final,control-plane,3f4673acdd0303255b1391b65db491fa50934afd2dd32fd1444a8a7f3c857d70,259078073081150,sha256:902530fdcedd3a1e27cafd7b81f90b0a299a126efa210b77021845528656af9c,2806762354000,1383882752
pair-2-group-0-final,worker,9243d49a2cf84e8a6402e55d8b406d75bd0212afc88f550ea1bea262680cba83,259078079292761,sha256:911d6edc811c40b3842d021ddeade6dcc19df878769f7d05ec5c4b1cbcb28193,1049419504000,844890112
pair-2-group-1-ready,control-plane,3f4673acdd0303255b1391b65db491fa50934afd2dd32fd1444a8a7f3c857d70,259095629686796,sha256:c6a4dea3fc6ceb10ef52910ed782995e65f89d139be26b0470ed153d976a3e97,2819405133000,1390395392
pair-2-group-1-ready,worker,9243d49a2cf84e8a6402e55d8b406d75bd0212afc88f550ea1bea262680cba83,259095635428786,sha256:3ba0ddd1dcbdeb3a62bc0a861d5b411243778b3cf50e74975f3f4b0a9b1e96d3,1076257225000,1097359360
pair-2-group-1-final,control-plane,3f4673acdd0303255b1391b65db491fa50934afd2dd32fd1444a8a7f3c857d70,259154776375982,sha256:f4fd5ac983714f75a9caa076212df52c1c0bac49762168b266aacd852646cdca,2828717897000,1390186496
pair-2-group-1-final,worker,9243d49a2cf84e8a6402e55d8b406d75bd0212afc88f550ea1bea262680cba83,259154782698165,sha256:44a5621df8f1d84bf016bc9807ee063ce6c6f08d32b38fa8eebf28846d76cc43,1128474896000,1135476736
pair-2-group-2-ready,control-plane,3f4673acdd0303255b1391b65db491fa50934afd2dd32fd1444a8a7f3c857d70,259223247677482,sha256:49284bcc9b31f1b6d58f5c261a9286366ede3893f3195a54e34d506b276354a1,2850535540000,1389842432
pair-2-group-2-ready,worker,9243d49a2cf84e8a6402e55d8b406d75bd0212afc88f550ea1bea262680cba83,259223253834433,sha256:6650ed11a87e1e98d2504fb0f26c31808266e24b30032f8b740b54abe70c7eed,1146975507000,843870208
pair-2-group-2-final,control-plane,3f4673acdd0303255b1391b65db491fa50934afd2dd32fd1444a8a7f3c857d70,259226491804695,sha256:20677534c005e1015d53414b47630ce0b8d2bc8ef4ea497a0466908d21332d80,2850989328000,1390596096
pair-2-group-2-final,worker,9243d49a2cf84e8a6402e55d8b406d75bd0212afc88f550ea1bea262680cba83,259226497598261,sha256:8a1c4ad9efbcc587647dcde73fc43fe3210eb70d1d1261cdbf43cf173b92264b,1148879342000,845893632
pair-2-group-3-ready,control-plane,3f4673acdd0303255b1391b65db491fa50934afd2dd32fd1444a8a7f3c857d70,259231679069193,sha256:20a22194cdfd079449b5a2f3059348cc43ad886ef85d4b8c888c7e4e02acf157,2852632219000,1392881664
pair-2-group-3-ready,worker,9243d49a2cf84e8a6402e55d8b406d75bd0212afc88f550ea1bea262680cba83,259231684920174,sha256:fda1e60d07304642e1ca85b1c4a66a777ce07d440b0f20797cc0f1b57f744e87,1150003551000,846860288
pair-2-group-3-final,control-plane,3f4673acdd0303255b1391b65db491fa50934afd2dd32fd1444a8a7f3c857d70,259235012473065,sha256:5814907974b280c982de1cd89ade243b3dfe7d3c3ccb0a971b4f8adcaf1e90f3,2853162885000,1394372608
pair-2-group-3-final,worker,9243d49a2cf84e8a6402e55d8b406d75bd0212afc88f550ea1bea262680cba83,259235018222138,sha256:7199d092b663a849933ab0cb1bf7cda23a56824bcca345351f3fa332de2b76b5,1152138272000,853897216
pair-2-group-4-ready,control-plane,3f4673acdd0303255b1391b65db491fa50934afd2dd32fd1444a8a7f3c857d70,259240818722249,sha256:29de21f0a1d60db257e1bc752a9a3bc79976e68e2bfb2cb21060187f862e85fb,2855183755000,1394196480
pair-2-group-4-ready,worker,9243d49a2cf84e8a6402e55d8b406d75bd0212afc88f550ea1bea262680cba83,259240826171642,sha256:1119d3f8af704df9af269d1b73d5a728db36b742b0cccb678dc5fcbc6dcfe605,1153329830000,847831040
pair-2-group-4-final,control-plane,3f4673acdd0303255b1391b65db491fa50934afd2dd32fd1444a8a7f3c857d70,259244180473200,sha256:1c62fe372b655d35cfa86ce6945ebbf181bb07a07181846f25546c02d1cec29b,2855804057000,1394769920
pair-2-group-4-final,worker,9243d49a2cf84e8a6402e55d8b406d75bd0212afc88f550ea1bea262680cba83,259244186393751,sha256:749197e50bc666a740cd6ea6601ca9345d67a924603315fad8f90aab2eef266f,1155484495000,854319104
pair-2-group-5-ready,control-plane,3f4673acdd0303255b1391b65db491fa50934afd2dd32fd1444a8a7f3c857d70,259251734904857,sha256:e39b5671559c2804685217320315dd4ee8e4e16c48088ddf6a461cbb07e3f8a7,2859783414000,1392803840
pair-2-group-5-ready,worker,9243d49a2cf84e8a6402e55d8b406d75bd0212afc88f550ea1bea262680cba83,259251741567895,sha256:2868723e18f75c55412d8999f35a00495247aeec202608f016ce5a5a5ebb1c5a,1160663589000,899141632
pair-2-group-5-final,control-plane,3f4673acdd0303255b1391b65db491fa50934afd2dd32fd1444a8a7f3c857d70,259267148397512,sha256:a420297eb20d4096fedf330fdb20e75c2f463471f54042f13f9f6afd7a690912,2862121864000,1393205248
pair-2-group-5-final,worker,9243d49a2cf84e8a6402e55d8b406d75bd0212afc88f550ea1bea262680cba83,259267154543243,sha256:9d6eea84c43bd4b6f924fcf4e734ff3edfa2fec5c0b63ee6d0079816d6052eb7,1173662073000,908648448
pair-3-group-0-ready,control-plane,3f4673acdd0303255b1391b65db491fa50934afd2dd32fd1444a8a7f3c857d70,259290480763612,sha256:447c6127a40e8ebf452e8fba0ca75cfbd77c149d454a1a094388d4d35b29d76c,2869425272000,1393025024
pair-3-group-0-ready,worker,9243d49a2cf84e8a6402e55d8b406d75bd0212afc88f550ea1bea262680cba83,259290485789741,sha256:c5d3a2cb3954454cff9cfe30abc24a649e828de99dc695068bf5105562bba3d2,1178774952000,837742592
pair-3-group-0-final,control-plane,3f4673acdd0303255b1391b65db491fa50934afd2dd32fd1444a8a7f3c857d70,259293584070184,sha256:63fa518ff49a53e99f6ea1a6d26bb00a6981b60deb8c01e0b8c7cb11c222912a,2869957531000,1393614848
pair-3-group-0-final,worker,9243d49a2cf84e8a6402e55d8b406d75bd0212afc88f550ea1bea262680cba83,259293589917228,sha256:72c73fe44695b01c8606f053cae9411785e62ed4c15473fc19d3aac6837baaed,1180646045000,840634368
pair-3-group-1-ready,control-plane,3f4673acdd0303255b1391b65db491fa50934afd2dd32fd1444a8a7f3c857d70,259298871427005,sha256:26c36611fd6c933d6b605aa7c691d11a885ff70db3290275c117cbb4632eba5e,2871504466000,1393139712
pair-3-group-1-ready,worker,9243d49a2cf84e8a6402e55d8b406d75bd0212afc88f550ea1bea262680cba83,259298876766852,sha256:85577e0dab9dd97e42fcfa088d3d4222a2da6363ad7572ee25db858637a50461,1181837450000,841867264
pair-3-group-1-final,control-plane,3f4673acdd0303255b1391b65db491fa50934afd2dd32fd1444a8a7f3c857d70,259302186182481,sha256:34147e910b41886f078525e3a7218de0f5aa57bb933919550011014829714fdf,2872061158000,1393725440
pair-3-group-1-final,worker,9243d49a2cf84e8a6402e55d8b406d75bd0212afc88f550ea1bea262680cba83,259302193770041,sha256:db244a29f4fbba69b5dff7269857099d1afe5942e25a28a015972f3b8d438b1e,1183948671000,849338368
pair-3-group-2-ready,control-plane,3f4673acdd0303255b1391b65db491fa50934afd2dd32fd1444a8a7f3c857d70,259307965540838,sha256:9fd38047610a11b92fea2a719bd12a520ccbd8206591b9dbd03e9f84c72ed127,2873943017000,1392836608
pair-3-group-2-ready,worker,9243d49a2cf84e8a6402e55d8b406d75bd0212afc88f550ea1bea262680cba83,259307971519984,sha256:fe946ff4d67e8d74bfac80d22350a5a94e049fa153fa67cee05df41406512050,1185205612000,842579968
pair-3-group-2-final,control-plane,3f4673acdd0303255b1391b65db491fa50934afd2dd32fd1444a8a7f3c857d70,259311400476767,sha256:9019137e6f488160420e9deb59fb581a12a22b88463f3778a63036b40f745776,2874748580000,1393676288
pair-3-group-2-final,worker,9243d49a2cf84e8a6402e55d8b406d75bd0212afc88f550ea1bea262680cba83,259311406465587,sha256:f58ec3121555d8ee9720b747ef05371fe665824a8e5e520ec2cda3b3853a6759,1187368442000,850796544
pair-3-group-3-ready,control-plane,3f4673acdd0303255b1391b65db491fa50934afd2dd32fd1444a8a7f3c857d70,259319049418688,sha256:85d6b3fca65fffb22543968f7f3570110fa18aace75a0eb17f4c25874a26b1d9,2878493461000,1394323456
pair-3-group-3-ready,worker,9243d49a2cf84e8a6402e55d8b406d75bd0212afc88f550ea1bea262680cba83,259319055718599,sha256:572d75d59ed537d4bf3057ff66465c1ea93f4675eac6b1e7324e167eb2a0a1d8,1193401875000,897101824
pair-3-group-3-final,control-plane,3f4673acdd0303255b1391b65db491fa50934afd2dd32fd1444a8a7f3c857d70,259334048298939,sha256:b941000a0f838b706b33ba10f7d23b0fd910c46fab0f3684ae24dcbcd6ee0265,2880972758000,1397362688
pair-3-group-3-final,worker,9243d49a2cf84e8a6402e55d8b406d75bd0212afc88f550ea1bea262680cba83,259334054086344,sha256:a9151b9ac36e541ab854d6ff20371cb52c24d9afe87fca8dc97daff3b88191e1,1205094458000,906944512
pair-3-group-4-ready,control-plane,3f4673acdd0303255b1391b65db491fa50934afd2dd32fd1444a8a7f3c857d70,259363960334338,sha256:6a8b2a4894892176705a529898d544fb173da5e0c2ba3ab0a55a284805351d57,2895384689000,1402920960
pair-3-group-4-ready,worker,9243d49a2cf84e8a6402e55d8b406d75bd0212afc88f550ea1bea262680cba83,259363968802818,sha256:864317682c5f51a087386dcce71b24a4f63bd769efb33f5e9e1ac9332adb4e91,1232493283000,1121132544
pair-3-group-4-final,control-plane,3f4673acdd0303255b1391b65db491fa50934afd2dd32fd1444a8a7f3c857d70,259422790901415,sha256:5a886a4f9309df5634c5e9e2008008ff7c569dc7324edbe61536a0b008af031b,2904546209000,1402220544
pair-3-group-4-final,worker,9243d49a2cf84e8a6402e55d8b406d75bd0212afc88f550ea1bea262680cba83,259422797735407,sha256:b37cf89eecbb2fdbe3abc45ce73930bffecd8917d0b888f40b6a797dba78cc7e,1284686000000,1158033408
pair-3-group-5-ready,control-plane,3f4673acdd0303255b1391b65db491fa50934afd2dd32fd1444a8a7f3c857d70,259493344860765,sha256:ebf7bb321a23ae77aea8f80962b8524eb8fff05d3e07943124c425b3f8593a6d,2928852826000,1398317056
pair-3-group-5-ready,worker,9243d49a2cf84e8a6402e55d8b406d75bd0212afc88f550ea1bea262680cba83,259493351171084,sha256:a6e60c11ef29eae82c73dc21c511b68a679c70651655a1f8242726ba2a52cf08,1302454703000,871538688
pair-3-group-5-final,control-plane,3f4673acdd0303255b1391b65db491fa50934afd2dd32fd1444a8a7f3c857d70,259497650508894,sha256:5243f7f18987b2a2da997485efcea527c2fec1931f906c3271c69061872df987,2929522860000,1399271424
pair-3-group-5-final,worker,9243d49a2cf84e8a6402e55d8b406d75bd0212afc88f550ea1bea262680cba83,259497656860919,sha256:254276f3fa221d4bf7aa0c2e9f1cb05a8481217682ec7e0df997a9117e0bbbf8,1305654504000,884805632
pair-4-group-0-ready,control-plane,3f4673acdd0303255b1391b65db491fa50934afd2dd32fd1444a8a7f3c857d70,259506926996675,sha256:45fa3dd644827411068a43118981f8ccb7211fe5b6f28b584b8e0a04497b7be0,2934593395000,1400713216
pair-4-group-0-ready,worker,9243d49a2cf84e8a6402e55d8b406d75bd0212afc88f550ea1bea262680cba83,259506932860518,sha256:62984514f7b4e8d5031ae93baff8fa8e9cda0c6a15ad3da0f126c94467a1d82f,1309759490000,859398144
pair-4-group-0-final,control-plane,3f4673acdd0303255b1391b65db491fa50934afd2dd32fd1444a8a7f3c857d70,259510250370339,sha256:8c8b636b26f5ac5347dc67cacd760be3e59207c8cca8c00ff77861ed9e133257,2935157888000,1400541184
pair-4-group-0-final,worker,9243d49a2cf84e8a6402e55d8b406d75bd0212afc88f550ea1bea262680cba83,259510256745734,sha256:81ca367062f3eb8a6860e5dbdc24881df987b8d9d16f93a5418075fe39ea92db,1311829952000,867065856
pair-4-group-1-ready,control-plane,3f4673acdd0303255b1391b65db491fa50934afd2dd32fd1444a8a7f3c857d70,259517926172596,sha256:6a28d83aea3ae5828f17010e7f24b63afa28ff2891195316b7206930ade328f7,2939113769000,1398886400
pair-4-group-1-ready,worker,9243d49a2cf84e8a6402e55d8b406d75bd0212afc88f550ea1bea262680cba83,259517931320236,sha256:67280b41da72adc78f55f85f5bc0884f3df84e3c282797c7217c8be4ec5fa47d,1316942297000,916553728
pair-4-group-1-final,control-plane,3f4673acdd0303255b1391b65db491fa50934afd2dd32fd1444a8a7f3c857d70,259533525025961,sha256:8601e271a8527a76a3864eb60ce495a1df2198cbcf3243a6d3bfeadeb37fa61d,2941569682000,1401610240
pair-4-group-1-final,worker,9243d49a2cf84e8a6402e55d8b406d75bd0212afc88f550ea1bea262680cba83,259533531584814,sha256:62b078eadaa08bb8cff30c58935f2f4fc3bad9ac95609b6fb40ec3ed73c5ce4e,1328755313000,928845824
pair-4-group-2-ready,control-plane,3f4673acdd0303255b1391b65db491fa50934afd2dd32fd1444a8a7f3c857d70,259564689212364,sha256:94426329650207176978f400231b145cd020c49a26e61f9d878c1b5865c2a3f6,2956362738000,1406316544
pair-4-group-2-ready,worker,9243d49a2cf84e8a6402e55d8b406d75bd0212afc88f550ea1bea262680cba83,259564697083966,sha256:f798ea402228138f18fa8bca0af814afdc2ac6cf4f35990741bc7c61d4dbb843,1358339455000,1136308224
pair-4-group-2-final,control-plane,3f4673acdd0303255b1391b65db491fa50934afd2dd32fd1444a8a7f3c857d70,259623261089797,sha256:904977ff18c9c1a63e1e9ae49ddfe3970da247b4c6093bcbc8d5c6ea9ca767a6,2965451236000,1408135168
pair-4-group-2-final,worker,9243d49a2cf84e8a6402e55d8b406d75bd0212afc88f550ea1bea262680cba83,259623267163144,sha256:32c4f3dcbf350d77a5f193a82e7b1f7c499cc7c17bb12b5bd10c376875c77062,1409812321000,1166487552
pair-4-group-3-ready,control-plane,3f4673acdd0303255b1391b65db491fa50934afd2dd32fd1444a8a7f3c857d70,259693168512570,sha256:4478c8cf73b34e828a620fcd1490999fbfbc695b7b84ad1acc68122b14901f5a,2989398230000,1409277952
pair-4-group-3-ready,worker,9243d49a2cf84e8a6402e55d8b406d75bd0212afc88f550ea1bea262680cba83,259693174650506,sha256:2c016a03be9d2d9b2db5d0fc29951787538a8e97e7f5c6ce2bdc6ccc9b769c08,1428969440000,877486080
pair-4-group-3-final,control-plane,3f4673acdd0303255b1391b65db491fa50934afd2dd32fd1444a8a7f3c857d70,259697405465721,sha256:1eb08639afccb8c35a366ac38b6c866b2de684ae2bd3bd57123927d0e3628838,2990138939000,1409224704
pair-4-group-3-final,worker,9243d49a2cf84e8a6402e55d8b406d75bd0212afc88f550ea1bea262680cba83,259697411257928,sha256:781c5520f59eb47b049789ae0504abf787e37aa62c30bc510792944d2b9652e2,1432140541000,892723200
pair-4-group-4-ready,control-plane,3f4673acdd0303255b1391b65db491fa50934afd2dd32fd1444a8a7f3c857d70,259703725887163,sha256:ab6cb4a207ccf2e23ba8ac2dfb5bda2208d1d837aa53c3edcf808ef0b3540c93,2993797491000,1405304832
pair-4-group-4-ready,worker,9243d49a2cf84e8a6402e55d8b406d75bd0212afc88f550ea1bea262680cba83,259703731782470,sha256:dee7676d6d62a3dd80a5c66eabeeb965ee9244a24f9f71b3997a35280861aa09,1433370097000,879124480
pair-4-group-4-final,control-plane,3f4673acdd0303255b1391b65db491fa50934afd2dd32fd1444a8a7f3c857d70,259707017982595,sha256:91095cf16f5d108c74a8afdf9c708d10f132535b08ce04edbea751ee7756c77c,2994241301000,1406246912
pair-4-group-4-final,worker,9243d49a2cf84e8a6402e55d8b406d75bd0212afc88f550ea1bea262680cba83,259707024397046,sha256:c78ed2d6de5279160baef15aa89dac37ba842e448ac8161b726cd8e1afbdb1a1,1435471406000,886636544
pair-4-group-5-ready,control-plane,3f4673acdd0303255b1391b65db491fa50934afd2dd32fd1444a8a7f3c857d70,259712770804593,sha256:b89140f9aec4081584940f6d0407b7aacef0915a3d60798e6b2fb7aa2ac13cc9,2996072500000,1408831488
pair-4-group-5-ready,worker,9243d49a2cf84e8a6402e55d8b406d75bd0212afc88f550ea1bea262680cba83,259712776291118,sha256:8bf53ea73af941fcc125bc044b3eb2f14dcdf3629c5b3a9d5db991a707066511,1436571547000,877629440
pair-4-group-5-final,control-plane,3f4673acdd0303255b1391b65db491fa50934afd2dd32fd1444a8a7f3c857d70,259715910966955,sha256:7af7bd5b7e5800cdbc66e2a7b7a9595ede99fb98814b16e9d8bd46e0fdb2a2ae,2996589316000,1409613824
pair-4-group-5-final,worker,9243d49a2cf84e8a6402e55d8b406d75bd0212afc88f550ea1bea262680cba83,259715916993477,sha256:18c6956797804842a5cafaaf649e356c451ecb80c90ebe99f572b404d515249e,1438425271000,879456256
pair-5-group-0-ready,control-plane,3f4673acdd0303255b1391b65db491fa50934afd2dd32fd1444a8a7f3c857d70,259736609516813,sha256:5e12c877305f97124630c42cf047e45080d9cea76b09d76bda2e49322bf7c3d6,3007874549000,1407328256
pair-5-group-0-ready,worker,9243d49a2cf84e8a6402e55d8b406d75bd0212afc88f550ea1bea262680cba83,259736615029909,sha256:4caf392aa2d60224a308119a67ecd1bc47d3e949e9da9835b4759bcacd1e455a,1466215968000,1145962496
pair-5-group-0-final,control-plane,3f4673acdd0303255b1391b65db491fa50934afd2dd32fd1444a8a7f3c857d70,259795149758244,sha256:355250ebe670cf8ac11aa6aae0dba3e0aa604e159b7d5b966b918130d71a4ab5,3017013070000,1408217088
pair-5-group-0-final,worker,9243d49a2cf84e8a6402e55d8b406d75bd0212afc88f550ea1bea262680cba83,259795156175168,sha256:f9058c55d0adc9e5485af2d45b4ff9170c31a2056cc233ac575b730f9364a491,1518019143000,1175588864
pair-5-group-1-ready,control-plane,3f4673acdd0303255b1391b65db491fa50934afd2dd32fd1444a8a7f3c857d70,259865359683689,sha256:f6ce12561933c94df3ec43bac1c4a2e9c41a26ae26392339ba3ce4480eb735e3,3040575792000,1416572928
pair-5-group-1-ready,worker,9243d49a2cf84e8a6402e55d8b406d75bd0212afc88f550ea1bea262680cba83,259865366092629,sha256:8e14e71d77380029917b03f63724a8e0522509d75aa611834ad3afb8b4f0d36f,1537397306000,888217600
pair-5-group-1-final,control-plane,3f4673acdd0303255b1391b65db491fa50934afd2dd32fd1444a8a7f3c857d70,259869505903209,sha256:4c26f25b15e8b2da8f978986be4e934760d16536bffb0dead52ff74c1a483041,3041239958000,1414963200
pair-5-group-1-final,worker,9243d49a2cf84e8a6402e55d8b406d75bd0212afc88f550ea1bea262680cba83,259869513638939,sha256:0650e9d84c00ec9a184f0eb61850a283da3ba10d628a8c973e92a97387980f49,1540511112000,900141056
pair-5-group-2-ready,control-plane,3f4673acdd0303255b1391b65db491fa50934afd2dd32fd1444a8a7f3c857d70,259876418732138,sha256:4b0a87d459a27b2ed3720dbbb6e1b7cee76335da07318cdf02bdab0156093d77,3045117092000,1416351744
pair-5-group-2-ready,worker,9243d49a2cf84e8a6402e55d8b406d75bd0212afc88f550ea1bea262680cba83,259876424627572,sha256:2c4c4c8d89e752fe1058dc59696809025753a1a108e39f19651e23d80228f06a,1541736951000,885559296
pair-5-group-2-final,control-plane,3f4673acdd0303255b1391b65db491fa50934afd2dd32fd1444a8a7f3c857d70,259879787467354,sha256:0750e851d14b44e34ce6c763658b66bedcf2149d998dc504019bff3690c9677c,3045615913000,1412788224
pair-5-group-2-final,worker,9243d49a2cf84e8a6402e55d8b406d75bd0212afc88f550ea1bea262680cba83,259879793071427,sha256:43452771dd8498684ae1f284bbd7019d7b3ea468909c4a844a9e30d5bda51436,1543865803000,893194240
pair-5-group-3-ready,control-plane,3f4673acdd0303255b1391b65db491fa50934afd2dd32fd1444a8a7f3c857d70,259885340119541,sha256:f00a93a2d2ea9bef3fb55d88f9aff0962311d95c17aa0849bbec3a7da86ef0fd,3047278380000,1411534848
pair-5-group-3-ready,worker,9243d49a2cf84e8a6402e55d8b406d75bd0212afc88f550ea1bea262680cba83,259885345429966,sha256:86fd82b8b30daed8a8ba068d04ba0fd70c54c0d14f42b4df93d59f9eb3ed1e60,1544961418000,886611968
pair-5-group-3-final,control-plane,3f4673acdd0303255b1391b65db491fa50934afd2dd32fd1444a8a7f3c857d70,259888484711956,sha256:07a3836e966dc8c84ee67c50a8497cbcdabf6e31d0254f7136edaa6a861a4bfa,3047760362000,1412689920
pair-5-group-3-final,worker,9243d49a2cf84e8a6402e55d8b406d75bd0212afc88f550ea1bea262680cba83,259888492223989,sha256:811637d38556f6628cc99b227731f950e29fd571f36ce0c9323e366b7801f7e2,1546847206000,888930304
pair-5-group-4-ready,control-plane,3f4673acdd0303255b1391b65db491fa50934afd2dd32fd1444a8a7f3c857d70,259895812421156,sha256:0f0e41ccebe627e192cf531aa5045d29e536f5717f2b5a91f061323e9561cd11,3051085952000,1415233536
pair-5-group-4-ready,worker,9243d49a2cf84e8a6402e55d8b406d75bd0212afc88f550ea1bea262680cba83,259895818368806,sha256:1a1372f50310c118a6168de33170f785be31b2e52481c2ed6e75178129a54203,1551839776000,943276032
pair-5-group-4-final,control-plane,3f4673acdd0303255b1391b65db491fa50934afd2dd32fd1444a8a7f3c857d70,259911453702585,sha256:9263bfd9bae1beb49b6f6b61417bd8505df7a2f9a79c17b6d0ad6107f35f3971,3053602747000,1414660096
pair-5-group-4-final,worker,9243d49a2cf84e8a6402e55d8b406d75bd0212afc88f550ea1bea262680cba83,259911459638767,sha256:36d38a3a8a62f11fff3f67ac2586c3a385afeaa152068d14ed4414a33e6e7aaf,1563833184000,953237504
pair-5-group-5-ready,control-plane,3f4673acdd0303255b1391b65db491fa50934afd2dd32fd1444a8a7f3c857d70,259932002555480,sha256:ee9122226f090292460c02d2455877727b91da94ceb1bce46187b80df1791576,3060211425000,1416048640
pair-5-group-5-ready,worker,9243d49a2cf84e8a6402e55d8b406d75bd0212afc88f550ea1bea262680cba83,259932010481595,sha256:4039a06aa45cadef1f37fbb32a0250e017d96939b427f5069c3a9a4dda68bd56,1568450871000,886755328
pair-5-group-5-final,control-plane,3f4673acdd0303255b1391b65db491fa50934afd2dd32fd1444a8a7f3c857d70,259935418899868,sha256:418e713159ec832c6ede6341a5ae01074ee8f0e2faf0db40f5523c557414b1a6,3060790137000,1416146944
pair-5-group-5-final,worker,9243d49a2cf84e8a6402e55d8b406d75bd0212afc88f550ea1bea262680cba83,259935425787244,sha256:7a9257fbe98707f4d4893b57fa74f9177c6cf372ea3daa18d0409a9044b44bf3,1570621190000,894062592
pair-6-group-0-ready,control-plane,3f4673acdd0303255b1391b65db491fa50934afd2dd32fd1444a8a7f3c857d70,259945102260622,sha256:67032a6df820f689ff59051491439c0e50e886c7b70a4b9eb0c041536053b49d,3064031353000,1414696960
pair-6-group-0-ready,worker,9243d49a2cf84e8a6402e55d8b406d75bd0212afc88f550ea1bea262680cba83,259945109249849,sha256:70fd58731d44d7179b9a51c8dc8b9a1be238c02a04f07150e1e330ec7755d0ca,1572989433000,885129216
pair-6-group-0-final,control-plane,3f4673acdd0303255b1391b65db491fa50934afd2dd32fd1444a8a7f3c857d70,259948679649806,sha256:adabec3059c1e361d618a8969edf997708ee81ef441e6659a2247f0edbb3ae35,3064593272000,1414217728
pair-6-group-0-final,worker,9243d49a2cf84e8a6402e55d8b406d75bd0212afc88f550ea1bea262680cba83,259948685900498,sha256:ad94403d78803654e422a76a2045e979cfd4f9eca321fc12f1f53812ab4019ce,1575225257000,893976576
pair-6-group-1-ready,control-plane,3f4673acdd0303255b1391b65db491fa50934afd2dd32fd1444a8a7f3c857d70,259954778645141,sha256:c659e2d01e5d54236f50bb138c01100b62984fbca96e72663c9d51e1ba5af007,3066628425000,1416871936
pair-6-group-1-ready,worker,9243d49a2cf84e8a6402e55d8b406d75bd0212afc88f550ea1bea262680cba83,259954784801530,sha256:c2b1c02925cd09af816530870486d1213a41fddaee09f1c14a919ebfe821fa87,1576368834000,887119872
pair-6-group-1-final,control-plane,3f4673acdd0303255b1391b65db491fa50934afd2dd32fd1444a8a7f3c857d70,259958174817674,sha256:de7f7b49b880ad331d6952144d787a4467cc3b7a7e3f89facfd8a02b4daee5fd,3067246445000,1416507392
pair-6-group-1-final,worker,9243d49a2cf84e8a6402e55d8b406d75bd0212afc88f550ea1bea262680cba83,259958181273699,sha256:053946f501147ceb71fb7297d834569d29bb534afd63b12bb0b661cc91fb12b3,1578484986000,888897536
pair-6-group-2-ready,control-plane,3f4673acdd0303255b1391b65db491fa50934afd2dd32fd1444a8a7f3c857d70,259966094028903,sha256:3c325488292e6213a2779fcd445798f034a0f47277e0f4be2d25f6a660b31faf,3070702308000,1420013568
pair-6-group-2-ready,worker,9243d49a2cf84e8a6402e55d8b406d75bd0212afc88f550ea1bea262680cba83,259966100583229,sha256:cad1673776612fc28064eb61789703e8688bcb927caf7122009d585e74d28150,1583707434000,943902720
pair-6-group-2-final,control-plane,3f4673acdd0303255b1391b65db491fa50934afd2dd32fd1444a8a7f3c857d70,259982488473204,sha256:a168d98c69d4cb13d2c7a33ce5d1139ccef42ad04c5476484ceddc46a3a87eeb,3073669665000,1418604544
pair-6-group-2-final,worker,9243d49a2cf84e8a6402e55d8b406d75bd0212afc88f550ea1bea262680cba83,259982494389416,sha256:e97bd53d174647523afc28f19c9d521f27fc99d1f977b227cab1b4f42ce7de90,1596106663000,954884096
pair-6-group-3-ready,control-plane,3f4673acdd0303255b1391b65db491fa50934afd2dd32fd1444a8a7f3c857d70,260003278595930,sha256:3eebdee28f5a6f1ece3d9689c9b7e6784e29b49d0bcb7de69965d72e0adf0e99,3080241627000,1414955008
pair-6-group-3-ready,worker,9243d49a2cf84e8a6402e55d8b406d75bd0212afc88f550ea1bea262680cba83,260003284980172,sha256:904911ef2d1d92922cf455e74452f21261d9db07a420a3478649a44fc165f086,1600971502000,886886400
pair-6-group-3-final,control-plane,3f4673acdd0303255b1391b65db491fa50934afd2dd32fd1444a8a7f3c857d70,260006856240729,sha256:060f85a991e831d5417104a5b285d7f8244e38c4b88c2927e76bf2b512bca1d0,3081001204000,1416241152
pair-6-group-3-final,worker,9243d49a2cf84e8a6402e55d8b406d75bd0212afc88f550ea1bea262680cba83,260006861936686,sha256:f0ccf15fa0852d81ee6aa18bd8a70ff39d8f6a5e1cafdb187e91a3085ad3e9eb,1603151547000,894676992
pair-6-group-4-ready,control-plane,3f4673acdd0303255b1391b65db491fa50934afd2dd32fd1444a8a7f3c857d70,260015175251670,sha256:9c726e3191c5b0a32271fe603098ef2cc9ee140fdb7f8d42c94cb2e1c1c60533,3085433799000,1418788864
pair-6-group-4-ready,worker,9243d49a2cf84e8a6402e55d8b406d75bd0212afc88f550ea1bea262680cba83,260015182430779,sha256:073cf05b645ecad3430c71ff99dc0ba53013d2efe06f5cb97dc006af9a2e12b0,1604738176000,888983552
pair-6-group-4-final,control-plane,3f4673acdd0303255b1391b65db491fa50934afd2dd32fd1444a8a7f3c857d70,260019503538183,sha256:1c3ef624d53f71198e9c1b7d301ad7c2fbc1e8108dc311ee32719c6785b1ffc4,3086092324000,1417904128
pair-6-group-4-final,worker,9243d49a2cf84e8a6402e55d8b406d75bd0212afc88f550ea1bea262680cba83,260019509628705,sha256:8b92e9b56334a739cc165edac0844fbd7b2f07d04cea8d65b161e5b9003fba1f,1607896582000,903499776
pair-6-group-5-ready,control-plane,3f4673acdd0303255b1391b65db491fa50934afd2dd32fd1444a8a7f3c857d70,260037600984530,sha256:1a7ee2e9e77b82921b35b30c78976b359c5002995d1285e7216155542ae2c353,3098527205000,1417334784
pair-6-group-5-ready,worker,9243d49a2cf84e8a6402e55d8b406d75bd0212afc88f550ea1bea262680cba83,260037606484109,sha256:75264dcddbc8ddfede035f3bdab31eeab2a9e4d853afa821d71612cc51fdcd16,1632380403000,1167994880
pair-6-group-5-final,control-plane,3f4673acdd0303255b1391b65db491fa50934afd2dd32fd1444a8a7f3c857d70,260096862978940,sha256:acc1765b8ad93fc2e37eae8d706fe0959af67c8eb72f381142f6f8ddd040b511,3107911425000,1418117120
pair-6-group-5-final,worker,9243d49a2cf84e8a6402e55d8b406d75bd0212afc88f550ea1bea262680cba83,260096868437337,sha256:658314231fe00cc8d14c19ec4da550d5c8e956ae8269da8e2a058b58c34a0981,1684498444000,1194307584
idle-after-start,control-plane,3f4673acdd0303255b1391b65db491fa50934afd2dd32fd1444a8a7f3c857d70,260165621293746,sha256:d4a1aae64bf511f3f8eb337aa76c1efa9a64fd4777798c3d253110a52fb469ea,3129764166000,1423986688
idle-after-start,worker,9243d49a2cf84e8a6402e55d8b406d75bd0212afc88f550ea1bea262680cba83,260165627833650,sha256:85fc0b315d62eaed6ecaf0ef302889577cd533fedf91e342ade65701cb1ff5b9,1701725273000,901853184
idle-after-end,control-plane,3f4673acdd0303255b1391b65db491fa50934afd2dd32fd1444a8a7f3c857d70,260165887338519,sha256:70cba3c7b2dc698967fa5a81678ccabb24b00c3c712d938c8c4059640de0d17f,3129791191000,1424760832
idle-after-end,worker,9243d49a2cf84e8a6402e55d8b406d75bd0212afc88f550ea1bea262680cba83,260165895233252,sha256:cea976e377f663d19b3a8c8acc5c3878f19ffc0048cf202f992df42417aa40fa,1701727755000,901582848
