case,mode,variant,ordinal,tenant,offers,admission-error,backpressure,released,scheduler-error,scheduling_lag_nanos.count,scheduling_lag_nanos.median,scheduling_lag_nanos.p95,scheduling_lag_nanos.p99,scheduling_lag_nanos.maximum,enqueue_to_result_all_nanos.count,enqueue_to_result_all_nanos.median,enqueue_to_result_all_nanos.p95,enqueue_to_result_all_nanos.p99,enqueue_to_result_all_nanos.maximum,enqueue_to_result_released_nanos.count,enqueue_to_result_released_nanos.median,enqueue_to_result_released_nanos.p95,enqueue_to_result_released_nanos.p99,enqueue_to_result_released_nanos.maximum,observed_hold_nanos.count,observed_hold_nanos.median,observed_hold_nanos.p95,observed_hold_nanos.p99,observed_hold_nanos.maximum,cancel_to_original_settlement_nanos.count,cancel_to_original_settlement_nanos.median,cancel_to_original_settlement_nanos.p95,cancel_to_original_settlement_nanos.p99,cancel_to_original_settlement_nanos.maximum
closed-one,normal,control,0,0,128,0,0,128,0,128,907.5,1799,2519,3229,128,26262.5,68318,102074,184062,128,26262.5,68318,102074,184062,128,11253348.5,11492910,11591875,11669142,null,null,null,null,null
closed-one,normal,candidate,1,0,128,0,0,128,0,128,584.5,1328,1860,4293,128,22571.5,50561,79957,83027,128,22571.5,50561,79957,83027,128,11179075.5,11340916,11453795,11516637,null,null,null,null,null
saturated-one,normal,candidate,2,0,2000,0,0,748,1252,2000,735491,1273907,1395646,1816621,2000,21999.5,89858517,90854596,91684760,748,88169299.5,90491815,91265520,91684760,748,11208468.5,11809707,12059478,12255461,null,null,null,null,null
saturated-one,normal,control,3,0,2000,0,0,744,1256,2000,660431.5,1192646,1319714,4797116,2000,24417.5,90572340,92050459,94343838,744,88532917,91597088,92710143,94343838,744,11245205,11934412,12138229,14480861,null,null,null,null,null
saturated-many,normal,control,4,0,63,0,0,22,41,63,1196823,1799399,2000722,2000722,63,24467,91421149,125350301,125350301,22,69332020.5,101565441,125350301,125350301,22,11279996.5,11781686,12078310,12078310,null,null,null,null,null
saturated-many,normal,control,4,1,63,0,0,23,40,63,1115368,1696584,1816983,1816983,63,19426,117378965,149918400,149918400,23,92391654,129318306,149918400,149918400,23,10842974,11848513,11943341,11943341,null,null,null,null,null
saturated-many,normal,control,4,10,63,0,0,21,42,63,1166739,1761222,1905643,1905643,63,18617,99635791,133813291,133813291,21,74213411,100755044,133813291,133813291,21,10650350,11667541,11949814,11949814,null,null,null,null,null
saturated-many,normal,control,4,11,63,0,0,22,41,63,1186545,1747950,1794533,1794533,63,16424,124657534,163301080,163301080,22,90671480.5,159379583,163301080,163301080,22,11030139,11829861,11895269,11895269,null,null,null,null,null
saturated-many,normal,control,4,12,63,0,0,20,43,63,1213497,1669117,2008717,2008717,63,14881,99699025,106223706,106223706,20,74662028,101682763,106223706,106223706,20,11037918.5,11858802,12147406,12147406,null,null,null,null,null
saturated-many,normal,control,4,13,63,0,0,22,41,63,1179141,1652618,1811598,1811598,63,24362,103606993,134802152,134802152,22,76919624.5,111456296,134802152,134802152,22,11228830.5,11817704,12152005,12152005,null,null,null,null,null
saturated-many,normal,control,4,14,63,0,0,23,40,63,1201149,1756228,2009761,2009761,63,20863,130246233,152241138,152241138,23,89978874,142820638,152241138,152241138,23,11268984,11880800,11917782,11917782,null,null,null,null,null
saturated-many,normal,control,4,15,63,0,0,24,39,63,1248309,1697847,1818105,1818105,63,22948,100847960,122913953,122913953,24,76273186,112669860,122913953,122913953,24,11007602,11787849,11887975,11887975,null,null,null,null,null
saturated-many,normal,control,4,16,62,0,0,27,35,62,1272532.5,1701037,1924627,1924627,62,40365,114270548,182157578,182157578,27,79674375,147079678,182157578,182157578,27,11222076,11904551,12005972,12005972,null,null,null,null,null
saturated-many,normal,control,4,17,62,0,0,27,35,62,1213220,1710743,1771605,1771605,62,35604.5,126282772,145671878,145671878,27,91412460,139494885,145671878,145671878,27,11307056,11813424,11835026,11835026,null,null,null,null,null
saturated-many,normal,control,4,18,62,0,0,27,35,62,1251884.5,1765740,2006563,2006563,62,35003.5,126561194,149047606,149047606,27,88813693,135467447,149047606,149047606,27,11043841,11676059,11899662,11899662,null,null,null,null,null
saturated-many,normal,control,4,19,62,0,0,26,36,62,1110969.5,1706224,1744166,1744166,62,23296,109464229,134657049,134657049,26,82023662,122622979,134657049,134657049,26,11302384.5,11978719,12100686,12100686,null,null,null,null,null
saturated-many,normal,control,4,2,63,0,0,21,42,63,1202909,1728208,1824296,1824296,63,14162,103277498,124333126,124333126,21,75537065,111013812,124333126,124333126,21,11323678,11607202,11711476,11711476,null,null,null,null,null
saturated-many,normal,control,4,20,62,0,0,17,45,62,1131864.5,1742211,1848499,1848499,62,15743.5,90434004,114503850,114503850,17,70921906,114503850,114503850,114503850,17,11361291,11939899,11939899,11939899,null,null,null,null,null
saturated-many,normal,control,4,21,62,0,0,20,42,62,1200573.5,1637309,1805320,1805320,62,14868,100548771,132058711,132058711,20,74954511,126532513,132058711,132058711,20,11266373.5,11701727,11849942,11849942,null,null,null,null,null
saturated-many,normal,control,4,22,62,0,0,20,42,62,1164897.5,1740728,1772940,1772940,62,19311,100573657,129032103,129032103,20,80576049.5,106779621,129032103,129032103,20,11524186,12067954,12211638,12211638,null,null,null,null,null
saturated-many,normal,control,4,23,62,0,0,20,42,62,1178538.5,1764680,2212832,2212832,62,16731,100600502,130763624,130763624,20,74874152.5,123786610,130763624,130763624,20,11394145,11959349,11969642,11969642,null,null,null,null,null
saturated-many,normal,control,4,24,62,0,0,24,38,62,1254002.5,1703982,1821578,1821578,62,14026.5,146304321,181834237,181834237,24,94141040,152143163,181834237,181834237,24,10917482,11870229,11932064,11932064,null,null,null,null,null
saturated-many,normal,control,4,25,62,0,0,25,37,62,1296416,1699245,1878183,1878183,62,28265,123228288,148100237,148100237,25,88642983,136819488,148100237,148100237,25,11301859,12019612,12136927,12136927,null,null,null,null,null
saturated-many,normal,control,4,26,62,0,0,25,37,62,1217078,1732158,1858233,1858233,62,23841.5,121055817,138681280,138681280,25,96971648,138573173,138681280,138681280,25,11170423,11990269,12070523,12070523,null,null,null,null,null
saturated-many,normal,control,4,27,62,0,0,26,36,62,1023912.5,1692769,1999032,1999032,62,27211,127014237,154229230,154229230,26,89294267,147690766,154229230,154229230,26,11131440,12052966,12153558,12153558,null,null,null,null,null
saturated-many,normal,control,4,28,62,0,0,26,36,62,1095765.5,1701236,1849503,1849503,62,18579,104196720,135639543,135639543,26,73366915.5,113082837,135639543,135639543,26,10927627,11704030,11990780,11990780,null,null,null,null,null
saturated-many,normal,control,4,29,62,0,0,23,39,62,1164158,1606673,1728046,1728046,62,22167,93803784,104645261,104645261,23,69325325,102713420,104645261,104645261,23,11429463,11702205,11752906,11752906,null,null,null,null,null
saturated-many,normal,control,4,3,63,0,0,20,43,63,1132284,1664486,1957910,1957910,63,15575,101759546,155155535,155155535,20,76296328,125170368,155155535,155155535,20,11205972,11790102,11874463,11874463,null,null,null,null,null
saturated-many,normal,control,4,30,62,0,0,23,39,62,1300497.5,1715257,2064505,2064505,62,19778,101002712,121905420,121905420,23,74119403,101794509,121905420,121905420,23,11193740,11754144,11774581,11774581,null,null,null,null,null
saturated-many,normal,control,4,31,62,0,0,21,41,62,1339366.5,1742342,1854951,1854951,62,46523,90210157,122293826,122293826,21,69268906,101813862,122293826,122293826,21,11307212,11869731,11950078,11950078,null,null,null,null,null
saturated-many,normal,control,4,4,63,0,0,23,40,63,1120072,1682476,1848347,1848347,63,15183,123031010,156842856,156842856,23,76466560,128346264,156842856,156842856,23,11129901,11725884,12027934,12027934,null,null,null,null,null
saturated-many,normal,control,4,5,63,0,0,25,38,63,1156147,1626587,1687554,1687554,63,22535,118595571,161508850,161508850,25,76249534,123646143,161508850,161508850,25,11123212,11840732,11959360,11959360,null,null,null,null,null
saturated-many,normal,control,4,6,63,0,0,31,32,63,1269123,1769229,1881276,1881276,63,47492,152453683,162012290,162012290,31,106911960,158678164,162012290,162012290,31,11254909,11905801,11959428,11959428,null,null,null,null,null
saturated-many,normal,control,4,7,63,0,0,31,32,63,1154360,1682280,1808778,1808778,63,57915,177943795,212514587,212514587,31,119940885,188574142,212514587,212514587,31,11380841,11821594,11838436,11838436,null,null,null,null,null
saturated-many,normal,control,4,8,63,0,0,23,40,63,1246019,1709819,1903390,1903390,63,11100,100946918,134870615,134870615,23,75369123,121908263,134870615,134870615,23,11214121,11864621,11986237,11986237,null,null,null,null,null
saturated-many,normal,control,4,9,63,0,0,20,43,63,1205889,1740583,1868278,1868278,63,15328,79274862,100960283,100960283,20,66044118,92626453,100960283,100960283,20,11115185,11746838,11757652,11757652,null,null,null,null,null
saturated-many,normal,candidate,5,0,63,0,0,20,43,63,1296847,1756986,1835228,1835228,63,20675,101218521,158736681,158736681,20,76887997,121721542,158736681,158736681,20,11101073,11999130,12084436,12084436,null,null,null,null,null
saturated-many,normal,candidate,5,1,63,0,0,20,43,63,1275018,1673349,1724169,1724169,63,14141,93149730,128454471,128454471,20,75875862,102545391,128454471,128454471,20,11356086,11702276,11841864,11841864,null,null,null,null,null
saturated-many,normal,candidate,5,10,63,0,0,18,45,63,1324433,1798906,2022049,2022049,63,15324,102217699,125272568,125272568,18,71355693.5,125272568,125272568,125272568,18,11251771.5,11950470,11950470,11950470,null,null,null,null,null
saturated-many,normal,candidate,5,11,63,0,0,21,42,63,1224706,1707238,1808371,1808371,63,22993,101080218,135291195,135291195,21,68754255,125298292,135291195,135291195,21,11145892,11792696,11866731,11866731,null,null,null,null,null
saturated-many,normal,candidate,5,12,63,0,0,23,40,63,1214698,1782093,2074654,2074654,63,21066,98919788,127155517,127155517,23,77487300,104464394,127155517,127155517,23,11364241,11901325,11931712,11931712,null,null,null,null,null
saturated-many,normal,candidate,5,13,63,0,0,24,39,63,1252890,1812988,2112726,2112726,63,31534,126091220,174280100,174280100,24,87008734,145496025,174280100,174280100,24,11214112,11964575,11978099,11978099,null,null,null,null,null
saturated-many,normal,candidate,5,14,63,0,0,25,38,63,1272932,1800516,1953468,1953468,63,25119,120246649,146840051,146840051,25,91609811,124808442,146840051,146840051,25,11369519,11935813,11965002,11965002,null,null,null,null,null
saturated-many,normal,candidate,5,15,63,0,0,26,37,63,1239070,1706979,1998381,1998381,63,24451,102698129,124845715,124845715,26,85141508,111810864,124845715,124845715,26,11226533,12041568,12089780,12089780,null,null,null,null,null
saturated-many,normal,candidate,5,16,62,0,0,28,34,62,1290190,1798656,1964095,1964095,62,53441.5,114840327,148893657,148893657,28,82911467.5,144349615,148893657,148893657,28,11197644.5,11866031,12084455,12084455,null,null,null,null,null
saturated-many,normal,candidate,5,17,62,0,0,29,33,62,1260017,1781604,1930792,1930792,62,32542.5,139268711,155942111,155942111,29,98522954,148929434,155942111,155942111,29,11282685,11699062,12029909,12029909,null,null,null,null,null
saturated-many,normal,candidate,5,18,62,0,0,20,42,62,1313642,1743078,1816403,1816403,62,18033,90594675,137468026,137468026,20,78115636,102606518,137468026,137468026,20,11393240,11982331,12044711,12044711,null,null,null,null,null
saturated-many,normal,candidate,5,19,62,0,0,23,39,62,1275287,1830089,2092925,2092925,62,20714.5,100796902,125636628,125636628,23,67705285,112748311,125636628,125636628,23,11210249,11757050,12048377,12048377,null,null,null,null,null
saturated-many,normal,candidate,5,2,63,0,0,27,36,63,1344398,1880234,1985684,1985684,63,22492,133948448,169983189,169983189,27,90435399,165830518,169983189,169983189,27,11036006,11638184,11822750,11822750,null,null,null,null,null
saturated-many,normal,candidate,5,20,62,0,0,17,45,62,1169896.5,1732695,2073754,2073754,62,15030.5,96855325,102843139,102843139,17,67218604,102843139,102843139,102843139,17,11311555,11896594,11896594,11896594,null,null,null,null,null
saturated-many,normal,candidate,5,21,62,0,0,20,42,62,1276380.5,1829087,2046503,2046503,62,21422.5,106451902,126170434,126170434,20,75916864,110028326,126170434,126170434,20,11206868.5,11722144,11962894,11962894,null,null,null,null,null
saturated-many,normal,candidate,5,22,62,0,0,17,45,62,1329922,1772759,1902594,1902594,62,12817.5,92159513,126234378,126234378,17,74474923,126234378,126234378,126234378,17,11232904,11914380,11914380,11914380,null,null,null,null,null
saturated-many,normal,candidate,5,23,62,0,0,25,37,62,1250947,1849398,1959639,1959639,62,31871,131596243,194748448,194748448,25,95604016,158205578,194748448,194748448,25,11154832,11639038,11880300,11880300,null,null,null,null,null
saturated-many,normal,candidate,5,24,62,0,0,23,39,62,1168894,1822208,1986684,1986684,62,22826.5,111075245,129046211,129046211,23,77557290,126950644,129046211,129046211,23,11136588,11822165,11976723,11976723,null,null,null,null,null
saturated-many,normal,candidate,5,25,62,0,0,27,35,62,1271183.5,1819406,1894602,1894602,62,39123.5,197041583,227461180,227461180,27,112638280,208044330,227461180,227461180,27,11120490,12003918,12143252,12143252,null,null,null,null,null
saturated-many,normal,candidate,5,26,62,0,0,27,35,62,1327057,1742607,1785324,1785324,62,24774,123757609,133719587,133719587,27,90359712,126999834,133719587,133719587,27,11008031,11856828,11871307,11871307,null,null,null,null,null
saturated-many,normal,candidate,5,27,62,0,0,25,37,62,1356804,1747539,2038387,2038387,62,21575.5,113596848,126108704,126108704,25,86359366,124793116,126108704,126108704,25,11242444,12045656,12151228,12151228,null,null,null,null,null
saturated-many,normal,candidate,5,28,62,0,0,25,37,62,1350362,1849931,1962425,1962425,62,34369,123006874,157789974,157789974,25,89763474,135913425,157789974,157789974,25,11086047,11882586,11978463,11978463,null,null,null,null,null
saturated-many,normal,candidate,5,29,62,0,0,20,42,62,1253559,1772340,1939353,1939353,62,18789.5,102864727,136775380,136775380,20,67204781,124710121,136775380,136775380,20,11147491,11885127,11904573,11904573,null,null,null,null,null
saturated-many,normal,candidate,5,3,63,0,0,25,38,63,1196423,1820903,1939154,1939154,63,20376,137479470,179116481,179116481,25,99742107,171419409,179116481,179116481,25,11239953,11640802,11725476,11725476,null,null,null,null,null
saturated-many,normal,candidate,5,30,62,0,0,20,42,62,1265339.5,1652859,1988111,1988111,62,23176.5,109095444,124796211,124796211,20,69746242,121158066,124796211,124796211,20,11057605,11966977,11969727,11969727,null,null,null,null,null
saturated-many,normal,candidate,5,31,62,0,0,20,42,62,1283949.5,1840268,1893549,1893549,62,76684,101026106,102557643,102557643,20,71493216.5,101508819,102557643,102557643,20,11197771,11887875,12035293,12035293,null,null,null,null,null
saturated-many,normal,candidate,5,4,63,0,0,29,34,63,1206006,1848546,1921345,1921345,63,21056,112372667,138143622,138143622,29,88260614,135990864,138143622,138143622,29,11179278,11626081,11908432,11908432,null,null,null,null,null
saturated-many,normal,candidate,5,5,63,0,0,27,36,63,1232835,1782019,1900191,1900191,63,21307,103231126,138674267,138674267,27,82239257,126004466,138674267,138674267,27,11026254,11938431,11954939,11954939,null,null,null,null,null
saturated-many,normal,candidate,5,6,63,0,0,24,39,63,1251884,1715689,1913855,1913855,63,25404,101034225,137423195,137423195,24,76517488.5,125045353,137423195,137423195,24,11166766,11680290,11844966,11844966,null,null,null,null,null
saturated-many,normal,candidate,5,7,63,0,0,24,39,63,1283935,1783709,1927054,1927054,63,21720,112343923,132890504,132890504,24,67181439,131865347,132890504,132890504,24,11196300,11828055,11973839,11973839,null,null,null,null,null
saturated-many,normal,candidate,5,8,63,0,0,23,40,63,1309935,1802827,1942718,1942718,63,18027,104857780,124938058,124938058,23,69538576,123039574,124938058,124938058,23,11251767,11929677,12167386,12167386,null,null,null,null,null
saturated-many,normal,candidate,5,9,63,0,0,24,39,63,1343990,1780068,1878907,1878907,63,22602,146987285,183301792,183301792,24,93437107.5,158212409,183301792,183301792,24,10952557.5,11653701,11935625,11935625,null,null,null,null,null
reference-many,normal,candidate,6,0,7,0,0,7,0,7,790489,1230111,1230111,1230111,7,31573,52024,52024,52024,7,31573,52024,52024,52024,7,11434311,11450224,11450224,11450224,null,null,null,null,null
reference-many,normal,candidate,6,1,7,0,0,7,0,7,418341,614793,614793,614793,7,37116,174276,174276,174276,7,37116,174276,174276,174276,7,11380180,11530128,11530128,11530128,null,null,null,null,null
reference-many,normal,candidate,6,10,6,0,0,6,0,6,609029.5,1021834,1021834,1021834,6,33517.5,58283,58283,58283,6,33517.5,58283,58283,58283,6,11424152.5,11633896,11633896,11633896,null,null,null,null,null
reference-many,normal,candidate,6,11,6,0,0,6,0,6,742458,1133331,1133331,1133331,6,31823.5,46700,46700,46700,6,31823.5,46700,46700,46700,6,10992610,11610827,11610827,11610827,null,null,null,null,null
reference-many,normal,candidate,6,12,6,0,0,6,0,6,492176.5,1070910,1070910,1070910,6,36085.5,43566,43566,43566,6,36085.5,43566,43566,43566,6,11102216,11676448,11676448,11676448,null,null,null,null,null
reference-many,normal,candidate,6,13,6,0,0,6,0,6,504033,1043948,1043948,1043948,6,34343,115419,115419,115419,6,34343,115419,115419,115419,6,11426716.5,11935418,11935418,11935418,null,null,null,null,null
reference-many,normal,candidate,6,14,6,0,0,6,0,6,821490.5,1217593,1217593,1217593,6,25927.5,52777,52777,52777,6,25927.5,52777,52777,52777,6,11179851,11476487,11476487,11476487,null,null,null,null,null
reference-many,normal,candidate,6,15,6,0,0,6,0,6,614818.5,1121976,1121976,1121976,6,32834.5,107318,107318,107318,6,32834.5,107318,107318,107318,6,11456226.5,11607137,11607137,11607137,null,null,null,null,null
reference-many,normal,candidate,6,16,6,0,0,6,0,6,802557,1052608,1052608,1052608,6,39561,54365,54365,54365,6,39561,54365,54365,54365,6,10910604.5,11511852,11511852,11511852,null,null,null,null,null
reference-many,normal,candidate,6,17,6,0,0,6,0,6,707542.5,1235661,1235661,1235661,6,30544.5,58563,58563,58563,6,30544.5,58563,58563,58563,6,11404076,11536993,11536993,11536993,null,null,null,null,null
reference-many,normal,candidate,6,18,6,0,0,6,0,6,609373.5,1184806,1184806,1184806,6,31417.5,57043,57043,57043,6,31417.5,57043,57043,57043,6,11316217.5,11569237,11569237,11569237,null,null,null,null,null
reference-many,normal,candidate,6,19,6,0,0,6,0,6,815467.5,1047632,1047632,1047632,6,20100,54644,54644,54644,6,20100,54644,54644,54644,6,11049744,11480675,11480675,11480675,null,null,null,null,null
reference-many,normal,candidate,6,2,7,0,0,7,0,7,907407,1325517,1325517,1325517,7,39184,57612,57612,57612,7,39184,57612,57612,57612,7,11367541,11577499,11577499,11577499,null,null,null,null,null
reference-many,normal,candidate,6,20,6,0,0,6,0,6,540821,1140311,1140311,1140311,6,28436.5,32988,32988,32988,6,28436.5,32988,32988,32988,6,11598152.5,11854758,11854758,11854758,null,null,null,null,null
reference-many,normal,candidate,6,21,6,0,0,6,0,6,712789.5,1054679,1054679,1054679,6,30558,255281,255281,255281,6,30558,255281,255281,255281,6,10475729,11542455,11542455,11542455,null,null,null,null,null
reference-many,normal,candidate,6,22,6,0,0,6,0,6,1127240,1294827,1294827,1294827,6,30946,43563,43563,43563,6,30946,43563,43563,43563,6,11580662,11637304,11637304,11637304,null,null,null,null,null
reference-many,normal,candidate,6,23,6,0,0,6,0,6,563334.5,901076,901076,901076,6,35579,51859,51859,51859,6,35579,51859,51859,51859,6,10545909,11472928,11472928,11472928,null,null,null,null,null
reference-many,normal,candidate,6,24,6,0,0,6,0,6,759880.5,1166738,1166738,1166738,6,32448.5,51045,51045,51045,6,32448.5,51045,51045,51045,6,11377158.5,11464649,11464649,11464649,null,null,null,null,null
reference-many,normal,candidate,6,25,6,0,0,6,0,6,470938.5,997586,997586,997586,6,34667,56547,56547,56547,6,34667,56547,56547,56547,6,11159662,11825512,11825512,11825512,null,null,null,null,null
reference-many,normal,candidate,6,26,6,0,0,6,0,6,872719.5,1259575,1259575,1259575,6,28247.5,49686,49686,49686,6,28247.5,49686,49686,49686,6,11013411.5,11624643,11624643,11624643,null,null,null,null,null
reference-many,normal,candidate,6,27,6,0,0,6,0,6,404263.5,796680,796680,796680,6,32097.5,40325,40325,40325,6,32097.5,40325,40325,40325,6,11444472.5,11763267,11763267,11763267,null,null,null,null,null
reference-many,normal,candidate,6,28,6,0,0,6,0,6,786817,1157791,1157791,1157791,6,30264,58970,58970,58970,6,30264,58970,58970,58970,6,10536903,11431435,11431435,11431435,null,null,null,null,null
reference-many,normal,candidate,6,29,6,0,0,6,0,6,713874,1279927,1279927,1279927,6,28472,62633,62633,62633,6,28472,62633,62633,62633,6,11451018.5,11805928,11805928,11805928,null,null,null,null,null
reference-many,normal,candidate,6,3,7,0,0,7,0,7,566662,1125727,1125727,1125727,7,32225,57850,57850,57850,7,32225,57850,57850,57850,7,11331264,11606160,11606160,11606160,null,null,null,null,null
reference-many,normal,candidate,6,30,6,0,0,6,0,6,609998,867510,867510,867510,6,31739.5,43202,43202,43202,6,31739.5,43202,43202,43202,6,11085030,11714604,11714604,11714604,null,null,null,null,null
reference-many,normal,candidate,6,31,6,0,0,6,0,6,739121.5,1254868,1254868,1254868,6,123060.5,135210,135210,135210,6,123060.5,135210,135210,135210,6,11422800,11584887,11584887,11584887,null,null,null,null,null
reference-many,normal,candidate,6,4,7,0,0,7,0,7,565102,960302,960302,960302,7,31182,43144,43144,43144,7,31182,43144,43144,43144,7,10615949,11518242,11518242,11518242,null,null,null,null,null
reference-many,normal,candidate,6,5,7,0,0,7,0,7,628784,1311120,1311120,1311120,7,31723,52852,52852,52852,7,31723,52852,52852,52852,7,11426450,11740794,11740794,11740794,null,null,null,null,null
reference-many,normal,candidate,6,6,7,0,0,7,0,7,874481,1067560,1067560,1067560,7,30683,50130,50130,50130,7,30683,50130,50130,50130,7,10879479,11643743,11643743,11643743,null,null,null,null,null
reference-many,normal,candidate,6,7,7,0,0,7,0,7,599679,973272,973272,973272,7,32728,149210,149210,149210,7,32728,149210,149210,149210,7,11408165,11474794,11474794,11474794,null,null,null,null,null
reference-many,normal,candidate,6,8,6,0,0,6,0,6,944979,1260242,1260242,1260242,6,24521.5,50699,50699,50699,6,24521.5,50699,50699,50699,6,11052842,11582688,11582688,11582688,null,null,null,null,null
reference-many,normal,candidate,6,9,6,0,0,6,0,6,358417.5,873003,873003,873003,6,29336,40015,40015,40015,6,29336,40015,40015,40015,6,10972973,11647410,11647410,11647410,null,null,null,null,null
reference-many,normal,control,7,0,7,0,0,7,0,7,1290574,1780810,1780810,1780810,7,18132,186910,186910,186910,7,18132,186910,186910,186910,7,10794562,11644785,11644785,11644785,null,null,null,null,null
reference-many,normal,control,7,1,7,0,0,7,0,7,1441420,1992094,1992094,1992094,7,17947,27697,27697,27697,7,17947,27697,27697,27697,7,11413158,11701324,11701324,11701324,null,null,null,null,null
reference-many,normal,control,7,10,6,0,0,6,0,6,1182904.5,1720912,1720912,1720912,6,24717.5,39862,39862,39862,6,24717.5,39862,39862,39862,6,11526676.5,11688852,11688852,11688852,null,null,null,null,null
reference-many,normal,control,7,11,6,0,0,6,0,6,1521176.5,2105234,2105234,2105234,6,25416,48479,48479,48479,6,25416,48479,48479,48479,6,11452275,11792053,11792053,11792053,null,null,null,null,null
reference-many,normal,control,7,12,6,0,0,6,0,6,1761068,1976145,1976145,1976145,6,27898.5,46373,46373,46373,6,27898.5,46373,46373,46373,6,10572721.5,11620335,11620335,11620335,null,null,null,null,null
reference-many,normal,control,7,13,6,0,0,6,0,6,1199983.5,1823504,1823504,1823504,6,29696.5,60246,60246,60246,6,29696.5,60246,60246,60246,6,11477700,11858665,11858665,11858665,null,null,null,null,null
reference-many,normal,control,7,14,6,0,0,6,0,6,1475707,1748856,1748856,1748856,6,21130.5,39085,39085,39085,6,21130.5,39085,39085,39085,6,11105570,11403645,11403645,11403645,null,null,null,null,null
reference-many,normal,control,7,15,6,0,0,6,0,6,1443515.5,2129845,2129845,2129845,6,23031.5,41057,41057,41057,6,23031.5,41057,41057,41057,6,11447979,11617589,11617589,11617589,null,null,null,null,null
reference-many,normal,control,7,16,6,0,0,6,0,6,1583517.5,1842573,1842573,1842573,6,25087,39886,39886,39886,6,25087,39886,39886,39886,6,10492209.5,11369770,11369770,11369770,null,null,null,null,null
reference-many,normal,control,7,17,6,0,0,6,0,6,1552181.5,1963700,1963700,1963700,6,23059.5,34182,34182,34182,6,23059.5,34182,34182,34182,6,11311676.5,11574792,11574792,11574792,null,null,null,null,null
reference-many,normal,control,7,18,6,0,0,6,0,6,1340378.5,1791748,1791748,1791748,6,31358.5,56368,56368,56368,6,31358.5,56368,56368,56368,6,11420624.5,11476800,11476800,11476800,null,null,null,null,null
reference-many,normal,control,7,19,6,0,0,6,0,6,1412005.5,2090147,2090147,2090147,6,21972,35833,35833,35833,6,21972,35833,35833,35833,6,11363844,11516477,11516477,11516477,null,null,null,null,null
reference-many,normal,control,7,2,7,0,0,7,0,7,1589878,1995628,1995628,1995628,7,23191,95110,95110,95110,7,23191,95110,95110,95110,7,11283838,14132115,14132115,14132115,null,null,null,null,null
reference-many,normal,control,7,20,6,0,0,6,0,6,1659477.5,1876800,1876800,1876800,6,23453,56727,56727,56727,6,23453,56727,56727,56727,6,11351085,11537624,11537624,11537624,null,null,null,null,null
reference-many,normal,control,7,21,6,0,0,6,0,6,1400849,1803435,1803435,1803435,6,28585,42633,42633,42633,6,28585,42633,42633,42633,6,10986536,11662959,11662959,11662959,null,null,null,null,null
reference-many,normal,control,7,22,6,0,0,6,0,6,1636078,1864948,1864948,1864948,6,26921.5,66723,66723,66723,6,26921.5,66723,66723,66723,6,11343209.5,11700735,11700735,11700735,null,null,null,null,null
reference-many,normal,control,7,23,6,0,0,6,0,6,1432006.5,1983508,1983508,1983508,6,27229.5,42713,42713,42713,6,27229.5,42713,42713,42713,6,11437348,11696769,11696769,11696769,null,null,null,null,null
reference-many,normal,control,7,24,6,0,0,6,0,6,1486820.5,1963638,1963638,1963638,6,19119.5,40367,40367,40367,6,19119.5,40367,40367,40367,6,11350861.5,11614826,11614826,11614826,null,null,null,null,null
reference-many,normal,control,7,25,6,0,0,6,0,6,1554964.5,1973528,1973528,1973528,6,23473.5,52536,52536,52536,6,23473.5,52536,52536,52536,6,10911194,11561361,11561361,11561361,null,null,null,null,null
reference-many,normal,control,7,26,6,0,0,6,0,6,1356185,2188964,2188964,2188964,6,12427.5,31871,31871,31871,6,12427.5,31871,31871,31871,6,11504982.5,11718348,11718348,11718348,null,null,null,null,null
reference-many,normal,control,7,27,6,0,0,6,0,6,1623855,2089585,2089585,2089585,6,27523,46450,46450,46450,6,27523,46450,46450,46450,6,10696483,11454650,11454650,11454650,null,null,null,null,null
reference-many,normal,control,7,28,6,0,0,6,0,6,1559010,2068192,2068192,2068192,6,28796,40007,40007,40007,6,28796,40007,40007,40007,6,11332156.5,11681869,11681869,11681869,null,null,null,null,null
reference-many,normal,control,7,29,6,0,0,6,0,6,1483158,1812586,1812586,1812586,6,22451.5,39601,39601,39601,6,22451.5,39601,39601,39601,6,11107607.5,11521122,11521122,11521122,null,null,null,null,null
reference-many,normal,control,7,3,7,0,0,7,0,7,1740992,1963181,1963181,1963181,7,34101,49900,49900,49900,7,34101,49900,49900,49900,7,11446800,11744974,11744974,11744974,null,null,null,null,null
reference-many,normal,control,7,30,6,0,0,6,0,6,1329514,1793212,1793212,1793212,6,24049,45017,45017,45017,6,24049,45017,45017,45017,6,11459322.5,11530575,11530575,11530575,null,null,null,null,null
reference-many,normal,control,7,31,6,0,0,6,0,6,1543669.5,1925174,1925174,1925174,6,66794.5,94406,94406,94406,6,66794.5,94406,94406,94406,6,11453005.5,11697538,11697538,11697538,null,null,null,null,null
reference-many,normal,control,7,4,7,0,0,7,0,7,1324411,2021126,2021126,2021126,7,38291,52066,52066,52066,7,38291,52066,52066,52066,7,11460557,11703752,11703752,11703752,null,null,null,null,null
reference-many,normal,control,7,5,7,0,0,7,0,7,1662093,2194435,2194435,2194435,7,24696,30978,30978,30978,7,24696,30978,30978,30978,7,10805334,11630118,11630118,11630118,null,null,null,null,null
reference-many,normal,control,7,6,7,0,0,7,0,7,1279821,1760600,1760600,1760600,7,18952,81937,81937,81937,7,18952,81937,81937,81937,7,10778655,11489285,11489285,11489285,null,null,null,null,null
reference-many,normal,control,7,7,7,0,0,7,0,7,1440996,2093610,2093610,2093610,7,23645,40155,40155,40155,7,23645,40155,40155,40155,7,11359895,11598531,11598531,11598531,null,null,null,null,null
reference-many,normal,control,7,8,6,0,0,6,0,6,1472356,1938687,1938687,1938687,6,23883,34304,34304,34304,6,23883,34304,34304,34304,6,11468537.5,11749567,11749567,11749567,null,null,null,null,null
reference-many,normal,control,7,9,6,0,0,6,0,6,1617903.5,1931254,1931254,1931254,6,21860,40233,40233,40233,6,21860,40233,40233,40233,6,11028037.5,11544974,11544974,11544974,null,null,null,null,null
cancel-one,normal,control,8,0,68,0,0,36,32,68,20,25,50,50,68,376311.5,463045,473284,473284,36,413683.5,472438,473284,473284,36,74,488439,488543,488543,32,37861.5,51421,52849,52849
cancel-one,normal,candidate,9,0,68,0,0,36,32,68,22,28,48,48,68,341573,422687,432742,432742,36,378604.5,430010,432742,432742,36,69,432534,435777,435777,32,36640.5,48800,49679,49679
cancel-many,normal,candidate,10,0,9,0,0,5,4,9,157,247,247,247,9,1103051,1771331,1771331,1771331,5,926304,1684649,1684649,1684649,5,174,2028944,2028944,2028944,4,39363,50146,50146,50146
cancel-many,normal,candidate,10,1,9,0,0,5,4,9,135,479,479,479,9,1080682,1749961,1749961,1749961,5,896716,1667533,1667533,1667533,5,82,2001783,2001783,2001783,4,40371,51547,51547,51547
cancel-many,normal,candidate,10,2,9,0,0,5,4,9,134,282,282,282,9,1068715,1723538,1723538,1723538,5,872123,1658299,1658299,1658299,5,82,1953557,1953557,1953557,4,41304.5,52261,52261,52261
cancel-many,normal,candidate,10,3,9,0,0,5,4,9,121,190,190,190,9,1039965,1713930,1713930,1713930,5,857896,1633323,1633323,1633323,5,86,1909138,1909138,1909138,4,42104,53843,53843,53843
cancel-many,normal,candidate,10,4,8,0,0,4,4,8,118.5,317,317,317,8,1104359.5,1692786,1692786,1692786,4,1170221.5,1627557,1627557,1627557,4,83.5,92,92,92,4,42996,54834,54834,54834
cancel-many,normal,candidate,10,5,8,0,0,4,4,8,126,186,186,186,8,1016903,1675922,1675922,1675922,4,1155212.5,1618513,1618513,1618513,4,80,85,85,85,4,43760,55830,55830,55830
cancel-many,normal,candidate,10,6,8,0,0,4,4,8,127,302,302,302,8,989389,1654080,1654080,1654080,4,1139943,1586801,1586801,1586801,4,128.5,186,186,186,4,44676.5,56734,56734,56734
cancel-many,normal,candidate,10,7,8,0,0,4,4,8,141,193,193,193,8,975029,1628646,1628646,1628646,4,1127618,1567474,1567474,1567474,4,79.5,92,92,92,4,45686,57893,57893,57893
cancel-many,normal,control,11,0,9,0,0,5,4,9,19,298,298,298,9,372144,450250,450250,450250,5,372384,444154,444154,444154,5,64,656388,656388,656388,4,26686.5,36796,36796,36796
cancel-many,normal,control,11,1,9,0,0,5,4,9,19,119,119,119,9,370380,443539,443539,443539,5,371458,443099,443099,443099,5,64,623268,623268,623268,4,27586.5,38649,38649,38649
cancel-many,normal,control,11,2,9,0,0,5,4,9,19,88,88,88,9,368374,442487,442487,442487,5,370422,442487,442487,442487,5,64,604154,604154,604154,4,28468.5,39385,39385,39385
cancel-many,normal,control,11,3,9,0,0,5,4,9,19,96,96,96,9,368694,442677,442677,442677,5,369143,442677,442677,442677,5,63,572976,572976,572976,4,29228.5,40773,40773,40773
cancel-many,normal,control,11,4,8,0,0,4,4,8,19,93,93,93,8,372213,445846,445846,445846,4,409257,445846,445846,445846,4,63,66,66,66,4,30005,41648,41648,41648
cancel-many,normal,control,11,5,8,0,0,4,4,8,19,19,19,19,8,370806,444283,444283,444283,4,407409.5,444283,444283,444283,4,64,65,65,65,4,30764.5,42577,42577,42577
cancel-many,normal,control,11,6,8,0,0,4,4,8,19,21,21,21,8,370166,443165,443165,443165,4,406699.5,443165,443165,443165,4,58,60,60,60,4,31903,43490,43490,43490
cancel-many,normal,control,11,7,8,0,0,4,4,8,19,20,20,20,8,369278.5,441511,441511,441511,4,405446,441511,441511,441511,4,65.5,69,69,69,4,32759,44516,44516,44516
cancel-many,allocation,control,12,0,9,0,0,5,4,9,24,249,249,249,9,66316186,70123975,70123975,70123975,5,69841470,70123975,70123975,70123975,5,279,69873973,69873973,69873973,4,143098.5,2657560,2657560,2657560
cancel-many,allocation,control,12,1,9,0,0,5,4,9,26,111,111,111,9,66308836,70133603,70133603,70133603,5,69867629,70133603,70133603,70133603,5,291,69983402,69983402,69983402,4,146853.5,2669284,2669284,2669284
cancel-many,allocation,control,12,2,9,0,0,5,4,9,26,112,112,112,9,66620458,70178122,70178122,70178122,5,69851456,70178122,70178122,70178122,5,265,69978599,69978599,69978599,4,1338972.5,2680130,2680130,2680130
cancel-many,allocation,control,12,3,9,0,0,5,4,9,23,114,114,114,9,66611308,70171502,70171502,70171502,5,69808892,70171502,70171502,70171502,5,210,69936344,69936344,69936344,4,1363248,2697972,2697972,2697972
cancel-many,allocation,control,12,4,8,0,0,4,4,8,29,113,113,113,8,67610522,70187670,70187670,70187670,4,69875366.5,70187670,70187670,70187670,4,210.5,294,294,294,4,1373455,2708861,2708861,2708861
cancel-many,allocation,control,12,5,8,0,0,4,4,8,37,109,109,109,8,67608163.5,70194779,70194779,70194779,4,69841104,70194779,70194779,70194779,4,141,291,291,291,4,1381862,2719942,2719942,2719942
cancel-many,allocation,control,12,6,8,0,0,4,4,8,51.5,105,105,105,8,66413235,70190096,70190096,70190096,4,57177706,70190096,70190096,70190096,4,268.5,675,675,675,4,1390418.5,2731813,2731813,2731813
cancel-many,allocation,control,12,7,8,0,0,4,4,8,37,54,54,54,8,66396741,70183993,70183993,70183993,4,57163985,70183993,70183993,70183993,4,86.5,352,352,352,4,1398691.5,2743547,2743547,2743547
cancel-many,allocation,candidate,13,0,9,0,0,5,4,9,25,174,174,174,9,58764613,61571907,61571907,61571907,5,61375089,61571907,61571907,61571907,5,244,61747807,61747807,61747807,4,193290,2447010,2447010,2447010
cancel-many,allocation,candidate,13,1,9,0,0,5,4,9,31,48,48,48,9,58755653,61568740,61568740,61568740,5,61373425,61568740,61568740,61568740,5,228,61771275,61771275,61771275,4,196874,2449914,2449914,2449914
cancel-many,allocation,candidate,13,2,9,0,0,5,4,9,32,128,128,128,9,58751065,61564468,61564468,61564468,5,61369078,61564468,61564468,61564468,5,201,61752624,61752624,61752624,4,200885,2453634,2453634,2453634
cancel-many,allocation,candidate,13,3,9,0,0,5,4,9,25,43,43,43,9,59041994,61557007,61557007,61557007,5,61356323,61557007,61557007,61557007,5,206,61730732,61730732,61730732,4,1290594.5,2457923,2457923,2457923
cancel-many,allocation,candidate,13,4,8,0,0,4,4,8,29.5,72,72,72,8,59950160.5,61574826,61574826,61574826,4,61509734,61574826,61574826,61574826,4,392,957,957,957,4,1309477.5,2464030,2464030,2464030
cancel-many,allocation,candidate,13,5,8,0,0,4,4,8,25,45,45,45,8,59941853,61569687,61569687,61569687,4,61518753.5,61569687,61569687,61569687,4,438,930,930,930,4,1314416.5,2467283,2467283,2467283
cancel-many,allocation,candidate,13,6,8,0,0,4,4,8,24.5,33,33,33,8,58865933,61562853,61562853,61562853,4,53696170,61562853,61562853,61562853,4,665,939,939,939,4,1318919.5,2470056,2470056,2470056
cancel-many,allocation,candidate,13,7,8,0,0,4,4,8,24.5,100,100,100,8,58842729,61558130,61558130,61558130,4,53702725.5,61558130,61558130,61558130,4,390.5,1144,1144,1144,4,1323239,2473844,2473844,2473844
