shape,repetition,order,metric,unit,candidate,candidate_minus_control,control,percent,percent_unit
distinct,1,"[""control"",""candidate""]",initial.apply.100.elapsed_nanos,ns,75812518,-6865979,82678497,-8.304431320274242527655044334,percent candidate-minus-control/control
distinct,1,"[""control"",""candidate""]",initial.apply.100.sampled_rss_max_bytes,bytes,19243008,2727936,16515072,16.51785714285714285714285714,percent candidate-minus-control/control
distinct,1,"[""control"",""candidate""]",initial.apply.1000.elapsed_nanos,ns,747545772,17303694,730242078,2.369583254828544678851004256,percent candidate-minus-control/control
distinct,1,"[""control"",""candidate""]",initial.apply.1000.sampled_rss_max_bytes,bytes,44863488,-5349376,50212864,-10.65339750387470429888245371,percent candidate-minus-control/control
distinct,1,"[""control"",""candidate""]",initial.apply.10000.elapsed_nanos,ns,6857940593,-2311835639,9169776232,-25.21147278307979544162119746,percent candidate-minus-control/control
distinct,1,"[""control"",""candidate""]",initial.apply.10000.sampled_rss_max_bytes,bytes,300924928,-115560448,416485376,-27.74657999036201453565562888,percent candidate-minus-control/control
distinct,1,"[""control"",""candidate""]",initial.apply.100000.elapsed_nanos,ns,69681372393,-54028154067,123709526460,-43.67339817153803370883907917,percent candidate-minus-control/control
distinct,1,"[""control"",""candidate""]",initial.apply.100000.sampled_rss_max_bytes,bytes,3211911168,-810643456,4022554624,-20.15245364633238601361004166,percent candidate-minus-control/control
distinct,1,"[""control"",""candidate""]",initial.checkpoint.0.empty.private_clean_bytes,bytes,13144064,-36864,13180928,-0.2796768178993163455562461156,percent candidate-minus-control/control
distinct,1,"[""control"",""candidate""]",initial.checkpoint.0.empty.private_dirty_bytes,bytes,1687552,4096,1683456,0.2433090024330900243309002433,percent candidate-minus-control/control
distinct,1,"[""control"",""candidate""]",initial.checkpoint.0.empty.pss_bytes,bytes,15627264,7168,15620096,0.04588960272715353349940999082,percent candidate-minus-control/control
distinct,1,"[""control"",""candidate""]",initial.checkpoint.0.empty.rss_bytes,bytes,16252928,0,16252928,0,percent candidate-minus-control/control
distinct,1,"[""control"",""candidate""]",initial.checkpoint.0.empty.shared_clean_bytes,bytes,1998848,69632,1929216,3.609341825902335456475583864,percent candidate-minus-control/control
distinct,1,"[""control"",""candidate""]",initial.checkpoint.0.empty.shared_dirty_bytes,bytes,0,0,0,null,percent candidate-minus-control/control
distinct,1,"[""control"",""candidate""]",initial.checkpoint.0.empty.vm_hwm_bytes,bytes,16252928,0,16252928,0,percent candidate-minus-control/control
distinct,1,"[""control"",""candidate""]",initial.checkpoint.0.empty.vm_peak_bytes,bytes,515796992,-20480,515817472,-0.003970396722040466283391036432,percent candidate-minus-control/control
distinct,1,"[""control"",""candidate""]",initial.checkpoint.0.empty.vm_size_bytes,bytes,515796992,-20480,515817472,-0.003970396722040466283391036432,percent candidate-minus-control/control
distinct,1,"[""control"",""candidate""]",initial.checkpoint.100.after-resolver-output-drop.private_clean_bytes,bytes,13340672,28672,13312000,0.2153846153846153846153846154,percent candidate-minus-control/control
distinct,1,"[""control"",""candidate""]",initial.checkpoint.100.after-resolver-output-drop.private_dirty_bytes,bytes,3309568,-708608,4018176,-17.63506625891946992864424057,percent candidate-minus-control/control
distinct,1,"[""control"",""candidate""]",initial.checkpoint.100.after-resolver-output-drop.pss_bytes,bytes,17445888,-640000,18085888,-3.538670592231910315932510474,percent candidate-minus-control/control
distinct,1,"[""control"",""candidate""]",initial.checkpoint.100.after-resolver-output-drop.rss_bytes,bytes,18071552,-524288,18595840,-2.819383259911894273127753304,percent candidate-minus-control/control
distinct,1,"[""control"",""candidate""]",initial.checkpoint.100.after-resolver-output-drop.shared_clean_bytes,bytes,1998848,69632,1929216,3.609341825902335456475583864,percent candidate-minus-control/control
distinct,1,"[""control"",""candidate""]",initial.checkpoint.100.after-resolver-output-drop.shared_dirty_bytes,bytes,0,0,0,null,percent candidate-minus-control/control
distinct,1,"[""control"",""candidate""]",initial.checkpoint.100.after-resolver-output-drop.vm_hwm_bytes,bytes,19267584,-393216,19660800,-2,percent candidate-minus-control/control
distinct,1,"[""control"",""candidate""]",initial.checkpoint.100.after-resolver-output-drop.vm_peak_bytes,bytes,515796992,-20480,515817472,-0.003970396722040466283391036432,percent candidate-minus-control/control
distinct,1,"[""control"",""candidate""]",initial.checkpoint.100.after-resolver-output-drop.vm_size_bytes,bytes,515796992,-20480,515817472,-0.003970396722040466283391036432,percent candidate-minus-control/control
distinct,1,"[""control"",""candidate""]",initial.checkpoint.100.artifact-only.private_clean_bytes,bytes,13209600,-36864,13246464,-0.2782931354359925788497217069,percent candidate-minus-control/control
distinct,1,"[""control"",""candidate""]",initial.checkpoint.100.artifact-only.private_dirty_bytes,bytes,1966080,12288,1953792,0.6289308176100628930817610063,percent candidate-minus-control/control
distinct,1,"[""control"",""candidate""]",initial.checkpoint.100.artifact-only.pss_bytes,bytes,15971328,15360,15955968,0.09626492106276472853292260300,percent candidate-minus-control/control
distinct,1,"[""control"",""candidate""]",initial.checkpoint.100.artifact-only.rss_bytes,bytes,16515072,131072,16384000,0.8,percent candidate-minus-control/control
distinct,1,"[""control"",""candidate""]",initial.checkpoint.100.artifact-only.shared_clean_bytes,bytes,1998848,69632,1929216,3.609341825902335456475583864,percent candidate-minus-control/control
distinct,1,"[""control"",""candidate""]",initial.checkpoint.100.artifact-only.shared_dirty_bytes,bytes,0,0,0,null,percent candidate-minus-control/control
distinct,1,"[""control"",""candidate""]",initial.checkpoint.100.artifact-only.vm_hwm_bytes,bytes,16515072,131072,16384000,0.8,percent candidate-minus-control/control
distinct,1,"[""control"",""candidate""]",initial.checkpoint.100.artifact-only.vm_peak_bytes,bytes,515796992,-20480,515817472,-0.003970396722040466283391036432,percent candidate-minus-control/control
distinct,1,"[""control"",""candidate""]",initial.checkpoint.100.artifact-only.vm_size_bytes,bytes,515796992,-20480,515817472,-0.003970396722040466283391036432,percent candidate-minus-control/control
distinct,1,"[""control"",""candidate""]",initial.checkpoint.100.post-publication-idle.private_clean_bytes,bytes,13340672,28672,13312000,0.2153846153846153846153846154,percent candidate-minus-control/control
distinct,1,"[""control"",""candidate""]",initial.checkpoint.100.post-publication-idle.private_dirty_bytes,bytes,3280896,-700416,3981312,-17.59259259259259259259259259,percent candidate-minus-control/control
distinct,1,"[""control"",""candidate""]",initial.checkpoint.100.post-publication-idle.pss_bytes,bytes,17417216,-631808,18049024,-3.500510609327130375581527289,percent candidate-minus-control/control
distinct,1,"[""control"",""candidate""]",initial.checkpoint.100.post-publication-idle.rss_bytes,bytes,18071552,-524288,18595840,-2.819383259911894273127753304,percent candidate-minus-control/control
distinct,1,"[""control"",""candidate""]",initial.checkpoint.100.post-publication-idle.shared_clean_bytes,bytes,1998848,69632,1929216,3.609341825902335456475583864,percent candidate-minus-control/control
distinct,1,"[""control"",""candidate""]",initial.checkpoint.100.post-publication-idle.shared_dirty_bytes,bytes,0,0,0,null,percent candidate-minus-control/control
distinct,1,"[""control"",""candidate""]",initial.checkpoint.100.post-publication-idle.vm_hwm_bytes,bytes,19267584,-393216,19660800,-2,percent candidate-minus-control/control
distinct,1,"[""control"",""candidate""]",initial.checkpoint.100.post-publication-idle.vm_peak_bytes,bytes,515796992,-20480,515817472,-0.003970396722040466283391036432,percent candidate-minus-control/control
distinct,1,"[""control"",""candidate""]",initial.checkpoint.100.post-publication-idle.vm_size_bytes,bytes,515796992,-20480,515817472,-0.003970396722040466283391036432,percent candidate-minus-control/control
distinct,1,"[""control"",""candidate""]",initial.checkpoint.1000.after-resolver-output-drop.private_clean_bytes,bytes,13340672,28672,13312000,0.2153846153846153846153846154,percent candidate-minus-control/control
distinct,1,"[""control"",""candidate""]",initial.checkpoint.1000.after-resolver-output-drop.private_dirty_bytes,bytes,16199680,-8261632,24461312,-33.77427997320830542531815137,percent candidate-minus-control/control
distinct,1,"[""control"",""candidate""]",initial.checkpoint.1000.after-resolver-output-drop.pss_bytes,bytes,30336000,-8193024,38529024,-21.26455110827619199489714559,percent candidate-minus-control/control
distinct,1,"[""control"",""candidate""]",initial.checkpoint.1000.after-resolver-output-drop.rss_bytes,bytes,30785536,-8151040,38936576,-20.93414685461813591415947822,percent candidate-minus-control/control
distinct,1,"[""control"",""candidate""]",initial.checkpoint.1000.after-resolver-output-drop.shared_clean_bytes,bytes,1998848,69632,1929216,3.609341825902335456475583864,percent candidate-minus-control/control
distinct,1,"[""control"",""candidate""]",initial.checkpoint.1000.after-resolver-output-drop.shared_dirty_bytes,bytes,0,0,0,null,percent candidate-minus-control/control
distinct,1,"[""control"",""candidate""]",initial.checkpoint.1000.after-resolver-output-drop.vm_hwm_bytes,bytes,47935488,-4935680,52871168,-9.335295940502014254725751472,percent candidate-minus-control/control
distinct,1,"[""control"",""candidate""]",initial.checkpoint.1000.after-resolver-output-drop.vm_peak_bytes,bytes,522551296,6316032,516235264,1.223479378580383071234746180,percent candidate-minus-control/control
distinct,1,"[""control"",""candidate""]",initial.checkpoint.1000.after-resolver-output-drop.vm_size_bytes,bytes,515796992,-20480,515817472,-0.003970396722040466283391036432,percent candidate-minus-control/control
distinct,1,"[""control"",""candidate""]",initial.checkpoint.1000.artifact-only.private_clean_bytes,bytes,13340672,28672,13312000,0.2153846153846153846153846154,percent candidate-minus-control/control
distinct,1,"[""control"",""candidate""]",initial.checkpoint.1000.artifact-only.private_dirty_bytes,bytes,3952640,-741376,4694016,-15.79406631762652705061082024,percent candidate-minus-control/control
distinct,1,"[""control"",""candidate""]",initial.checkpoint.1000.artifact-only.pss_bytes,bytes,18088960,-672768,18761728,-3.585853072808645344394716734,percent candidate-minus-control/control
distinct,1,"[""control"",""candidate""]",initial.checkpoint.1000.artifact-only.rss_bytes,bytes,18464768,-524288,18989056,-2.761000862812769628990509060,percent candidate-minus-control/control
distinct,1,"[""control"",""candidate""]",initial.checkpoint.1000.artifact-only.shared_clean_bytes,bytes,1998848,69632,1929216,3.609341825902335456475583864,percent candidate-minus-control/control
distinct,1,"[""control"",""candidate""]",initial.checkpoint.1000.artifact-only.shared_dirty_bytes,bytes,0,0,0,null,percent candidate-minus-control/control
distinct,1,"[""control"",""candidate""]",initial.checkpoint.1000.artifact-only.vm_hwm_bytes,bytes,19267584,-393216,19660800,-2,percent candidate-minus-control/control
distinct,1,"[""control"",""candidate""]",initial.checkpoint.1000.artifact-only.vm_peak_bytes,bytes,515796992,-20480,515817472,-0.003970396722040466283391036432,percent candidate-minus-control/control
distinct,1,"[""control"",""candidate""]",initial.checkpoint.1000.artifact-only.vm_size_bytes,bytes,515796992,-20480,515817472,-0.003970396722040466283391036432,percent candidate-minus-control/control
distinct,1,"[""control"",""candidate""]",initial.checkpoint.1000.post-publication-idle.private_clean_bytes,bytes,13340672,28672,13312000,0.2153846153846153846153846154,percent candidate-minus-control/control
distinct,1,"[""control"",""candidate""]",initial.checkpoint.1000.post-publication-idle.private_dirty_bytes,bytes,16199680,-8261632,24461312,-33.77427997320830542531815137,percent candidate-minus-control/control
distinct,1,"[""control"",""candidate""]",initial.checkpoint.1000.post-publication-idle.pss_bytes,bytes,30336000,-8193024,38529024,-21.26455110827619199489714559,percent candidate-minus-control/control
distinct,1,"[""control"",""candidate""]",initial.checkpoint.1000.post-publication-idle.rss_bytes,bytes,30785536,-8151040,38936576,-20.93414685461813591415947822,percent candidate-minus-control/control
distinct,1,"[""control"",""candidate""]",initial.checkpoint.1000.post-publication-idle.shared_clean_bytes,bytes,1998848,69632,1929216,3.609341825902335456475583864,percent candidate-minus-control/control
distinct,1,"[""control"",""candidate""]",initial.checkpoint.1000.post-publication-idle.shared_dirty_bytes,bytes,0,0,0,null,percent candidate-minus-control/control
distinct,1,"[""control"",""candidate""]",initial.checkpoint.1000.post-publication-idle.vm_hwm_bytes,bytes,47935488,-4935680,52871168,-9.335295940502014254725751472,percent candidate-minus-control/control
distinct,1,"[""control"",""candidate""]",initial.checkpoint.1000.post-publication-idle.vm_peak_bytes,bytes,522551296,6316032,516235264,1.223479378580383071234746180,percent candidate-minus-control/control
distinct,1,"[""control"",""candidate""]",initial.checkpoint.1000.post-publication-idle.vm_size_bytes,bytes,515796992,-20480,515817472,-0.003970396722040466283391036432,percent candidate-minus-control/control
distinct,1,"[""control"",""candidate""]",initial.checkpoint.10000.after-resolver-output-drop.private_clean_bytes,bytes,13340672,28672,13312000,0.2153846153846153846153846154,percent candidate-minus-control/control
distinct,1,"[""control"",""candidate""]",initial.checkpoint.10000.after-resolver-output-drop.private_dirty_bytes,bytes,135221248,-91734016,226955264,-40.41942644696709920770993882,percent candidate-minus-control/control
distinct,1,"[""control"",""candidate""]",initial.checkpoint.10000.after-resolver-output-drop.pss_bytes,bytes,149357568,-91665408,241022976,-38.03181319941879731831043361,percent candidate-minus-control/control
distinct,1,"[""control"",""candidate""]",initial.checkpoint.10000.after-resolver-output-drop.rss_bytes,bytes,149573632,-91348992,240922624,-37.91631955660585865111613594,percent candidate-minus-control/control
distinct,1,"[""control"",""candidate""]",initial.checkpoint.10000.after-resolver-output-drop.shared_clean_bytes,bytes,1998848,69632,1929216,3.609341825902335456475583864,percent candidate-minus-control/control
distinct,1,"[""control"",""candidate""]",initial.checkpoint.10000.after-resolver-output-drop.shared_dirty_bytes,bytes,0,0,0,null,percent candidate-minus-control/control
distinct,1,"[""control"",""candidate""]",initial.checkpoint.10000.after-resolver-output-drop.vm_hwm_bytes,bytes,300924928,-115560448,416485376,-27.74657999036201453565562888,percent candidate-minus-control/control
distinct,1,"[""control"",""candidate""]",initial.checkpoint.10000.after-resolver-output-drop.vm_peak_bytes,bytes,784232448,-134238208,918470656,-14.61540519809486433935674914,percent candidate-minus-control/control
distinct,1,"[""control"",""candidate""]",initial.checkpoint.10000.after-resolver-output-drop.vm_size_bytes,bytes,582905856,-134238208,717144064,-18.71844371844371844371844372,percent candidate-minus-control/control
distinct,1,"[""control"",""candidate""]",initial.checkpoint.10000.artifact-only.private_clean_bytes,bytes,13340672,28672,13312000,0.2153846153846153846153846154,percent candidate-minus-control/control
distinct,1,"[""control"",""candidate""]",initial.checkpoint.10000.artifact-only.private_dirty_bytes,bytes,22102016,-7241728,29343744,-24.67895030709101060859854830,percent candidate-minus-control/control
distinct,1,"[""control"",""candidate""]",initial.checkpoint.10000.artifact-only.pss_bytes,bytes,36238336,-7173120,43411456,-16.52356465537576072085672501,percent candidate-minus-control/control
distinct,1,"[""control"",""candidate""]",initial.checkpoint.10000.artifact-only.rss_bytes,bytes,36290560,-6971392,43261952,-16.11437227797765574701761030,percent candidate-minus-control/control
distinct,1,"[""control"",""candidate""]",initial.checkpoint.10000.artifact-only.shared_clean_bytes,bytes,1998848,69632,1929216,3.609341825902335456475583864,percent candidate-minus-control/control
distinct,1,"[""control"",""candidate""]",initial.checkpoint.10000.artifact-only.shared_dirty_bytes,bytes,0,0,0,null,percent candidate-minus-control/control
distinct,1,"[""control"",""candidate""]",initial.checkpoint.10000.artifact-only.vm_hwm_bytes,bytes,47935488,-4935680,52871168,-9.335295940502014254725751472,percent candidate-minus-control/control
distinct,1,"[""control"",""candidate""]",initial.checkpoint.10000.artifact-only.vm_peak_bytes,bytes,522551296,6316032,516235264,1.223479378580383071234746180,percent candidate-minus-control/control
distinct,1,"[""control"",""candidate""]",initial.checkpoint.10000.artifact-only.vm_size_bytes,bytes,515796992,-20480,515817472,-0.003970396722040466283391036432,percent candidate-minus-control/control
distinct,1,"[""control"",""candidate""]",initial.checkpoint.10000.post-publication-idle.private_clean_bytes,bytes,13340672,28672,13312000,0.2153846153846153846153846154,percent candidate-minus-control/control
distinct,1,"[""control"",""candidate""]",initial.checkpoint.10000.post-publication-idle.private_dirty_bytes,bytes,135221248,-91734016,226955264,-40.41942644696709920770993882,percent candidate-minus-control/control
distinct,1,"[""control"",""candidate""]",initial.checkpoint.10000.post-publication-idle.pss_bytes,bytes,149357568,-91665408,241022976,-38.03181319941879731831043361,percent candidate-minus-control/control
distinct,1,"[""control"",""candidate""]",initial.checkpoint.10000.post-publication-idle.rss_bytes,bytes,149573632,-91348992,240922624,-37.91631955660585865111613594,percent candidate-minus-control/control
distinct,1,"[""control"",""candidate""]",initial.checkpoint.10000.post-publication-idle.shared_clean_bytes,bytes,1998848,69632,1929216,3.609341825902335456475583864,percent candidate-minus-control/control
distinct,1,"[""control"",""candidate""]",initial.checkpoint.10000.post-publication-idle.shared_dirty_bytes,bytes,0,0,0,null,percent candidate-minus-control/control
distinct,1,"[""control"",""candidate""]",initial.checkpoint.10000.post-publication-idle.vm_hwm_bytes,bytes,300924928,-115560448,416485376,-27.74657999036201453565562888,percent candidate-minus-control/control
distinct,1,"[""control"",""candidate""]",initial.checkpoint.10000.post-publication-idle.vm_peak_bytes,bytes,784232448,-134238208,918470656,-14.61540519809486433935674914,percent candidate-minus-control/control
distinct,1,"[""control"",""candidate""]",initial.checkpoint.10000.post-publication-idle.vm_size_bytes,bytes,582905856,-134238208,717144064,-18.71844371844371844371844372,percent candidate-minus-control/control
distinct,1,"[""control"",""candidate""]",initial.checkpoint.100000.after-resolver-output-drop.private_clean_bytes,bytes,13340672,28672,13312000,0.2153846153846153846153846154,percent candidate-minus-control/control
distinct,1,"[""control"",""candidate""]",initial.checkpoint.100000.after-resolver-output-drop.private_dirty_bytes,bytes,1103003648,-1601179648,2704183296,-59.21120991940333322730501771,percent candidate-minus-control/control
distinct,1,"[""control"",""candidate""]",initial.checkpoint.100000.after-resolver-output-drop.pss_bytes,bytes,1117139968,-1601111040,2718251008,-58.90225131114896656372361033,percent candidate-minus-control/control
distinct,1,"[""control"",""candidate""]",initial.checkpoint.100000.after-resolver-output-drop.rss_bytes,bytes,1117204480,-1601052672,2718257152,-58.89997091783610618455571344,percent candidate-minus-control/control
distinct,1,"[""control"",""candidate""]",initial.checkpoint.100000.after-resolver-output-drop.shared_clean_bytes,bytes,1998848,69632,1929216,3.609341825902335456475583864,percent candidate-minus-control/control
distinct,1,"[""control"",""candidate""]",initial.checkpoint.100000.after-resolver-output-drop.shared_dirty_bytes,bytes,0,0,0,null,percent candidate-minus-control/control
distinct,1,"[""control"",""candidate""]",initial.checkpoint.100000.after-resolver-output-drop.vm_hwm_bytes,bytes,3211911168,-810643456,4022554624,-20.15245364633238601361004166,percent candidate-minus-control/control
distinct,1,"[""control"",""candidate""]",initial.checkpoint.100000.after-resolver-output-drop.vm_peak_bytes,bytes,3797495808,-793419776,4590915584,-17.28238651926386629896264283,percent candidate-minus-control/control
distinct,1,"[""control"",""candidate""]",initial.checkpoint.100000.after-resolver-output-drop.vm_size_bytes,bytes,1553539072,-1665835008,3219374080,-51.74406473447161505381816331,percent candidate-minus-control/control
distinct,1,"[""control"",""candidate""]",initial.checkpoint.100000.artifact-only.private_clean_bytes,bytes,13340672,28672,13312000,0.2153846153846153846153846154,percent candidate-minus-control/control
distinct,1,"[""control"",""candidate""]",initial.checkpoint.100000.artifact-only.private_dirty_bytes,bytes,203661312,-71995392,275656704,-26.11777292381759015735746445,percent candidate-minus-control/control
distinct,1,"[""control"",""candidate""]",initial.checkpoint.100000.artifact-only.pss_bytes,bytes,217797632,-71926784,289724416,-24.82593113588328019962252681,percent candidate-minus-control/control
distinct,1,"[""control"",""candidate""]",initial.checkpoint.100000.artifact-only.rss_bytes,bytes,217862144,-71426048,289288192,-24.69027425772013535899868322,percent candidate-minus-control/control
distinct,1,"[""control"",""candidate""]",initial.checkpoint.100000.artifact-only.shared_clean_bytes,bytes,1998848,69632,1929216,3.609341825902335456475583864,percent candidate-minus-control/control
distinct,1,"[""control"",""candidate""]",initial.checkpoint.100000.artifact-only.shared_dirty_bytes,bytes,0,0,0,null,percent candidate-minus-control/control
distinct,1,"[""control"",""candidate""]",initial.checkpoint.100000.artifact-only.vm_hwm_bytes,bytes,300924928,-115560448,416485376,-27.74657999036201453565562888,percent candidate-minus-control/control
distinct,1,"[""control"",""candidate""]",initial.checkpoint.100000.artifact-only.vm_peak_bytes,bytes,784232448,-134238208,918470656,-14.61540519809486433935674914,percent candidate-minus-control/control
distinct,1,"[""control"",""candidate""]",initial.checkpoint.100000.artifact-only.vm_size_bytes,bytes,717123584,-67129344,784252928,-8.559654877055173710489481271,percent candidate-minus-control/control
distinct,1,"[""control"",""candidate""]",initial.checkpoint.100000.before-shutdown.private_clean_bytes,bytes,13340672,28672,13312000,0.2153846153846153846153846154,percent candidate-minus-control/control
distinct,1,"[""control"",""candidate""]",initial.checkpoint.100000.before-shutdown.private_dirty_bytes,bytes,1160511488,-2329776128,3490287616,-66.75026199330846206113920441,percent candidate-minus-control/control
distinct,1,"[""control"",""candidate""]",initial.checkpoint.100000.before-shutdown.pss_bytes,bytes,1174647808,-2329707520,3504355328,-66.48034522599644324652228874,percent candidate-minus-control/control
distinct,1,"[""control"",""candidate""]",initial.checkpoint.100000.before-shutdown.rss_bytes,bytes,1174687744,-2329907200,3504594944,-66.48149749770340363762163779,percent candidate-minus-control/control
distinct,1,"[""control"",""candidate""]",initial.checkpoint.100000.before-shutdown.shared_clean_bytes,bytes,1998848,69632,1929216,3.609341825902335456475583864,percent candidate-minus-control/control
distinct,1,"[""control"",""candidate""]",initial.checkpoint.100000.before-shutdown.shared_dirty_bytes,bytes,0,0,0,null,percent candidate-minus-control/control
distinct,1,"[""control"",""candidate""]",initial.checkpoint.100000.before-shutdown.vm_hwm_bytes,bytes,3263250432,-1775112192,5038362624,-35.23192601390653695036619897,percent candidate-minus-control/control
distinct,1,"[""control"",""candidate""]",initial.checkpoint.100000.before-shutdown.vm_peak_bytes,bytes,3811897344,-1785651200,5597548544,-31.90059337518449219187334305,percent candidate-minus-control/control
distinct,1,"[""control"",""candidate""]",initial.checkpoint.100000.before-shutdown.vm_size_bytes,bytes,1611046912,-2394431488,4005478400,-59.77891399938644033132222109,percent candidate-minus-control/control
distinct,1,"[""control"",""candidate""]",initial.checkpoint.100000.old-pin-overlap.private_clean_bytes,bytes,13340672,28672,13312000,0.2153846153846153846153846154,percent candidate-minus-control/control
distinct,1,"[""control"",""candidate""]",initial.checkpoint.100000.old-pin-overlap.private_dirty_bytes,bytes,1184514048,-2324975616,3509489664,-66.24825369481413010367538156,percent candidate-minus-control/control
distinct,1,"[""control"",""candidate""]",initial.checkpoint.100000.old-pin-overlap.pss_bytes,bytes,1198650368,-2324907008,3523557376,-65.98181212645024344851196202,percent candidate-minus-control/control
distinct,1,"[""control"",""candidate""]",initial.checkpoint.100000.old-pin-overlap.rss_bytes,bytes,1198800896,-2325106688,3523907584,-65.98092125221862798998987597,percent candidate-minus-control/control
distinct,1,"[""control"",""candidate""]",initial.checkpoint.100000.old-pin-overlap.shared_clean_bytes,bytes,1998848,69632,1929216,3.609341825902335456475583864,percent candidate-minus-control/control
distinct,1,"[""control"",""candidate""]",initial.checkpoint.100000.old-pin-overlap.shared_dirty_bytes,bytes,0,0,0,null,percent candidate-minus-control/control
distinct,1,"[""control"",""candidate""]",initial.checkpoint.100000.old-pin-overlap.vm_hwm_bytes,bytes,3263250432,-1775112192,5038362624,-35.23192601390653695036619897,percent candidate-minus-control/control
distinct,1,"[""control"",""candidate""]",initial.checkpoint.100000.old-pin-overlap.vm_peak_bytes,bytes,3811897344,-1785651200,5597548544,-31.90059337518449219187334305,percent candidate-minus-control/control
distinct,1,"[""control"",""candidate""]",initial.checkpoint.100000.old-pin-overlap.vm_size_bytes,bytes,1635049472,-2389630976,4024680448,-59.37442753219050100347246252,percent candidate-minus-control/control
distinct,1,"[""control"",""candidate""]",initial.checkpoint.100000.old-pin-released.private_clean_bytes,bytes,13340672,28672,13312000,0.2153846153846153846153846154,percent candidate-minus-control/control
distinct,1,"[""control"",""candidate""]",initial.checkpoint.100000.old-pin-released.private_dirty_bytes,bytes,1160511488,-2329776128,3490287616,-66.75026199330846206113920441,percent candidate-minus-control/control
distinct,1,"[""control"",""candidate""]",initial.checkpoint.100000.old-pin-released.pss_bytes,bytes,1174647808,-2329707520,3504355328,-66.48034522599644324652228874,percent candidate-minus-control/control
distinct,1,"[""control"",""candidate""]",initial.checkpoint.100000.old-pin-released.rss_bytes,bytes,1174687744,-2329907200,3504594944,-66.48149749770340363762163779,percent candidate-minus-control/control
distinct,1,"[""control"",""candidate""]",initial.checkpoint.100000.old-pin-released.shared_clean_bytes,bytes,1998848,69632,1929216,3.609341825902335456475583864,percent candidate-minus-control/control
distinct,1,"[""control"",""candidate""]",initial.checkpoint.100000.old-pin-released.shared_dirty_bytes,bytes,0,0,0,null,percent candidate-minus-control/control
distinct,1,"[""control"",""candidate""]",initial.checkpoint.100000.old-pin-released.vm_hwm_bytes,bytes,3263250432,-1775112192,5038362624,-35.23192601390653695036619897,percent candidate-minus-control/control
distinct,1,"[""control"",""candidate""]",initial.checkpoint.100000.old-pin-released.vm_peak_bytes,bytes,3811897344,-1785651200,5597548544,-31.90059337518449219187334305,percent candidate-minus-control/control
distinct,1,"[""control"",""candidate""]",initial.checkpoint.100000.old-pin-released.vm_size_bytes,bytes,1611046912,-2394431488,4005478400,-59.77891399938644033132222109,percent candidate-minus-control/control
distinct,1,"[""control"",""candidate""]",initial.checkpoint.100000.post-publication-idle.private_clean_bytes,bytes,13340672,28672,13312000,0.2153846153846153846153846154,percent candidate-minus-control/control
distinct,1,"[""control"",""candidate""]",initial.checkpoint.100000.post-publication-idle.private_dirty_bytes,bytes,1103003648,-1601179648,2704183296,-59.21120991940333322730501771,percent candidate-minus-control/control
distinct,1,"[""control"",""candidate""]",initial.checkpoint.100000.post-publication-idle.pss_bytes,bytes,1117139968,-1601111040,2718251008,-58.90225131114896656372361033,percent candidate-minus-control/control
distinct,1,"[""control"",""candidate""]",initial.checkpoint.100000.post-publication-idle.rss_bytes,bytes,1117204480,-1601052672,2718257152,-58.89997091783610618455571344,percent candidate-minus-control/control
distinct,1,"[""control"",""candidate""]",initial.checkpoint.100000.post-publication-idle.shared_clean_bytes,bytes,1998848,69632,1929216,3.609341825902335456475583864,percent candidate-minus-control/control
distinct,1,"[""control"",""candidate""]",initial.checkpoint.100000.post-publication-idle.shared_dirty_bytes,bytes,0,0,0,null,percent candidate-minus-control/control
distinct,1,"[""control"",""candidate""]",initial.checkpoint.100000.post-publication-idle.vm_hwm_bytes,bytes,3211911168,-810643456,4022554624,-20.15245364633238601361004166,percent candidate-minus-control/control
distinct,1,"[""control"",""candidate""]",initial.checkpoint.100000.post-publication-idle.vm_peak_bytes,bytes,3797495808,-793419776,4590915584,-17.28238651926386629896264283,percent candidate-minus-control/control
distinct,1,"[""control"",""candidate""]",initial.checkpoint.100000.post-publication-idle.vm_size_bytes,bytes,1553539072,-1665835008,3219374080,-51.74406473447161505381816331,percent candidate-minus-control/control
distinct,1,"[""control"",""candidate""]",initial.population_and_observation.cpu_ticks,process CPU ticks; clock rate requires matching suite host receipt,38939,-18540,57479,-32.25525844221367803893595922,percent candidate-minus-control/control
distinct,1,"[""control"",""candidate""]",initial.resolve.100.default-success.median_nanos,ns,896.5,-1061.5,1958,-54.21348314606741573033707865,percent candidate-minus-control/control
distinct,1,"[""control"",""candidate""]",initial.resolve.100.default-success.p95_nanos,ns,3139,-4010,7149,-56.09176108546649881102252063,percent candidate-minus-control/control
distinct,1,"[""control"",""candidate""]",initial.resolve.100.default-success.p99_nanos,ns,11227,-5243,16470,-31.83363691560412871888281724,percent candidate-minus-control/control
distinct,1,"[""control"",""candidate""]",initial.resolve.100.export-miss.median_nanos,ns,514,34.5,479.5,7.194994786235662148070907195,percent candidate-minus-control/control
distinct,1,"[""control"",""candidate""]",initial.resolve.100.export-miss.p95_nanos,ns,880,155,725,21.37931034482758620689655172,percent candidate-minus-control/control
distinct,1,"[""control"",""candidate""]",initial.resolve.100.export-miss.p99_nanos,ns,2736,-951,3687,-25.79332790886899918633034988,percent candidate-minus-control/control
distinct,1,"[""control"",""candidate""]",initial.resolve.100.named-success.median_nanos,ns,915,-1200,2115,-56.73758865248226950354609929,percent candidate-minus-control/control
distinct,1,"[""control"",""candidate""]",initial.resolve.100.named-success.p95_nanos,ns,2886,-5317,8203,-64.81774960380348652931854200,percent candidate-minus-control/control
distinct,1,"[""control"",""candidate""]",initial.resolve.100.named-success.p99_nanos,ns,12143,-7923,20066,-39.48470048838831854878899631,percent candidate-minus-control/control
distinct,1,"[""control"",""candidate""]",initial.resolve.100.route-miss.median_nanos,ns,381,42,339,12.38938053097345132743362832,percent candidate-minus-control/control
distinct,1,"[""control"",""candidate""]",initial.resolve.100.route-miss.p95_nanos,ns,786,297,489,60.73619631901840490797546012,percent candidate-minus-control/control
distinct,1,"[""control"",""candidate""]",initial.resolve.100.route-miss.p99_nanos,ns,3884,2812,1072,262.3134328358208955223880597,percent candidate-minus-control/control
distinct,1,"[""control"",""candidate""]",initial.resolve.1000.default-success.median_nanos,ns,4003.5,82.5,3921,2.104055087987758224942616679,percent candidate-minus-control/control
distinct,1,"[""control"",""candidate""]",initial.resolve.1000.default-success.p95_nanos,ns,8389,-1382,9771,-14.14389520008187493603520622,percent candidate-minus-control/control
distinct,1,"[""control"",""candidate""]",initial.resolve.1000.default-success.p99_nanos,ns,18382,-2925,21307,-13.72788285539963392312385601,percent candidate-minus-control/control
distinct,1,"[""control"",""candidate""]",initial.resolve.1000.export-miss.median_nanos,ns,975.5,-346.0,1321.5,-26.18236852062050699962164207,percent candidate-minus-control/control
distinct,1,"[""control"",""candidate""]",initial.resolve.1000.export-miss.p95_nanos,ns,1577,-893,2470,-36.15384615384615384615384615,percent candidate-minus-control/control
distinct,1,"[""control"",""candidate""]",initial.resolve.1000.export-miss.p99_nanos,ns,2031,-11818,13849,-85.33468120441909163116470503,percent candidate-minus-control/control
distinct,1,"[""control"",""candidate""]",initial.resolve.1000.named-success.median_nanos,ns,3453.5,-595.5,4049,-14.70733514448011854778957767,percent candidate-minus-control/control
distinct,1,"[""control"",""candidate""]",initial.resolve.1000.named-success.p95_nanos,ns,7964,-5719,13683,-41.79638968062559380252868523,percent candidate-minus-control/control
distinct,1,"[""control"",""candidate""]",initial.resolve.1000.named-success.p99_nanos,ns,18021,-6726,24747,-27.17905200630379439932112983,percent candidate-minus-control/control
distinct,1,"[""control"",""candidate""]",initial.resolve.1000.route-miss.median_nanos,ns,1045.5,422.5,623,67.81701444622792937399678973,percent candidate-minus-control/control
distinct,1,"[""control"",""candidate""]",initial.resolve.1000.route-miss.p95_nanos,ns,2139,831,1308,63.53211009174311926605504587,percent candidate-minus-control/control
distinct,1,"[""control"",""candidate""]",initial.resolve.1000.route-miss.p99_nanos,ns,2814,-2187,5001,-43.73125374925014997000599880,percent candidate-minus-control/control
distinct,1,"[""control"",""candidate""]",initial.resolve.10000.default-success.median_nanos,ns,8303.5,776.0,7527.5,10.30886748588508801062769844,percent candidate-minus-control/control
distinct,1,"[""control"",""candidate""]",initial.resolve.10000.default-success.p95_nanos,ns,16198,-8314,24512,-33.91808093994778067885117493,percent candidate-minus-control/control
distinct,1,"[""control"",""candidate""]",initial.resolve.10000.default-success.p99_nanos,ns,26590,-13932,40522,-34.38132372538374216475001234,percent candidate-minus-control/control
distinct,1,"[""control"",""candidate""]",initial.resolve.10000.export-miss.median_nanos,ns,5560,2657,2903,91.52600757836720633827075439,percent candidate-minus-control/control
distinct,1,"[""control"",""candidate""]",initial.resolve.10000.export-miss.p95_nanos,ns,14774,9151,5623,162.7423083763115774497599146,percent candidate-minus-control/control
distinct,1,"[""control"",""candidate""]",initial.resolve.10000.export-miss.p99_nanos,ns,23249,2748,20501,13.40422418418613726159699527,percent candidate-minus-control/control
distinct,1,"[""control"",""candidate""]",initial.resolve.10000.named-success.median_nanos,ns,8565.5,1288.0,7277.5,17.69838543455857093782205428,percent candidate-minus-control/control
distinct,1,"[""control"",""candidate""]",initial.resolve.10000.named-success.p95_nanos,ns,18047,-5439,23486,-23.15847739078600017031422975,percent candidate-minus-control/control
distinct,1,"[""control"",""candidate""]",initial.resolve.10000.named-success.p99_nanos,ns,27470,-13959,41429,-33.69378937459267662748316397,percent candidate-minus-control/control
distinct,1,"[""control"",""candidate""]",initial.resolve.10000.route-miss.median_nanos,ns,5069,3050.5,2018.5,151.1270745603170671290562299,percent candidate-minus-control/control
distinct,1,"[""control"",""candidate""]",initial.resolve.10000.route-miss.p95_nanos,ns,8181,3515,4666,75.33219031290184312044577797,percent candidate-minus-control/control
distinct,1,"[""control"",""candidate""]",initial.resolve.10000.route-miss.p99_nanos,ns,20158,3493,16665,20.96009600960096009600960096,percent candidate-minus-control/control
distinct,1,"[""control"",""candidate""]",initial.resolve.100000.default-success.median_nanos,ns,15760.5,-4026.5,19787,-20.34921918431293273361297822,percent candidate-minus-control/control
distinct,1,"[""control"",""candidate""]",initial.resolve.100000.default-success.p95_nanos,ns,29362,-18961,48323,-39.23804399561285516213811229,percent candidate-minus-control/control
distinct,1,"[""control"",""candidate""]",initial.resolve.100000.default-success.p99_nanos,ns,42147,-32354,74501,-43.42760499859062294465846096,percent candidate-minus-control/control
distinct,1,"[""control"",""candidate""]",initial.resolve.100000.export-miss.median_nanos,ns,10285.5,-5732.5,16018,-35.78786365338993632163815707,percent candidate-minus-control/control
distinct,1,"[""control"",""candidate""]",initial.resolve.100000.export-miss.p95_nanos,ns,12767,-14896,27663,-53.84810035064888117702346094,percent candidate-minus-control/control
distinct,1,"[""control"",""candidate""]",initial.resolve.100000.export-miss.p99_nanos,ns,15211,-33003,48214,-68.45107230265068237441407060,percent candidate-minus-control/control
distinct,1,"[""control"",""candidate""]",initial.resolve.100000.named-success.median_nanos,ns,13045,-11330,24375,-46.48205128205128205128205128,percent candidate-minus-control/control
distinct,1,"[""control"",""candidate""]",initial.resolve.100000.named-success.p95_nanos,ns,23583,-18821,42404,-44.38496368267144608999151023,percent candidate-minus-control/control
distinct,1,"[""control"",""candidate""]",initial.resolve.100000.named-success.p99_nanos,ns,32236,-60858,93094,-65.37263411175800803488946656,percent candidate-minus-control/control
distinct,1,"[""control"",""candidate""]",initial.resolve.100000.route-miss.median_nanos,ns,10703.5,1164.0,9539.5,12.20189737407620944493946224,percent candidate-minus-control/control
distinct,1,"[""control"",""candidate""]",initial.resolve.100000.route-miss.p95_nanos,ns,16187,-1379,17566,-7.850392804280997381304793351,percent candidate-minus-control/control
distinct,1,"[""control"",""candidate""]",initial.resolve.100000.route-miss.p99_nanos,ns,27335,-14968,42303,-35.38283336879181145545233199,percent candidate-minus-control/control
distinct,1,"[""control"",""candidate""]",initial.startup.catalog_open_nanos,ns,177253090,126532506,50720584,249.4697340235672365286645753,percent candidate-minus-control/control
distinct,1,"[""control"",""candidate""]",initial.startup.client_connect_nanos,ns,358671,30790,327881,9.390602078193002949240730631,percent candidate-minus-control/control
distinct,1,"[""control"",""candidate""]",initial.startup.node_start_nanos,ns,2113976,1093076,1020900,107.0698403369575864433343129,percent candidate-minus-control/control
distinct,1,"[""control"",""candidate""]",initial.update.100000.elapsed_nanos,ns,64582820532,-39934486622,104517307154,-38.20849169330293096081540478,percent candidate-minus-control/control
distinct,1,"[""control"",""candidate""]",initial.update.100000.sampled_rss_max_bytes,bytes,3263250432,-1775112192,5038362624,-35.23192601390653695036619897,percent candidate-minus-control/control
distinct,1,"[""control"",""candidate""]",reopen.checkpoint.100000.before-shutdown.private_clean_bytes,bytes,12771328,-557056,13328384,-4.179471419791026429010448679,percent candidate-minus-control/control
distinct,1,"[""control"",""candidate""]",reopen.checkpoint.100000.before-shutdown.private_dirty_bytes,bytes,2935590912,-905965568,3841556480,-23.58329423806883609843476777,percent candidate-minus-control/control
distinct,1,"[""control"",""candidate""]",reopen.checkpoint.100000.before-shutdown.pss_bytes,bytes,2949165056,-906547200,3855712256,-23.51179600057790204560327025,percent candidate-minus-control/control
distinct,1,"[""control"",""candidate""]",reopen.checkpoint.100000.before-shutdown.rss_bytes,bytes,2948661248,-906915840,3855577088,-23.52218148672637822252770893,percent candidate-minus-control/control
distinct,1,"[""control"",""candidate""]",reopen.checkpoint.100000.before-shutdown.shared_clean_bytes,bytes,2019328,-28672,2048000,-1.4,percent candidate-minus-control/control
distinct,1,"[""control"",""candidate""]",reopen.checkpoint.100000.before-shutdown.shared_dirty_bytes,bytes,0,0,0,null,percent candidate-minus-control/control
distinct,1,"[""control"",""candidate""]",reopen.checkpoint.100000.before-shutdown.vm_hwm_bytes,bytes,4719112192,-716320768,5435432960,-13.17872510380479423666739512,percent candidate-minus-control/control
distinct,1,"[""control"",""candidate""]",reopen.checkpoint.100000.before-shutdown.vm_peak_bytes,bytes,5155729408,-722817024,5878546432,-12.29584613069192135965083417,percent candidate-minus-control/control
distinct,1,"[""control"",""candidate""]",reopen.checkpoint.100000.before-shutdown.vm_size_bytes,bytes,3425480704,-934744064,4360224768,-21.43797885971735299311982625,percent candidate-minus-control/control
distinct,1,"[""control"",""candidate""]",reopen.checkpoint.100000.reopened-idle.private_clean_bytes,bytes,12705792,-557056,13262848,-4.200123533045089561457689932,percent candidate-minus-control/control
distinct,1,"[""control"",""candidate""]",reopen.checkpoint.100000.reopened-idle.private_dirty_bytes,bytes,2935590912,-905965568,3841556480,-23.58329423806883609843476777,percent candidate-minus-control/control
distinct,1,"[""control"",""candidate""]",reopen.checkpoint.100000.reopened-idle.pss_bytes,bytes,2949099520,-906547200,3855646720,-23.51219564016487485658437088,percent candidate-minus-control/control
distinct,1,"[""control"",""candidate""]",reopen.checkpoint.100000.reopened-idle.rss_bytes,bytes,2948530176,-906915840,3855446016,-23.52298116057968427796033236,percent candidate-minus-control/control
distinct,1,"[""control"",""candidate""]",reopen.checkpoint.100000.reopened-idle.shared_clean_bytes,bytes,2019328,-28672,2048000,-1.4,percent candidate-minus-control/control
distinct,1,"[""control"",""candidate""]",reopen.checkpoint.100000.reopened-idle.shared_dirty_bytes,bytes,0,0,0,null,percent candidate-minus-control/control
distinct,1,"[""control"",""candidate""]",reopen.checkpoint.100000.reopened-idle.vm_hwm_bytes,bytes,4719112192,-716320768,5435432960,-13.17872510380479423666739512,percent candidate-minus-control/control
distinct,1,"[""control"",""candidate""]",reopen.checkpoint.100000.reopened-idle.vm_peak_bytes,bytes,5155729408,-722817024,5878546432,-12.29584613069192135965083417,percent candidate-minus-control/control
distinct,1,"[""control"",""candidate""]",reopen.checkpoint.100000.reopened-idle.vm_size_bytes,bytes,3425480704,-934744064,4360224768,-21.43797885971735299311982625,percent candidate-minus-control/control
distinct,1,"[""control"",""candidate""]",reopen.checkpoint.100000.reopened-output-released.private_clean_bytes,bytes,12771328,-557056,13328384,-4.179471419791026429010448679,percent candidate-minus-control/control
distinct,1,"[""control"",""candidate""]",reopen.checkpoint.100000.reopened-output-released.private_dirty_bytes,bytes,2935590912,-905965568,3841556480,-23.58329423806883609843476777,percent candidate-minus-control/control
distinct,1,"[""control"",""candidate""]",reopen.checkpoint.100000.reopened-output-released.pss_bytes,bytes,2949165056,-906547200,3855712256,-23.51179600057790204560327025,percent candidate-minus-control/control
distinct,1,"[""control"",""candidate""]",reopen.checkpoint.100000.reopened-output-released.rss_bytes,bytes,2948661248,-906915840,3855577088,-23.52218148672637822252770893,percent candidate-minus-control/control
distinct,1,"[""control"",""candidate""]",reopen.checkpoint.100000.reopened-output-released.shared_clean_bytes,bytes,2019328,-28672,2048000,-1.4,percent candidate-minus-control/control
distinct,1,"[""control"",""candidate""]",reopen.checkpoint.100000.reopened-output-released.shared_dirty_bytes,bytes,0,0,0,null,percent candidate-minus-control/control
distinct,1,"[""control"",""candidate""]",reopen.checkpoint.100000.reopened-output-released.vm_hwm_bytes,bytes,4719112192,-716320768,5435432960,-13.17872510380479423666739512,percent candidate-minus-control/control
distinct,1,"[""control"",""candidate""]",reopen.checkpoint.100000.reopened-output-released.vm_peak_bytes,bytes,5155729408,-722817024,5878546432,-12.29584613069192135965083417,percent candidate-minus-control/control
distinct,1,"[""control"",""candidate""]",reopen.checkpoint.100000.reopened-output-released.vm_size_bytes,bytes,3425480704,-934744064,4360224768,-21.43797885971735299311982625,percent candidate-minus-control/control
distinct,1,"[""control"",""candidate""]",reopen.population_and_observation.cpu_ticks,process CPU ticks; clock rate requires matching suite host receipt,933,-159,1092,-14.56043956043956043956043956,percent candidate-minus-control/control
distinct,1,"[""control"",""candidate""]",reopen.startup.catalog_open_nanos,ns,90213399733,-10350919174,100564318907,-10.29283476137529090022378667,percent candidate-minus-control/control
distinct,1,"[""control"",""candidate""]",reopen.startup.client_connect_nanos,ns,13962314,13348786,613528,2175.741938428237994027982423,percent candidate-minus-control/control
distinct,1,"[""control"",""candidate""]",reopen.startup.node_start_nanos,ns,657898070,-222275634,880173704,-25.25360993970344744586916221,percent candidate-minus-control/control
shared,1,"[""candidate"",""control""]",initial.apply.100.elapsed_nanos,ns,68501234,-6882983,75384217,-9.130535905148421187421764956,percent candidate-minus-control/control
shared,1,"[""candidate"",""control""]",initial.apply.100.sampled_rss_max_bytes,bytes,17039360,-2961408,20000768,-14.80647143149703051402826131,percent candidate-minus-control/control
shared,1,"[""candidate"",""control""]",initial.apply.1000.elapsed_nanos,ns,655481754,-14586735,670068489,-2.176902098734566818288331717,percent candidate-minus-control/control
shared,1,"[""candidate"",""control""]",initial.apply.1000.sampled_rss_max_bytes,bytes,45338624,-3842048,49180672,-7.812109602731739818439243774,percent candidate-minus-control/control
shared,1,"[""candidate"",""control""]",initial.apply.10000.elapsed_nanos,ns,6135524721,-11849588752,17985113473,-65.88553789104024965191833460,percent candidate-minus-control/control
shared,1,"[""candidate"",""control""]",initial.apply.10000.sampled_rss_max_bytes,bytes,307904512,-66854912,374759424,-17.83942116422934837257087896,percent candidate-minus-control/control
shared,1,"[""candidate"",""control""]",initial.apply.100000.elapsed_nanos,ns,70014851500,-7597953087,77612804587,-9.789561306837046022543573928,percent candidate-minus-control/control
shared,1,"[""candidate"",""control""]",initial.apply.100000.sampled_rss_max_bytes,bytes,2942218240,-655093760,3597312000,-18.21064617136350697409621406,percent candidate-minus-control/control
shared,1,"[""candidate"",""control""]",initial.checkpoint.0.empty.private_clean_bytes,bytes,12972032,-208896,13180928,-1.584835301429459291485394655,percent candidate-minus-control/control
shared,1,"[""candidate"",""control""]",initial.checkpoint.0.empty.private_dirty_bytes,bytes,1671168,-4096,1675264,-0.2444987775061124694376528117,percent candidate-minus-control/control
shared,1,"[""candidate"",""control""]",initial.checkpoint.0.empty.pss_bytes,bytes,15403008,-264192,15667200,-1.686274509803921568627450980,percent candidate-minus-control/control
shared,1,"[""candidate"",""control""]",initial.checkpoint.0.empty.rss_bytes,bytes,15990784,-393216,16384000,-2.4,percent candidate-minus-control/control
shared,1,"[""candidate"",""control""]",initial.checkpoint.0.empty.shared_clean_bytes,bytes,1904640,-131072,2035712,-6.438631790744466800804828974,percent candidate-minus-control/control
shared,1,"[""candidate"",""control""]",initial.checkpoint.0.empty.shared_dirty_bytes,bytes,0,0,0,null,percent candidate-minus-control/control
shared,1,"[""candidate"",""control""]",initial.checkpoint.0.empty.vm_hwm_bytes,bytes,15990784,-393216,16384000,-2.4,percent candidate-minus-control/control
shared,1,"[""candidate"",""control""]",initial.checkpoint.0.empty.vm_peak_bytes,bytes,515796992,-67117056,582914048,-11.51405704327784531279644165,percent candidate-minus-control/control
shared,1,"[""candidate"",""control""]",initial.checkpoint.0.empty.vm_size_bytes,bytes,515796992,-20480,515817472,-0.003970396722040466283391036432,percent candidate-minus-control/control
shared,1,"[""candidate"",""control""]",initial.checkpoint.100.after-resolver-output-drop.private_clean_bytes,bytes,13168640,-208896,13377536,-1.561543172075933864053888549,percent candidate-minus-control/control
shared,1,"[""candidate"",""control""]",initial.checkpoint.100.after-resolver-output-drop.private_dirty_bytes,bytes,3473408,-577536,4050944,-14.25682507583417593528816987,percent candidate-minus-control/control
shared,1,"[""candidate"",""control""]",initial.checkpoint.100.after-resolver-output-drop.pss_bytes,bytes,17401856,-837632,18239488,-4.592409611497866606781944756,percent candidate-minus-control/control
shared,1,"[""candidate"",""control""]",initial.checkpoint.100.after-resolver-output-drop.rss_bytes,bytes,18030592,-954368,18984960,-5.026968716289104638619201726,percent candidate-minus-control/control
shared,1,"[""candidate"",""control""]",initial.checkpoint.100.after-resolver-output-drop.shared_clean_bytes,bytes,1904640,-131072,2035712,-6.438631790744466800804828974,percent candidate-minus-control/control
shared,1,"[""candidate"",""control""]",initial.checkpoint.100.after-resolver-output-drop.shared_dirty_bytes,bytes,0,0,0,null,percent candidate-minus-control/control
shared,1,"[""candidate"",""control""]",initial.checkpoint.100.after-resolver-output-drop.vm_hwm_bytes,bytes,19136512,-917504,20054016,-4.575163398692810457516339869,percent candidate-minus-control/control
shared,1,"[""candidate"",""control""]",initial.checkpoint.100.after-resolver-output-drop.vm_peak_bytes,bytes,516222976,-66691072,582914048,-11.44097868782191366916585273,percent candidate-minus-control/control
shared,1,"[""candidate"",""control""]",initial.checkpoint.100.after-resolver-output-drop.vm_size_bytes,bytes,515796992,-20480,515817472,-0.003970396722040466283391036432,percent candidate-minus-control/control
shared,1,"[""candidate"",""control""]",initial.checkpoint.100.artifact-only.private_clean_bytes,bytes,13037568,-274432,13312000,-2.061538461538461538461538462,percent candidate-minus-control/control
shared,1,"[""candidate"",""control""]",initial.checkpoint.100.artifact-only.private_dirty_bytes,bytes,1912832,12288,1900544,0.6465517241379310344827586207,percent candidate-minus-control/control
shared,1,"[""candidate"",""control""]",initial.checkpoint.100.artifact-only.pss_bytes,bytes,15710208,-313344,16023552,-1.955521472392638036809815951,percent candidate-minus-control/control
shared,1,"[""candidate"",""control""]",initial.checkpoint.100.artifact-only.rss_bytes,bytes,16384000,-393216,16777216,-2.34375,percent candidate-minus-control/control
shared,1,"[""candidate"",""control""]",initial.checkpoint.100.artifact-only.shared_clean_bytes,bytes,1904640,-131072,2035712,-6.438631790744466800804828974,percent candidate-minus-control/control
shared,1,"[""candidate"",""control""]",initial.checkpoint.100.artifact-only.shared_dirty_bytes,bytes,0,0,0,null,percent candidate-minus-control/control
shared,1,"[""candidate"",""control""]",initial.checkpoint.100.artifact-only.vm_hwm_bytes,bytes,16384000,-393216,16777216,-2.34375,percent candidate-minus-control/control
shared,1,"[""candidate"",""control""]",initial.checkpoint.100.artifact-only.vm_peak_bytes,bytes,515796992,-67117056,582914048,-11.51405704327784531279644165,percent candidate-minus-control/control
shared,1,"[""candidate"",""control""]",initial.checkpoint.100.artifact-only.vm_size_bytes,bytes,515796992,-20480,515817472,-0.003970396722040466283391036432,percent candidate-minus-control/control
shared,1,"[""candidate"",""control""]",initial.checkpoint.100.post-publication-idle.private_clean_bytes,bytes,13168640,-208896,13377536,-1.561543172075933864053888549,percent candidate-minus-control/control
shared,1,"[""candidate"",""control""]",initial.checkpoint.100.post-publication-idle.private_dirty_bytes,bytes,3436544,-577536,4014080,-14.38775510204081632653061224,percent candidate-minus-control/control
shared,1,"[""candidate"",""control""]",initial.checkpoint.100.post-publication-idle.pss_bytes,bytes,17364992,-837632,18202624,-4.601710171017101710171017102,percent candidate-minus-control/control
shared,1,"[""candidate"",""control""]",initial.checkpoint.100.post-publication-idle.rss_bytes,bytes,18030592,-954368,18984960,-5.026968716289104638619201726,percent candidate-minus-control/control
shared,1,"[""candidate"",""control""]",initial.checkpoint.100.post-publication-idle.shared_clean_bytes,bytes,1904640,-131072,2035712,-6.438631790744466800804828974,percent candidate-minus-control/control
shared,1,"[""candidate"",""control""]",initial.checkpoint.100.post-publication-idle.shared_dirty_bytes,bytes,0,0,0,null,percent candidate-minus-control/control
shared,1,"[""candidate"",""control""]",initial.checkpoint.100.post-publication-idle.vm_hwm_bytes,bytes,19136512,-917504,20054016,-4.575163398692810457516339869,percent candidate-minus-control/control
shared,1,"[""candidate"",""control""]",initial.checkpoint.100.post-publication-idle.vm_peak_bytes,bytes,516222976,-66691072,582914048,-11.44097868782191366916585273,percent candidate-minus-control/control
shared,1,"[""candidate"",""control""]",initial.checkpoint.100.post-publication-idle.vm_size_bytes,bytes,515796992,-20480,515817472,-0.003970396722040466283391036432,percent candidate-minus-control/control
shared,1,"[""candidate"",""control""]",initial.checkpoint.1000.after-resolver-output-drop.private_clean_bytes,bytes,13168640,-208896,13377536,-1.561543172075933864053888549,percent candidate-minus-control/control
shared,1,"[""candidate"",""control""]",initial.checkpoint.1000.after-resolver-output-drop.private_dirty_bytes,bytes,15376384,-9355264,24731648,-37.82709506459092414706856575,percent candidate-minus-control/control
shared,1,"[""candidate"",""control""]",initial.checkpoint.1000.after-resolver-output-drop.pss_bytes,bytes,29304832,-9615360,38920192,-24.70532519469585350452536308,percent candidate-minus-control/control
shared,1,"[""candidate"",""control""]",initial.checkpoint.1000.after-resolver-output-drop.rss_bytes,bytes,29859840,-9781248,39641088,-24.67451952882827030378177309,percent candidate-minus-control/control
shared,1,"[""candidate"",""control""]",initial.checkpoint.1000.after-resolver-output-drop.shared_clean_bytes,bytes,1904640,-131072,2035712,-6.438631790744466800804828974,percent candidate-minus-control/control
shared,1,"[""candidate"",""control""]",initial.checkpoint.1000.after-resolver-output-drop.shared_dirty_bytes,bytes,0,0,0,null,percent candidate-minus-control/control
shared,1,"[""candidate"",""control""]",initial.checkpoint.1000.after-resolver-output-drop.vm_hwm_bytes,bytes,45555712,-6983680,52539392,-13.29227410930069384891245030,percent candidate-minus-control/control
shared,1,"[""candidate"",""control""]",initial.checkpoint.1000.after-resolver-output-drop.vm_peak_bytes,bytes,522092544,-60821504,582914048,-10.43404327081854784875591127,percent candidate-minus-control/control
shared,1,"[""candidate"",""control""]",initial.checkpoint.1000.after-resolver-output-drop.vm_size_bytes,bytes,515796992,-20480,515817472,-0.003970396722040466283391036432,percent candidate-minus-control/control
shared,1,"[""candidate"",""control""]",initial.checkpoint.1000.artifact-only.private_clean_bytes,bytes,13168640,-208896,13377536,-1.561543172075933864053888549,percent candidate-minus-control/control
shared,1,"[""candidate"",""control""]",initial.checkpoint.1000.artifact-only.private_dirty_bytes,bytes,3543040,-593920,4136960,-14.35643564356435643564356436,percent candidate-minus-control/control
shared,1,"[""candidate"",""control""]",initial.checkpoint.1000.artifact-only.pss_bytes,bytes,17471488,-854016,18325504,-4.660259275815824765310683952,percent candidate-minus-control/control
shared,1,"[""candidate"",""control""]",initial.checkpoint.1000.artifact-only.rss_bytes,bytes,18030592,-954368,18984960,-5.026968716289104638619201726,percent candidate-minus-control/control
shared,1,"[""candidate"",""control""]",initial.checkpoint.1000.artifact-only.shared_clean_bytes,bytes,1904640,-131072,2035712,-6.438631790744466800804828974,percent candidate-minus-control/control
shared,1,"[""candidate"",""control""]",initial.checkpoint.1000.artifact-only.shared_dirty_bytes,bytes,0,0,0,null,percent candidate-minus-control/control
shared,1,"[""candidate"",""control""]",initial.checkpoint.1000.artifact-only.vm_hwm_bytes,bytes,19136512,-917504,20054016,-4.575163398692810457516339869,percent candidate-minus-control/control
shared,1,"[""candidate"",""control""]",initial.checkpoint.1000.artifact-only.vm_peak_bytes,bytes,516222976,-66691072,582914048,-11.44097868782191366916585273,percent candidate-minus-control/control
shared,1,"[""candidate"",""control""]",initial.checkpoint.1000.artifact-only.vm_size_bytes,bytes,515796992,-20480,515817472,-0.003970396722040466283391036432,percent candidate-minus-control/control
shared,1,"[""candidate"",""control""]",initial.checkpoint.1000.post-publication-idle.private_clean_bytes,bytes,13168640,-208896,13377536,-1.561543172075933864053888549,percent candidate-minus-control/control
shared,1,"[""candidate"",""control""]",initial.checkpoint.1000.post-publication-idle.private_dirty_bytes,bytes,15376384,-9355264,24731648,-37.82709506459092414706856575,percent candidate-minus-control/control
shared,1,"[""candidate"",""control""]",initial.checkpoint.1000.post-publication-idle.pss_bytes,bytes,29304832,-9615360,38920192,-24.70532519469585350452536308,percent candidate-minus-control/control
shared,1,"[""candidate"",""control""]",initial.checkpoint.1000.post-publication-idle.rss_bytes,bytes,29859840,-9781248,39641088,-24.67451952882827030378177309,percent candidate-minus-control/control
shared,1,"[""candidate"",""control""]",initial.checkpoint.1000.post-publication-idle.shared_clean_bytes,bytes,1904640,-131072,2035712,-6.438631790744466800804828974,percent candidate-minus-control/control
shared,1,"[""candidate"",""control""]",initial.checkpoint.1000.post-publication-idle.shared_dirty_bytes,bytes,0,0,0,null,percent candidate-minus-control/control
shared,1,"[""candidate"",""control""]",initial.checkpoint.1000.post-publication-idle.vm_hwm_bytes,bytes,45555712,-6983680,52539392,-13.29227410930069384891245030,percent candidate-minus-control/control
shared,1,"[""candidate"",""control""]",initial.checkpoint.1000.post-publication-idle.vm_peak_bytes,bytes,522092544,-60821504,582914048,-10.43404327081854784875591127,percent candidate-minus-control/control
shared,1,"[""candidate"",""control""]",initial.checkpoint.1000.post-publication-idle.vm_size_bytes,bytes,515796992,-20480,515817472,-0.003970396722040466283391036432,percent candidate-minus-control/control
shared,1,"[""candidate"",""control""]",initial.checkpoint.10000.after-resolver-output-drop.private_clean_bytes,bytes,13168640,-208896,13377536,-1.561543172075933864053888549,percent candidate-minus-control/control
shared,1,"[""candidate"",""control""]",initial.checkpoint.10000.after-resolver-output-drop.private_dirty_bytes,bytes,135143424,-133918720,269062144,-49.77241242826043934296457550,percent candidate-minus-control/control
shared,1,"[""candidate"",""control""]",initial.checkpoint.10000.after-resolver-output-drop.pss_bytes,bytes,149071872,-134178816,283250688,-47.37104680924905644006767602,percent candidate-minus-control/control
shared,1,"[""candidate"",""control""]",initial.checkpoint.10000.after-resolver-output-drop.rss_bytes,bytes,149385216,-134402048,283787264,-47.36014086946481150049073379,percent candidate-minus-control/control
shared,1,"[""candidate"",""control""]",initial.checkpoint.10000.after-resolver-output-drop.shared_clean_bytes,bytes,1904640,-131072,2035712,-6.438631790744466800804828974,percent candidate-minus-control/control
shared,1,"[""candidate"",""control""]",initial.checkpoint.10000.after-resolver-output-drop.shared_dirty_bytes,bytes,0,0,0,null,percent candidate-minus-control/control
shared,1,"[""candidate"",""control""]",initial.checkpoint.10000.after-resolver-output-drop.vm_hwm_bytes,bytes,308690944,-66068480,374759424,-17.62957133801123570944542812,percent candidate-minus-control/control
shared,1,"[""candidate"",""control""]",initial.checkpoint.10000.after-resolver-output-drop.vm_peak_bytes,bytes,784232448,-67129344,851361792,-7.884937359274868656544079441,percent candidate-minus-control/control
shared,1,"[""candidate"",""control""]",initial.checkpoint.10000.after-resolver-output-drop.vm_size_bytes,bytes,582905856,-201347072,784252928,-25.67374182631040173814945578,percent candidate-minus-control/control
shared,1,"[""candidate"",""control""]",initial.checkpoint.10000.artifact-only.private_clean_bytes,bytes,13168640,-208896,13377536,-1.561543172075933864053888549,percent candidate-minus-control/control
shared,1,"[""candidate"",""control""]",initial.checkpoint.10000.artifact-only.private_dirty_bytes,bytes,18132992,-6598656,24731648,-26.68102020536601523683338854,percent candidate-minus-control/control
shared,1,"[""candidate"",""control""]",initial.checkpoint.10000.artifact-only.pss_bytes,bytes,32061440,-6858752,38920192,-17.62260576720690380972426858,percent candidate-minus-control/control
shared,1,"[""candidate"",""control""]",initial.checkpoint.10000.artifact-only.rss_bytes,bytes,32350208,-7290880,39641088,-18.39222979954536061169663154,percent candidate-minus-control/control
shared,1,"[""candidate"",""control""]",initial.checkpoint.10000.artifact-only.shared_clean_bytes,bytes,1904640,-131072,2035712,-6.438631790744466800804828974,percent candidate-minus-control/control
shared,1,"[""candidate"",""control""]",initial.checkpoint.10000.artifact-only.shared_dirty_bytes,bytes,0,0,0,null,percent candidate-minus-control/control
shared,1,"[""candidate"",""control""]",initial.checkpoint.10000.artifact-only.vm_hwm_bytes,bytes,45555712,-6983680,52539392,-13.29227410930069384891245030,percent candidate-minus-control/control
shared,1,"[""candidate"",""control""]",initial.checkpoint.10000.artifact-only.vm_peak_bytes,bytes,522092544,-60821504,582914048,-10.43404327081854784875591127,percent candidate-minus-control/control
shared,1,"[""candidate"",""control""]",initial.checkpoint.10000.artifact-only.vm_size_bytes,bytes,515796992,-20480,515817472,-0.003970396722040466283391036432,percent candidate-minus-control/control
shared,1,"[""candidate"",""control""]",initial.checkpoint.10000.post-publication-idle.private_clean_bytes,bytes,13168640,-208896,13377536,-1.561543172075933864053888549,percent candidate-minus-control/control
shared,1,"[""candidate"",""control""]",initial.checkpoint.10000.post-publication-idle.private_dirty_bytes,bytes,135143424,-133918720,269062144,-49.77241242826043934296457550,percent candidate-minus-control/control
shared,1,"[""candidate"",""control""]",initial.checkpoint.10000.post-publication-idle.pss_bytes,bytes,149071872,-134178816,283250688,-47.37104680924905644006767602,percent candidate-minus-control/control
shared,1,"[""candidate"",""control""]",initial.checkpoint.10000.post-publication-idle.rss_bytes,bytes,149385216,-134402048,283787264,-47.36014086946481150049073379,percent candidate-minus-control/control
shared,1,"[""candidate"",""control""]",initial.checkpoint.10000.post-publication-idle.shared_clean_bytes,bytes,1904640,-131072,2035712,-6.438631790744466800804828974,percent candidate-minus-control/control
shared,1,"[""candidate"",""control""]",initial.checkpoint.10000.post-publication-idle.shared_dirty_bytes,bytes,0,0,0,null,percent candidate-minus-control/control
shared,1,"[""candidate"",""control""]",initial.checkpoint.10000.post-publication-idle.vm_hwm_bytes,bytes,308690944,-66068480,374759424,-17.62957133801123570944542812,percent candidate-minus-control/control
shared,1,"[""candidate"",""control""]",initial.checkpoint.10000.post-publication-idle.vm_peak_bytes,bytes,784232448,-67129344,851361792,-7.884937359274868656544079441,percent candidate-minus-control/control
shared,1,"[""candidate"",""control""]",initial.checkpoint.10000.post-publication-idle.vm_size_bytes,bytes,582905856,-201347072,784252928,-25.67374182631040173814945578,percent candidate-minus-control/control
shared,1,"[""candidate"",""control""]",initial.checkpoint.100000.after-resolver-output-drop.private_clean_bytes,bytes,13168640,-208896,13377536,-1.561543172075933864053888549,percent candidate-minus-control/control
shared,1,"[""candidate"",""control""]",initial.checkpoint.100000.after-resolver-output-drop.private_dirty_bytes,bytes,2490359808,-413552640,2903912448,-14.24122274364106448432428773,percent candidate-minus-control/control
shared,1,"[""candidate"",""control""]",initial.checkpoint.100000.after-resolver-output-drop.pss_bytes,bytes,2504288256,-413812736,2918100992,-14.18089151590268195899369339,percent candidate-minus-control/control
shared,1,"[""candidate"",""control""]",initial.checkpoint.100000.after-resolver-output-drop.rss_bytes,bytes,2504171520,-414199808,2918371328,-14.19284119282575407758392012,percent candidate-minus-control/control
shared,1,"[""candidate"",""control""]",initial.checkpoint.100000.after-resolver-output-drop.shared_clean_bytes,bytes,1904640,-131072,2035712,-6.438631790744466800804828974,percent candidate-minus-control/control
shared,1,"[""candidate"",""control""]",initial.checkpoint.100000.after-resolver-output-drop.shared_dirty_bytes,bytes,0,0,0,null,percent candidate-minus-control/control
shared,1,"[""candidate"",""control""]",initial.checkpoint.100000.after-resolver-output-drop.vm_hwm_bytes,bytes,2942218240,-655093760,3597312000,-18.21064617136350697409621406,percent candidate-minus-control/control
shared,1,"[""candidate"",""control""]",initial.checkpoint.100000.after-resolver-output-drop.vm_peak_bytes,bytes,3505152000,-683999232,4189151232,-16.32787154531641411030347830,percent candidate-minus-control/control
shared,1,"[""candidate"",""control""]",initial.checkpoint.100000.after-resolver-output-drop.vm_size_bytes,bytes,3006025728,-415563776,3421589504,-12.14534284472717391174227778,percent candidate-minus-control/control
shared,1,"[""candidate"",""control""]",initial.checkpoint.100000.artifact-only.private_clean_bytes,bytes,13168640,-208896,13377536,-1.561543172075933864053888549,percent candidate-minus-control/control
shared,1,"[""candidate"",""control""]",initial.checkpoint.100000.artifact-only.private_dirty_bytes,bytes,164016128,-105046016,269062144,-39.04154424637306093866553000,percent candidate-minus-control/control
shared,1,"[""candidate"",""control""]",initial.checkpoint.100000.artifact-only.pss_bytes,bytes,177944576,-105306112,283250688,-37.17770740242650355009905572,percent candidate-minus-control/control
shared,1,"[""candidate"",""control""]",initial.checkpoint.100000.artifact-only.rss_bytes,bytes,177958912,-105828352,283787264,-37.29143813867559609722302407,percent candidate-minus-control/control
shared,1,"[""candidate"",""control""]",initial.checkpoint.100000.artifact-only.shared_clean_bytes,bytes,1904640,-131072,2035712,-6.438631790744466800804828974,percent candidate-minus-control/control
shared,1,"[""candidate"",""control""]",initial.checkpoint.100000.artifact-only.shared_dirty_bytes,bytes,0,0,0,null,percent candidate-minus-control/control
shared,1,"[""candidate"",""control""]",initial.checkpoint.100000.artifact-only.vm_hwm_bytes,bytes,308690944,-66068480,374759424,-17.62957133801123570944542812,percent candidate-minus-control/control
shared,1,"[""candidate"",""control""]",initial.checkpoint.100000.artifact-only.vm_peak_bytes,bytes,784232448,-67129344,851361792,-7.884937359274868656544079441,percent candidate-minus-control/control
shared,1,"[""candidate"",""control""]",initial.checkpoint.100000.artifact-only.vm_size_bytes,bytes,650014720,-134238208,784252928,-17.11669835168278772431946853,percent candidate-minus-control/control
shared,1,"[""candidate"",""control""]",initial.checkpoint.100000.before-shutdown.private_clean_bytes,bytes,13168640,-208896,13377536,-1.561543172075933864053888549,percent candidate-minus-control/control
shared,1,"[""candidate"",""control""]",initial.checkpoint.100000.before-shutdown.private_dirty_bytes,bytes,2483159040,-1615855616,4099014656,-39.42058644837399673840053720,percent candidate-minus-control/control
shared,1,"[""candidate"",""control""]",initial.checkpoint.100000.before-shutdown.pss_bytes,bytes,2497087488,-1616115712,4113203200,-39.29092810197171878111929894,percent candidate-minus-control/control
shared,1,"[""candidate"",""control""]",initial.checkpoint.100000.before-shutdown.rss_bytes,bytes,2497277952,-1616154624,4113432576,-39.28968310868941783768282191,percent candidate-minus-control/control
shared,1,"[""candidate"",""control""]",initial.checkpoint.100000.before-shutdown.shared_clean_bytes,bytes,1904640,-131072,2035712,-6.438631790744466800804828974,percent candidate-minus-control/control
shared,1,"[""candidate"",""control""]",initial.checkpoint.100000.before-shutdown.shared_dirty_bytes,bytes,0,0,0,null,percent candidate-minus-control/control
shared,1,"[""candidate"",""control""]",initial.checkpoint.100000.before-shutdown.vm_hwm_bytes,bytes,2977480704,-1490657280,4468137984,-33.36193477770627416684542569,percent candidate-minus-control/control
shared,1,"[""candidate"",""control""]",initial.checkpoint.100000.before-shutdown.vm_peak_bytes,bytes,3572260864,-1489305600,5061566464,-29.42380803635733903898411794,percent candidate-minus-control/control
shared,1,"[""candidate"",""control""]",initial.checkpoint.100000.before-shutdown.vm_size_bytes,bytes,2998824960,-1610633216,4609458176,-34.94192060112533278358137336,percent candidate-minus-control/control
shared,1,"[""candidate"",""control""]",initial.checkpoint.100000.old-pin-overlap.private_clean_bytes,bytes,13168640,-208896,13377536,-1.561543172075933864053888549,percent candidate-minus-control/control
shared,1,"[""candidate"",""control""]",initial.checkpoint.100000.old-pin-overlap.private_dirty_bytes,bytes,2490359808,-1626259456,4116619264,-39.50473317320608059030838758,percent candidate-minus-control/control
shared,1,"[""candidate"",""control""]",initial.checkpoint.100000.old-pin-overlap.pss_bytes,bytes,2504288256,-1626519552,4130807808,-39.37533837449355377997774909,percent candidate-minus-control/control
shared,1,"[""candidate"",""control""]",initial.checkpoint.100000.old-pin-overlap.rss_bytes,bytes,2504478720,-1626558464,4131037184,-39.37409399992464459017563760,percent candidate-minus-control/control
shared,1,"[""candidate"",""control""]",initial.checkpoint.100000.old-pin-overlap.shared_clean_bytes,bytes,1904640,-131072,2035712,-6.438631790744466800804828974,percent candidate-minus-control/control
shared,1,"[""candidate"",""control""]",initial.checkpoint.100000.old-pin-overlap.shared_dirty_bytes,bytes,0,0,0,null,percent candidate-minus-control/control
shared,1,"[""candidate"",""control""]",initial.checkpoint.100000.old-pin-overlap.vm_hwm_bytes,bytes,2977480704,-1490657280,4468137984,-33.36193477770627416684542569,percent candidate-minus-control/control
shared,1,"[""candidate"",""control""]",initial.checkpoint.100000.old-pin-overlap.vm_peak_bytes,bytes,3572260864,-1489305600,5061566464,-29.42380803635733903898411794,percent candidate-minus-control/control
shared,1,"[""candidate"",""control""]",initial.checkpoint.100000.old-pin-overlap.vm_size_bytes,bytes,3006025728,-1623523328,4629549056,-35.06871421733564194464818303,percent candidate-minus-control/control
shared,1,"[""candidate"",""control""]",initial.checkpoint.100000.old-pin-released.private_clean_bytes,bytes,13168640,-208896,13377536,-1.561543172075933864053888549,percent candidate-minus-control/control
shared,1,"[""candidate"",""control""]",initial.checkpoint.100000.old-pin-released.private_dirty_bytes,bytes,2483159040,-1615855616,4099014656,-39.42058644837399673840053720,percent candidate-minus-control/control
shared,1,"[""candidate"",""control""]",initial.checkpoint.100000.old-pin-released.pss_bytes,bytes,2497087488,-1616115712,4113203200,-39.29092810197171878111929894,percent candidate-minus-control/control
shared,1,"[""candidate"",""control""]",initial.checkpoint.100000.old-pin-released.rss_bytes,bytes,2497277952,-1616154624,4113432576,-39.28968310868941783768282191,percent candidate-minus-control/control
shared,1,"[""candidate"",""control""]",initial.checkpoint.100000.old-pin-released.shared_clean_bytes,bytes,1904640,-131072,2035712,-6.438631790744466800804828974,percent candidate-minus-control/control
shared,1,"[""candidate"",""control""]",initial.checkpoint.100000.old-pin-released.shared_dirty_bytes,bytes,0,0,0,null,percent candidate-minus-control/control
shared,1,"[""candidate"",""control""]",initial.checkpoint.100000.old-pin-released.vm_hwm_bytes,bytes,2977480704,-1490657280,4468137984,-33.36193477770627416684542569,percent candidate-minus-control/control
shared,1,"[""candidate"",""control""]",initial.checkpoint.100000.old-pin-released.vm_peak_bytes,bytes,3572260864,-1489305600,5061566464,-29.42380803635733903898411794,percent candidate-minus-control/control
shared,1,"[""candidate"",""control""]",initial.checkpoint.100000.old-pin-released.vm_size_bytes,bytes,2998824960,-1610633216,4609458176,-34.94192060112533278358137336,percent candidate-minus-control/control
shared,1,"[""candidate"",""control""]",initial.checkpoint.100000.post-publication-idle.private_clean_bytes,bytes,13168640,-208896,13377536,-1.561543172075933864053888549,percent candidate-minus-control/control
shared,1,"[""candidate"",""control""]",initial.checkpoint.100000.post-publication-idle.private_dirty_bytes,bytes,2490359808,-413552640,2903912448,-14.24122274364106448432428773,percent candidate-minus-control/control
shared,1,"[""candidate"",""control""]",initial.checkpoint.100000.post-publication-idle.pss_bytes,bytes,2504288256,-413812736,2918100992,-14.18089151590268195899369339,percent candidate-minus-control/control
shared,1,"[""candidate"",""control""]",initial.checkpoint.100000.post-publication-idle.rss_bytes,bytes,2504171520,-414199808,2918371328,-14.19284119282575407758392012,percent candidate-minus-control/control
shared,1,"[""candidate"",""control""]",initial.checkpoint.100000.post-publication-idle.shared_clean_bytes,bytes,1904640,-131072,2035712,-6.438631790744466800804828974,percent candidate-minus-control/control
shared,1,"[""candidate"",""control""]",initial.checkpoint.100000.post-publication-idle.shared_dirty_bytes,bytes,0,0,0,null,percent candidate-minus-control/control
shared,1,"[""candidate"",""control""]",initial.checkpoint.100000.post-publication-idle.vm_hwm_bytes,bytes,2942218240,-655093760,3597312000,-18.21064617136350697409621406,percent candidate-minus-control/control
shared,1,"[""candidate"",""control""]",initial.checkpoint.100000.post-publication-idle.vm_peak_bytes,bytes,3505152000,-683999232,4189151232,-16.32787154531641411030347830,percent candidate-minus-control/control
shared,1,"[""candidate"",""control""]",initial.checkpoint.100000.post-publication-idle.vm_size_bytes,bytes,3006025728,-415563776,3421589504,-12.14534284472717391174227778,percent candidate-minus-control/control
shared,1,"[""candidate"",""control""]",initial.population_and_observation.cpu_ticks,process CPU ticks; clock rate requires matching suite host receipt,39521,-245,39766,-0.6161042096263139365286928532,percent candidate-minus-control/control
shared,1,"[""candidate"",""control""]",initial.resolve.100.default-success.median_nanos,ns,964,-768.5,1732.5,-44.35786435786435786435786436,percent candidate-minus-control/control
shared,1,"[""candidate"",""control""]",initial.resolve.100.default-success.p95_nanos,ns,2590,-1163,3753,-30.98854249933386624034106048,percent candidate-minus-control/control
shared,1,"[""candidate"",""control""]",initial.resolve.100.default-success.p99_nanos,ns,10001,-2159,12160,-17.75493421052631578947368421,percent candidate-minus-control/control
shared,1,"[""candidate"",""control""]",initial.resolve.100.export-miss.median_nanos,ns,304,-40,344,-11.62790697674418604651162791,percent candidate-minus-control/control
shared,1,"[""candidate"",""control""]",initial.resolve.100.export-miss.p95_nanos,ns,329,-60,389,-15.42416452442159383033419023,percent candidate-minus-control/control
shared,1,"[""candidate"",""control""]",initial.resolve.100.export-miss.p99_nanos,ns,702,91,611,14.89361702127659574468085106,percent candidate-minus-control/control
shared,1,"[""candidate"",""control""]",initial.resolve.100.named-success.median_nanos,ns,879,-937,1816,-51.59691629955947136563876652,percent candidate-minus-control/control
shared,1,"[""candidate"",""control""]",initial.resolve.100.named-success.p95_nanos,ns,2566,-2751,5317,-51.73970283994733872484483731,percent candidate-minus-control/control
shared,1,"[""candidate"",""control""]",initial.resolve.100.named-success.p99_nanos,ns,11011,-3511,14522,-24.17711059082770968186200248,percent candidate-minus-control/control
shared,1,"[""candidate"",""control""]",initial.resolve.100.route-miss.median_nanos,ns,292,41,251,16.33466135458167330677290837,percent candidate-minus-control/control
shared,1,"[""candidate"",""control""]",initial.resolve.100.route-miss.p95_nanos,ns,344,-48,392,-12.24489795918367346938775510,percent candidate-minus-control/control
shared,1,"[""candidate"",""control""]",initial.resolve.100.route-miss.p99_nanos,ns,1204,522,682,76.53958944281524926686217009,percent candidate-minus-control/control
shared,1,"[""candidate"",""control""]",initial.resolve.1000.default-success.median_nanos,ns,1452,-1355,2807,-48.27217670110438190238688992,percent candidate-minus-control/control
shared,1,"[""candidate"",""control""]",initial.resolve.1000.default-success.p95_nanos,ns,3747,-3331,7078,-47.06131675614580389940661204,percent candidate-minus-control/control
shared,1,"[""candidate"",""control""]",initial.resolve.1000.default-success.p99_nanos,ns,14122,-3056,17178,-17.79019676330189777622540459,percent candidate-minus-control/control
shared,1,"[""candidate"",""control""]",initial.resolve.1000.export-miss.median_nanos,ns,328,-4,332,-1.204819277108433734939759036,percent candidate-minus-control/control
shared,1,"[""candidate"",""control""]",initial.resolve.1000.export-miss.p95_nanos,ns,365,-53,418,-12.67942583732057416267942584,percent candidate-minus-control/control
shared,1,"[""candidate"",""control""]",initial.resolve.1000.export-miss.p99_nanos,ns,805,41,764,5.366492146596858638743455497,percent candidate-minus-control/control
shared,1,"[""candidate"",""control""]",initial.resolve.1000.named-success.median_nanos,ns,2154.5,-1915.5,4070,-47.06388206388206388206388206,percent candidate-minus-control/control
shared,1,"[""candidate"",""control""]",initial.resolve.1000.named-success.p95_nanos,ns,3843,-5161,9004,-57.31896934695690804087072412,percent candidate-minus-control/control
shared,1,"[""candidate"",""control""]",initial.resolve.1000.named-success.p99_nanos,ns,13698,-5593,19291,-28.99279456741485666891296459,percent candidate-minus-control/control
shared,1,"[""candidate"",""control""]",initial.resolve.1000.route-miss.median_nanos,ns,316,65,251,25.89641434262948207171314741,percent candidate-minus-control/control
shared,1,"[""candidate"",""control""]",initial.resolve.1000.route-miss.p95_nanos,ns,331,-32,363,-8.815426997245179063360881543,percent candidate-minus-control/control
shared,1,"[""candidate"",""control""]",initial.resolve.1000.route-miss.p99_nanos,ns,409,-193,602,-32.05980066445182724252491694,percent candidate-minus-control/control
shared,1,"[""candidate"",""control""]",initial.resolve.10000.default-success.median_nanos,ns,2716,-1866,4582,-40.72457442164993452640768223,percent candidate-minus-control/control
shared,1,"[""candidate"",""control""]",initial.resolve.10000.default-success.p95_nanos,ns,5660,-5743,11403,-50.36393931421555730947996141,percent candidate-minus-control/control
shared,1,"[""candidate"",""control""]",initial.resolve.10000.default-success.p99_nanos,ns,16756,-6834,23590,-28.96990250105977108944467995,percent candidate-minus-control/control
shared,1,"[""candidate"",""control""]",initial.resolve.10000.export-miss.median_nanos,ns,434,-10,444,-2.252252252252252252252252252,percent candidate-minus-control/control
shared,1,"[""candidate"",""control""]",initial.resolve.10000.export-miss.p95_nanos,ns,597,-53,650,-8.153846153846153846153846154,percent candidate-minus-control/control
shared,1,"[""candidate"",""control""]",initial.resolve.10000.export-miss.p99_nanos,ns,1401,-985,2386,-41.28248113998323554065381391,percent candidate-minus-control/control
shared,1,"[""candidate"",""control""]",initial.resolve.10000.named-success.median_nanos,ns,7255,-866,8121,-10.66371136559537002832163527,percent candidate-minus-control/control
shared,1,"[""candidate"",""control""]",initial.resolve.10000.named-success.p95_nanos,ns,14699,-3717,18416,-20.18353605560382276281494353,percent candidate-minus-control/control
shared,1,"[""candidate"",""control""]",initial.resolve.10000.named-success.p99_nanos,ns,25016,-5784,30800,-18.77922077922077922077922078,percent candidate-minus-control/control
shared,1,"[""candidate"",""control""]",initial.resolve.10000.route-miss.median_nanos,ns,433,-9,442,-2.036199095022624434389140271,percent candidate-minus-control/control
shared,1,"[""candidate"",""control""]",initial.resolve.10000.route-miss.p95_nanos,ns,585,-283,868,-32.60368663594470046082949309,percent candidate-minus-control/control
shared,1,"[""candidate"",""control""]",initial.resolve.10000.route-miss.p99_nanos,ns,1332,-1073,2405,-44.61538461538461538461538462,percent candidate-minus-control/control
shared,1,"[""candidate"",""control""]",initial.resolve.100000.default-success.median_nanos,ns,5457.5,951.5,4506,21.11628939192188193519751443,percent candidate-minus-control/control
shared,1,"[""candidate"",""control""]",initial.resolve.100000.default-success.p95_nanos,ns,14850,7618,7232,105.3373893805309734513274336,percent candidate-minus-control/control
shared,1,"[""candidate"",""control""]",initial.resolve.100000.default-success.p99_nanos,ns,30484,11622,18862,61.61594740748595058848478422,percent candidate-minus-control/control
shared,1,"[""candidate"",""control""]",initial.resolve.100000.export-miss.median_nanos,ns,1021.5,604.5,417,144.9640287769784172661870504,percent candidate-minus-control/control
shared,1,"[""candidate"",""control""]",initial.resolve.100000.export-miss.p95_nanos,ns,2754,1759,995,176.7839195979899497487437186,percent candidate-minus-control/control
shared,1,"[""candidate"",""control""]",initial.resolve.100000.export-miss.p99_nanos,ns,14638,13045,1593,818.8951663527934714375392341,percent candidate-minus-control/control
shared,1,"[""candidate"",""control""]",initial.resolve.100000.named-success.median_nanos,ns,17953.5,7927.5,10026,79.06941950927588270496708558,percent candidate-minus-control/control
shared,1,"[""candidate"",""control""]",initial.resolve.100000.named-success.p95_nanos,ns,32876,16315,16561,98.51458245275043777549664875,percent candidate-minus-control/control
shared,1,"[""candidate"",""control""]",initial.resolve.100000.named-success.p99_nanos,ns,51694,23603,28091,84.02335267523406073119504468,percent candidate-minus-control/control
shared,1,"[""candidate"",""control""]",initial.resolve.100000.route-miss.median_nanos,ns,765.5,347.5,418,83.13397129186602870813397129,percent candidate-minus-control/control
shared,1,"[""candidate"",""control""]",initial.resolve.100000.route-miss.p95_nanos,ns,1884,830,1054,78.74762808349146110056925996,percent candidate-minus-control/control
shared,1,"[""candidate"",""control""]",initial.resolve.100000.route-miss.p99_nanos,ns,7459,5473,1986,275.5790533736153071500503525,percent candidate-minus-control/control
shared,1,"[""candidate"",""control""]",initial.startup.catalog_open_nanos,ns,121928473,97859936,24068537,406.5886347807513186198230495,percent candidate-minus-control/control
shared,1,"[""candidate"",""control""]",initial.startup.client_connect_nanos,ns,328183,-32376,360559,-8.979390335562279682382078939,percent candidate-minus-control/control
shared,1,"[""candidate"",""control""]",initial.startup.node_start_nanos,ns,954119,-305533,1259652,-24.25534989028715867557071318,percent candidate-minus-control/control
shared,1,"[""candidate"",""control""]",initial.update.100000.elapsed_nanos,ns,80894670600,15936330820,64958339780,24.53315597962162080368366213,percent candidate-minus-control/control
shared,1,"[""candidate"",""control""]",initial.update.100000.sampled_rss_max_bytes,bytes,2977480704,-1490657280,4468137984,-33.36193477770627416684542569,percent candidate-minus-control/control
shared,1,"[""candidate"",""control""]",reopen.checkpoint.100000.before-shutdown.private_clean_bytes,bytes,12865536,-307200,13172736,-2.332089552238805970149253731,percent candidate-minus-control/control
shared,1,"[""candidate"",""control""]",reopen.checkpoint.100000.before-shutdown.private_dirty_bytes,bytes,2763710464,-755367936,3519078400,-21.46493627422452423907350288,percent candidate-minus-control/control
shared,1,"[""candidate"",""control""]",reopen.checkpoint.100000.before-shutdown.pss_bytes,bytes,2777387008,-755679232,3533066240,-21.38876490467385066632659568,percent candidate-minus-control/control
shared,1,"[""candidate"",""control""]",reopen.checkpoint.100000.before-shutdown.rss_bytes,bytes,2777333760,-755863552,3533197312,-21.39318824433657895865624388,percent candidate-minus-control/control
shared,1,"[""candidate"",""control""]",reopen.checkpoint.100000.before-shutdown.shared_clean_bytes,bytes,2035712,0,2035712,0,percent candidate-minus-control/control
shared,1,"[""candidate"",""control""]",reopen.checkpoint.100000.before-shutdown.shared_dirty_bytes,bytes,0,0,0,null,percent candidate-minus-control/control
shared,1,"[""candidate"",""control""]",reopen.checkpoint.100000.before-shutdown.vm_hwm_bytes,bytes,4363980800,-564600832,4928581632,-11.45564533889818303003406559,percent candidate-minus-control/control
shared,1,"[""candidate"",""control""]",reopen.checkpoint.100000.before-shutdown.vm_peak_bytes,bytes,4801785856,-540782592,5342568448,-10.12214625350177638004872970,percent candidate-minus-control/control
shared,1,"[""candidate"",""control""]",reopen.checkpoint.100000.before-shutdown.vm_size_bytes,bytes,3279261696,-746307584,4025569280,-18.53918122109675876699853989,percent candidate-minus-control/control
shared,1,"[""candidate"",""control""]",reopen.checkpoint.100000.reopened-idle.private_clean_bytes,bytes,12800000,-372736,13172736,-2.829601990049751243781094527,percent candidate-minus-control/control
shared,1,"[""candidate"",""control""]",reopen.checkpoint.100000.reopened-idle.private_dirty_bytes,bytes,2763710464,-755367936,3519078400,-21.46493627422452423907350288,percent candidate-minus-control/control
shared,1,"[""candidate"",""control""]",reopen.checkpoint.100000.reopened-idle.pss_bytes,bytes,2777321472,-755744768,3533066240,-21.39061983734559134673908633,percent candidate-minus-control/control
shared,1,"[""candidate"",""control""]",reopen.checkpoint.100000.reopened-idle.rss_bytes,bytes,2777202688,-755994624,3533197312,-21.39689797205415738751699809,percent candidate-minus-control/control
shared,1,"[""candidate"",""control""]",reopen.checkpoint.100000.reopened-idle.shared_clean_bytes,bytes,2035712,0,2035712,0,percent candidate-minus-control/control
shared,1,"[""candidate"",""control""]",reopen.checkpoint.100000.reopened-idle.shared_dirty_bytes,bytes,0,0,0,null,percent candidate-minus-control/control
shared,1,"[""candidate"",""control""]",reopen.checkpoint.100000.reopened-idle.vm_hwm_bytes,bytes,4363980800,-564600832,4928581632,-11.45564533889818303003406559,percent candidate-minus-control/control
shared,1,"[""candidate"",""control""]",reopen.checkpoint.100000.reopened-idle.vm_peak_bytes,bytes,4801785856,-540782592,5342568448,-10.12214625350177638004872970,percent candidate-minus-control/control
shared,1,"[""candidate"",""control""]",reopen.checkpoint.100000.reopened-idle.vm_size_bytes,bytes,3279261696,-746307584,4025569280,-18.53918122109675876699853989,percent candidate-minus-control/control
shared,1,"[""candidate"",""control""]",reopen.checkpoint.100000.reopened-output-released.private_clean_bytes,bytes,12865536,-307200,13172736,-2.332089552238805970149253731,percent candidate-minus-control/control
shared,1,"[""candidate"",""control""]",reopen.checkpoint.100000.reopened-output-released.private_dirty_bytes,bytes,2763710464,-755367936,3519078400,-21.46493627422452423907350288,percent candidate-minus-control/control
shared,1,"[""candidate"",""control""]",reopen.checkpoint.100000.reopened-output-released.pss_bytes,bytes,2777387008,-755679232,3533066240,-21.38876490467385066632659568,percent candidate-minus-control/control
shared,1,"[""candidate"",""control""]",reopen.checkpoint.100000.reopened-output-released.rss_bytes,bytes,2777333760,-755863552,3533197312,-21.39318824433657895865624388,percent candidate-minus-control/control
shared,1,"[""candidate"",""control""]",reopen.checkpoint.100000.reopened-output-released.shared_clean_bytes,bytes,2035712,0,2035712,0,percent candidate-minus-control/control
shared,1,"[""candidate"",""control""]",reopen.checkpoint.100000.reopened-output-released.shared_dirty_bytes,bytes,0,0,0,null,percent candidate-minus-control/control
shared,1,"[""candidate"",""control""]",reopen.checkpoint.100000.reopened-output-released.vm_hwm_bytes,bytes,4363980800,-564600832,4928581632,-11.45564533889818303003406559,percent candidate-minus-control/control
shared,1,"[""candidate"",""control""]",reopen.checkpoint.100000.reopened-output-released.vm_peak_bytes,bytes,4801785856,-540782592,5342568448,-10.12214625350177638004872970,percent candidate-minus-control/control
shared,1,"[""candidate"",""control""]",reopen.checkpoint.100000.reopened-output-released.vm_size_bytes,bytes,3279261696,-746307584,4025569280,-18.53918122109675876699853989,percent candidate-minus-control/control
shared,1,"[""candidate"",""control""]",reopen.population_and_observation.cpu_ticks,process CPU ticks; clock rate requires matching suite host receipt,980,196,784,25,percent candidate-minus-control/control
shared,1,"[""candidate"",""control""]",reopen.startup.catalog_open_nanos,ns,89793508994,-6239371657,96032880651,-6.497120168325419069178724891,percent candidate-minus-control/control
shared,1,"[""candidate"",""control""]",reopen.startup.client_connect_nanos,ns,715493,125234,590259,21.21678788464047138628974738,percent candidate-minus-control/control
shared,1,"[""candidate"",""control""]",reopen.startup.node_start_nanos,ns,152493962,94390719,58103243,162.4534434334414001641870489,percent candidate-minus-control/control
