pair,group,arm,density,container_id,owner_ref,app_process_id,start_api_begin_nanos,start_api_end_nanos,ready_observed_nanos,start_api_elapsed_nanos,start_to_ready_observed_upper_nanos
0,0,lsf,1,bf74f99c55889b685db4b9a948033c6d924c30c8bbcaefd0ae1f7cd62fb969ae,owner-bf74f99c55889b685db4b9a948033c6d924c30c8bbcaefd0ae1f7cd62fb969ae,9,241256519234209,241256765568721,241256776476065,246334512,257241856
0,1,native,1,9ce8ed4b1b39e2bf0748248e2d1c947722193bd7cbada46f392f4a4e6748bd51,owner-9ce8ed4b1b39e2bf0748248e2d1c947722193bd7cbada46f392f4a4e6748bd51,9,241258647844824,241258879296810,241258879665313,231451986,231820489
0,2,native,8,9fcc1ca1b8cecb9851c6adc111f4f17b399a549f57ff9ead3511fd569a6329c0,owner-9fcc1ca1b8cecb9851c6adc111f4f17b399a549f57ff9ead3511fd569a6329c0,9,241260586519161,241260834977373,241260835243998,248458212,248724837
0,2,native,8,662078c6bed8db1d7c6a9884a513cfda082e567a0583fa5a104a7f71b20790cb,owner-662078c6bed8db1d7c6a9884a513cfda082e567a0583fa5a104a7f71b20790cb,9,241260917387805,241261188789059,241261189063398,271401254,271675593
0,2,native,8,3d8fddc3349f226f84494e960405fd47dbd192d76f15e174cd2d2b30202a243a,owner-3d8fddc3349f226f84494e960405fd47dbd192d76f15e174cd2d2b30202a243a,9,241261267636705,241261510165233,241261510627763,242528528,242991058
0,2,native,8,d6f2a266b62d5aace9344868459aea79fdf679baa6cd90a9683a649357d48464,owner-d6f2a266b62d5aace9344868459aea79fdf679baa6cd90a9683a649357d48464,9,241261597248623,241261853843325,241261854130470,256594702,256881847
0,2,native,8,378ee84de6e8e09cc07ec86d51d28140983bfd455a48924b6c5e60caddd41167,owner-378ee84de6e8e09cc07ec86d51d28140983bfd455a48924b6c5e60caddd41167,9,241261938792827,241262201000971,241262201459899,262208144,262667072
0,2,native,8,4125ed1b7fda7d1aecb98ed5a1156f66636c2b6b90e11c6d5f74423d7597dc51,owner-4125ed1b7fda7d1aecb98ed5a1156f66636c2b6b90e11c6d5f74423d7597dc51,9,241262290062815,241262528145395,241262528498370,238082580,238435555
0,2,native,8,e8a3255e67efbf950d1e2bf602fef9738589d853c1148c5facb8c7b2e09a1fc6,owner-e8a3255e67efbf950d1e2bf602fef9738589d853c1148c5facb8c7b2e09a1fc6,9,241262608348918,241262834049402,241262834366599,225700484,226017681
0,2,native,8,6efa23db5bae2f9b57a31970fc4fc6480a28aac2335f2f13fd1ea630f01118a9,owner-6efa23db5bae2f9b57a31970fc4fc6480a28aac2335f2f13fd1ea630f01118a9,9,241262928038269,241263169342481,241263169639089,241304212,241600820
0,3,lsf,8,d73578e8aef134f053f0c6c4ee0bbb863160f81e56f8c3f0bbc857e534425b18,owner-d73578e8aef134f053f0c6c4ee0bbb863160f81e56f8c3f0bbc857e534425b18,9,241268612298785,241268863384826,241268874565870,251086041,262267085
0,4,lsf,32,f9ff9de421b963b1ca722944c0f6c001ec4aa4e6acc6e2e2794c23fd6008cca5,owner-f9ff9de421b963b1ca722944c0f6c001ec4aa4e6acc6e2e2794c23fd6008cca5,10,241270900883417,241271156184830,241271187765030,255301413,286881613
0,5,native,32,d1fa22c6a2ea401c46523d5ea681907ea61f98e2ab80224b65ea6575d09b8a19,owner-d1fa22c6a2ea401c46523d5ea681907ea61f98e2ab80224b65ea6575d09b8a19,9,241274284538853,241274594074656,241274594454688,309535803,309915835
0,5,native,32,d4602d98f84fe9efa325c2c1e16619676bde432274861d4be3611363806c208b,owner-d4602d98f84fe9efa325c2c1e16619676bde432274861d4be3611363806c208b,9,241274670104362,241274937120924,241274937599460,267016562,267495098
0,5,native,32,5d04544370da9a0f7220cad3ddc2f6da005117d8f29a96b4a49225e455856a9e,owner-5d04544370da9a0f7220cad3ddc2f6da005117d8f29a96b4a49225e455856a9e,9,241275016327823,241275336244705,241275336839497,319916882,320511674
0,5,native,32,83460bdb0ac6f78dc8087a14b3b8b4fbed0091ef88beb09e0d3f00446abf4985,owner-83460bdb0ac6f78dc8087a14b3b8b4fbed0091ef88beb09e0d3f00446abf4985,9,241275445826805,241275828733592,241275829111778,382906787,383284973
0,5,native,32,f49ad23d41d9d4ec3b37230c606020d4027f11835eb2334696eecfdc2d426247,owner-f49ad23d41d9d4ec3b37230c606020d4027f11835eb2334696eecfdc2d426247,9,241275915087946,241276253249477,241276253558398,338161531,338470452
0,5,native,32,91ac5ef7757dbe3f0eefca666b395097af341b0ad886a4f90a5ffd629b970b5b,owner-91ac5ef7757dbe3f0eefca666b395097af341b0ad886a4f90a5ffd629b970b5b,9,241276338752850,241276751253278,241276751637450,412500428,412884600
0,5,native,32,859bf1ba1e35e7973bccfd7292204a7f28258b0b0ff16bd5d26a0df5553d8760,owner-859bf1ba1e35e7973bccfd7292204a7f28258b0b0ff16bd5d26a0df5553d8760,9,241276838775633,241277228608888,241277228883896,389833255,390108263
0,5,native,32,5c3f23941e40a8357bb11222a95d3e2c987c0234a5450ae736996c0790ce7290,owner-5c3f23941e40a8357bb11222a95d3e2c987c0234a5450ae736996c0790ce7290,9,241277307087504,241277687830030,241277688232734,380742526,381145230
0,5,native,32,0ec3eb3979814ad223a678bed742afffb08ea16ed4434b780b112638e1669e4f,owner-0ec3eb3979814ad223a678bed742afffb08ea16ed4434b780b112638e1669e4f,9,241277774191962,241278105217909,241278105550463,331025947,331358501
0,5,native,32,d226f017deeea698fd4f891df0d7127b314be2a4bc256f9ae7995a9a7daf52f7,owner-d226f017deeea698fd4f891df0d7127b314be2a4bc256f9ae7995a9a7daf52f7,9,241278189575883,241278572967682,241278573284086,383391799,383708203
0,5,native,32,e1af3c1473919a2aae4c29f9686d9707645044f301b1704c762141b2a4652f65,owner-e1af3c1473919a2aae4c29f9686d9707645044f301b1704c762141b2a4652f65,9,241278646394266,241278965498601,241278965776574,319104335,319382308
0,5,native,32,f04cea162efdaa5a31261319d1041b6cbedd5862204a4bcb3e7d011c5a8c1d29,owner-f04cea162efdaa5a31261319d1041b6cbedd5862204a4bcb3e7d011c5a8c1d29,9,241279044878314,241279396461330,241279396743018,351583016,351864704
0,5,native,32,9c432675fc6f51ba8405d4bec9e8d734bbaad5bf772ea24d6081ed58d407b9c7,owner-9c432675fc6f51ba8405d4bec9e8d734bbaad5bf772ea24d6081ed58d407b9c7,9,241279471238359,241279811528673,241279812083613,340290314,340845254
0,5,native,32,2112fdfe2c65b04731517be1c68d0ffbd7e4b2891177a2253937c480668de110,owner-2112fdfe2c65b04731517be1c68d0ffbd7e4b2891177a2253937c480668de110,9,241279922728936,241280303724497,241280303995746,380995561,381266810
0,5,native,32,4292589dd4eb6996f908b820580b9e1db7b4ffd9fbcce9bca31df8a2434c80c3,owner-4292589dd4eb6996f908b820580b9e1db7b4ffd9fbcce9bca31df8a2434c80c3,9,241280383593691,241280707313525,241280707566265,323719834,323972574
0,5,native,32,f58fc92251d0dbbd6f7d4eda0a7c3c97f3acdcb40479c5ae632a9117ec596b72,owner-f58fc92251d0dbbd6f7d4eda0a7c3c97f3acdcb40479c5ae632a9117ec596b72,9,241280799512376,241281100905157,241281101265356,301392781,301752980
0,5,native,32,b48e1ebc8d67fdab2217a34cee057cbf50ef9c8c9d2647b54848149c6e7dd162,owner-b48e1ebc8d67fdab2217a34cee057cbf50ef9c8c9d2647b54848149c6e7dd162,9,241281189989093,241281514791438,241281515294104,324802345,325305011
0,5,native,32,b8ed96d8e022cfcc8e217d07dca9fb86d594d996ab8495f71f5d00a21bf3079e,owner-b8ed96d8e022cfcc8e217d07dca9fb86d594d996ab8495f71f5d00a21bf3079e,9,241281613493741,241282011689985,241282012189125,398196244,398695384
0,5,native,32,8184be104a06f6f5ef512d8e41c85495c204823b400ad39a3203467916f1b9dd,owner-8184be104a06f6f5ef512d8e41c85495c204823b400ad39a3203467916f1b9dd,9,241282105203998,241282479809408,241282480178502,374605410,374974504
0,5,native,32,96f4a4ced6c64958d2fd8b772ba14c7c7032a10091a9ec3e661d0d57b4bbd111,owner-96f4a4ced6c64958d2fd8b772ba14c7c7032a10091a9ec3e661d0d57b4bbd111,9,241282560906489,241282841101316,241282914753376,280194827,353846887
0,5,native,32,0bebdfd9112fc4768991e36a5c50272a7e1e6f09662caa8b2228c735f07eda37,owner-0bebdfd9112fc4768991e36a5c50272a7e1e6f09662caa8b2228c735f07eda37,9,241282996678384,241283353064212,241283353351373,356385828,356672989
0,5,native,32,a902f9d84eaefda59eca995337c92eb74c00e88ec9997869363c0a04510fdd72,owner-a902f9d84eaefda59eca995337c92eb74c00e88ec9997869363c0a04510fdd72,9,241283443324817,241283750467841,241283750758770,307143024,307433953
0,5,native,32,2768841a3137ff6eb64f3c79f38bacafc50d006da968c4344c39ce1a158fdff7,owner-2768841a3137ff6eb64f3c79f38bacafc50d006da968c4344c39ce1a158fdff7,9,241283829372514,241284129450047,241284213869016,300077533,384496502
0,5,native,32,b3756458a4b8aba5a4ece8b15e53604cd3c391135cec7a9f19288161c48197ac,owner-b3756458a4b8aba5a4ece8b15e53604cd3c391135cec7a9f19288161c48197ac,9,241284302461090,241284575863310,241284576255292,273402220,273794202
0,5,native,32,cc7b20e9c7c64b12b0eeab2c0ef605e8cfdcbba8ec8c36e189b0c6c2667ad490,owner-cc7b20e9c7c64b12b0eeab2c0ef605e8cfdcbba8ec8c36e189b0c6c2667ad490,9,241284657017353,241284925610513,241285019987218,268593160,362969865
0,5,native,32,5692987c33d8e3c302279a2fc5f421d8a984d633473dfd8529a376797b24cea9,owner-5692987c33d8e3c302279a2fc5f421d8a984d633473dfd8529a376797b24cea9,9,241285103988831,241285509504214,241285509769901,405515383,405781070
0,5,native,32,9fdef44e01819ae8571883eb5a0ae276d59c51992757c15fe181f715befaf3e5,owner-9fdef44e01819ae8571883eb5a0ae276d59c51992757c15fe181f715befaf3e5,9,241285590356799,241285907691148,241285908066143,317334349,317709344
0,5,native,32,6e14f2f7b65ed0d6ff089966e2a170c7e63b849e7b17f6c940093dfca24a4a2c,owner-6e14f2f7b65ed0d6ff089966e2a170c7e63b849e7b17f6c940093dfca24a4a2c,9,241285987348713,241286243065613,241286243453811,255716900,256105098
0,5,native,32,642d3b570a0d12dd71968523917c7b839ab22711fcfe0e3920200148bc138bcc,owner-642d3b570a0d12dd71968523917c7b839ab22711fcfe0e3920200148bc138bcc,9,241286323167854,241286615426821,241286615808984,292258967,292641130
0,5,native,32,29d30c8f0769391aa1ca46ecee3454cac293b6f3b5bfbc9e859404e95eb35516,owner-29d30c8f0769391aa1ca46ecee3454cac293b6f3b5bfbc9e859404e95eb35516,9,241286699772107,241286992515932,241286992915175,292743825,293143068
0,5,native,32,07a79e97350cd164d47286bc6cf98ecbc8ce99856cf6ba0879861f166d599f97,owner-07a79e97350cd164d47286bc6cf98ecbc8ce99856cf6ba0879861f166d599f97,9,241287073379374,241287492643681,241287492944310,419264307,419564936
0,5,native,32,125c522e33a23322db274017bc36b3b54dca0639e2dbf27b7658cba2d6ba687c,owner-125c522e33a23322db274017bc36b3b54dca0639e2dbf27b7658cba2d6ba687c,9,241287580790067,241288001384120,241288001735818,420594053,420945751
1,0,native,8,6a723c0e4220937659a2b73269a6432fa9eff0582e76587a69106a93b48ade37,owner-6a723c0e4220937659a2b73269a6432fa9eff0582e76587a69106a93b48ade37,9,241307245376450,241307526295364,241307526609225,280918914,281232775
1,0,native,8,226abbd2054115c13dc6a2e34e2fa9dde8a690e15bdde1e17fffc525d5f9eec9,owner-226abbd2054115c13dc6a2e34e2fa9dde8a690e15bdde1e17fffc525d5f9eec9,9,241307603558387,241307845310546,241307846241363,241752159,242682976
1,0,native,8,523f45e971dc4e71df501397f4870ce9e15cca1294d681d5c070e870d63fc6f5,owner-523f45e971dc4e71df501397f4870ce9e15cca1294d681d5c070e870d63fc6f5,9,241307921643826,241308188503511,241308188882588,266859685,267238762
1,0,native,8,37033a0dcfca4c2f5e9b5b56e9c3b136da02319792750cd49a2ffc699d00945f,owner-37033a0dcfca4c2f5e9b5b56e9c3b136da02319792750cd49a2ffc699d00945f,9,241308265248129,241308509879706,241308510278902,244631577,245030773
1,0,native,8,66fc530a5d8c2b3bd25b8bd89991445264f8b1d69a3c3c8292cca230752edf25,owner-66fc530a5d8c2b3bd25b8bd89991445264f8b1d69a3c3c8292cca230752edf25,8,241308594732313,241308863412344,241308863746512,268680031,269014199
1,0,native,8,3d8f95bf0446aa74ed14eae21f531cd525b22ffb808e0d67ac8648dd73af1371,owner-3d8f95bf0446aa74ed14eae21f531cd525b22ffb808e0d67ac8648dd73af1371,9,241308943516541,241309191913501,241309192240261,248396960,248723720
1,0,native,8,00b8da412ca7cd439bdfa6c88606c38248bb76efcffe164a7662faa891b6d311,owner-00b8da412ca7cd439bdfa6c88606c38248bb76efcffe164a7662faa891b6d311,9,241309270617027,241309543295867,241309543562455,272678840,272945428
1,0,native,8,06d9ffed461522e4a30a8dc6289f893083828499eef9a13fe8d105e70a0a7aa8,owner-06d9ffed461522e4a30a8dc6289f893083828499eef9a13fe8d105e70a0a7aa8,9,241309622326578,241309893367460,241309893675594,271040882,271349016
1,1,lsf,8,cad14ac27b690b996a33db236fe9329e576b6be0b093096164a9b3ab2bc12976,owner-cad14ac27b690b996a33db236fe9329e576b6be0b093096164a9b3ab2bc12976,9,241315154500634,241315409367942,241315420150336,254867308,265649702
1,2,lsf,32,48474c7c84ab3ac6c79eb0c6d96d5fabd7bad7f5314ef3cc03d0a01e2fc9437e,owner-48474c7c84ab3ac6c79eb0c6d96d5fabd7bad7f5314ef3cc03d0a01e2fc9437e,9,241317634699664,241317921581068,241317942946830,286881404,308247166
1,3,native,32,c4488de0498b3211cce78016c141572ee489c8dc2045ff7156fd4edb394b6503,owner-c4488de0498b3211cce78016c141572ee489c8dc2045ff7156fd4edb394b6503,9,241321124095975,241321438570085,241321438951891,314474110,314855916
1,3,native,32,10c0ca20756c27f66db481e52ec170bcd40d9c740d600fcca4fcecd2e6765312,owner-10c0ca20756c27f66db481e52ec170bcd40d9c740d600fcca4fcecd2e6765312,9,241321515883681,241321862297733,241321862581158,346414052,346697477
1,3,native,32,77b1470072c706faf4b727ef14b43f272ec78aeee4fb8c363a13668e27a86fe8,owner-77b1470072c706faf4b727ef14b43f272ec78aeee4fb8c363a13668e27a86fe8,10,241321940985956,241322333685102,241322333997662,392699146,393011706
1,3,native,32,f8c5900d53729c9a0dbedee19d69f404e3d75936334bdc92cfb75cd3690fa73f,owner-f8c5900d53729c9a0dbedee19d69f404e3d75936334bdc92cfb75cd3690fa73f,9,241322417404396,241322837296477,241322837571563,419892081,420167167
1,3,native,32,af4b500e6db5d6547a3c52a26e07ccceadea5ef6cafbb7d1d1580c882e6fa417,owner-af4b500e6db5d6547a3c52a26e07ccceadea5ef6cafbb7d1d1580c882e6fa417,9,241322912621664,241323166094604,241323166390517,253472940,253768853
1,3,native,32,248cde277d4615c4cb967e0a418daf4799bc5903ea3ffacddbaabfd9bde4b8fc,owner-248cde277d4615c4cb967e0a418daf4799bc5903ea3ffacddbaabfd9bde4b8fc,9,241323254277695,241323581524845,241323581998179,327247150,327720484
1,3,native,32,62a710be248a0703705bcc90762218412a442dc72eec7361446b13f06fdcfc7f,owner-62a710be248a0703705bcc90762218412a442dc72eec7361446b13f06fdcfc7f,9,241323677432951,241324003177800,241324003542059,325744849,326109108
1,3,native,32,470c10022f731e75101b324785bf935ff7a77b6e5aa7474f54e22ceb3aa82ac8,owner-470c10022f731e75101b324785bf935ff7a77b6e5aa7474f54e22ceb3aa82ac8,9,241324084405038,241324431843846,241324432304584,347438808,347899546
1,3,native,32,62f0ac76e6aa3446e7957830301c787df84b9233253057338cbaa9d13d8507fa,owner-62f0ac76e6aa3446e7957830301c787df84b9233253057338cbaa9d13d8507fa,9,241324516415640,241324960852958,241324961113085,444437318,444697445
1,3,native,32,4da7cfcae261b691d768c682bd180abe4de3ddcc1630629b7cb7a3cdaf0c2806,owner-4da7cfcae261b691d768c682bd180abe4de3ddcc1630629b7cb7a3cdaf0c2806,9,241325040275796,241325393991093,241325394275847,353715297,354000051
1,3,native,32,d9782408ab39f95f85f8f7824666685784869be9b4f4802a32a027fe9ebc6822,owner-d9782408ab39f95f85f8f7824666685784869be9b4f4802a32a027fe9ebc6822,9,241325476768507,241325841243720,241325841705676,364475213,364937169
1,3,native,32,51971de824d317c4a57592131e4950ed903fcac0a55cc593952770b84d5aea86,owner-51971de824d317c4a57592131e4950ed903fcac0a55cc593952770b84d5aea86,9,241325927662390,241326253621175,241326253986432,325958785,326324042
1,3,native,32,3a386e0574dbea656ff6a76764edc823b89f660cd7c3264c37ce016b562fd97e,owner-3a386e0574dbea656ff6a76764edc823b89f660cd7c3264c37ce016b562fd97e,9,241326334990291,241326608676116,241326608994218,273685825,274003927
1,3,native,32,b57a5311efae0541201696facf11c9cdbce4f00bd2a438f9aa365aa974655626,owner-b57a5311efae0541201696facf11c9cdbce4f00bd2a438f9aa365aa974655626,9,241326683623734,241327040104364,241327040384388,356480630,356760654
1,3,native,32,1040e8262a629b4e45825e30fc1e4cae35322042266dc12a17bd1002d3a29a3a,owner-1040e8262a629b4e45825e30fc1e4cae35322042266dc12a17bd1002d3a29a3a,9,241327120370836,241327438123475,241327438407830,317752639,318036994
1,3,native,32,9e37a1d021fcd968489abf8ba72463f674a64ccf3c71634c5077471e3980c022,owner-9e37a1d021fcd968489abf8ba72463f674a64ccf3c71634c5077471e3980c022,9,241327515126661,241327867576997,241327867997812,352450336,352871151
1,3,native,32,d91d92783f020095eeeddcd53e0e17fd0302356b221a18d19728a84cf82a1811,owner-d91d92783f020095eeeddcd53e0e17fd0302356b221a18d19728a84cf82a1811,9,241327945627897,241328260265209,241328271139804,314637312,325511907
1,3,native,32,dae2578084ea922f8d7e50876b9c43e58d3cf077ce911ba64019732c67529deb,owner-dae2578084ea922f8d7e50876b9c43e58d3cf077ce911ba64019732c67529deb,9,241328353522094,241328780849456,241328781281799,427327362,427759705
1,3,native,32,4096f95efd5919026a3fe4aa5ad5e3f776b6ba14e2f5f7bf8f9d38cf8ede2ac9,owner-4096f95efd5919026a3fe4aa5ad5e3f776b6ba14e2f5f7bf8f9d38cf8ede2ac9,9,241328857705473,241329130907885,241329131219419,273202412,273513946
1,3,native,32,e5edf4fb16cd634834f7135131a205c9acbd0f39b401f548ac9987f87414af94,owner-e5edf4fb16cd634834f7135131a205c9acbd0f39b401f548ac9987f87414af94,9,241329206076623,241329462874201,241329463696705,256797578,257620082
1,3,native,32,313cb85d193af8370aed2d899c15eb77af00f533d6c4abf7d49a251404a85144,owner-313cb85d193af8370aed2d899c15eb77af00f533d6c4abf7d49a251404a85144,9,241329547822063,241329878500616,241329878966483,330678553,331144420
1,3,native,32,c4b413f85ca0aa20c10a2a1f4ae9a00a43c7cf98cabc01ec9c1ba3b8d5bb0b7c,owner-c4b413f85ca0aa20c10a2a1f4ae9a00a43c7cf98cabc01ec9c1ba3b8d5bb0b7c,9,241330009431401,241330447378542,241330447685667,437947141,438254266
1,3,native,32,e0ca488abf84eb83367cb624cb5690a031558de3210ae94248bdd3621f1e87a3,owner-e0ca488abf84eb83367cb624cb5690a031558de3210ae94248bdd3621f1e87a3,9,241330528346891,241330972438844,241330972767009,444091953,444420118
1,3,native,32,083213a5b38799ed81b5f8e53319a6a2593c6d99fa7480a6d01ccdf1693985e6,owner-083213a5b38799ed81b5f8e53319a6a2593c6d99fa7480a6d01ccdf1693985e6,9,241331048545476,241331451264336,241331451526540,402718860,402981064
1,3,native,32,e662095bdf991df3b260d33efe781c8a5288fdf789235369c02b83e96ca99d57,owner-e662095bdf991df3b260d33efe781c8a5288fdf789235369c02b83e96ca99d57,9,241331528899685,241331861972543,241331862257438,333072858,333357753
1,3,native,32,c2cc16438ed5abbf1e46114c0d1b3c57e489ff9a9cb23df4f2a8cc0d7dd5ecca,owner-c2cc16438ed5abbf1e46114c0d1b3c57e489ff9a9cb23df4f2a8cc0d7dd5ecca,9,241331949612518,241332360083000,241332360441643,410470482,410829125
1,3,native,32,a80518ddafb1517cceac3beabe8de5852784e1a5f89ae8a796c7c5b27e89006f,owner-a80518ddafb1517cceac3beabe8de5852784e1a5f89ae8a796c7c5b27e89006f,9,241332440976184,241332868179302,241332868501882,427203118,427525698
1,3,native,32,12c090b95aceabb1436ee295a81d2efde64e32da8fb1a983f93ff517ca287c71,owner-12c090b95aceabb1436ee295a81d2efde64e32da8fb1a983f93ff517ca287c71,9,241332945972419,241333423921526,241333424319050,477949107,478346631
1,3,native,32,7ba2476f9044b101eef02de480d2a010bd20d340efb639ff94e3752a88fac0eb,owner-7ba2476f9044b101eef02de480d2a010bd20d340efb639ff94e3752a88fac0eb,9,241333508562733,241333804266031,241333879270220,295703298,370707487
1,3,native,32,ad808e5614f9618ac5d7f13819b97c9343c33ea37664f7947315b2e0ff45fc1c,owner-ad808e5614f9618ac5d7f13819b97c9343c33ea37664f7947315b2e0ff45fc1c,9,241333966134465,241334265585484,241334265985034,299451019,299850569
1,3,native,32,3033df3a177409b3238380d3d91087f18c7542a9e9b7c58a4bc64bbb0f31a560,owner-3033df3a177409b3238380d3d91087f18c7542a9e9b7c58a4bc64bbb0f31a560,9,241334343971716,241334679023678,241334679514426,335051962,335542710
1,3,native,32,d6f4790d63025a65e7df58f5bb5b5061db5e1d91c5f5e83f1bf15e5dbfbc7c59,owner-d6f4790d63025a65e7df58f5bb5b5061db5e1d91c5f5e83f1bf15e5dbfbc7c59,9,241334758948571,241335146913516,241335147314253,387964945,388365682
1,4,native,1,9b6028dea6b4ff8fec72242b7664caaa5161a90dba6db440334157c2b585dcde,owner-9b6028dea6b4ff8fec72242b7664caaa5161a90dba6db440334157c2b585dcde,9,241354998701809,241355284683830,241355285050848,285982021,286349039
1,5,lsf,1,71bbd4540cf180ababd82a26c2ea0a746959c7236c421bc353e5e2b1b65c7e2c,owner-71bbd4540cf180ababd82a26c2ea0a746959c7236c421bc353e5e2b1b65c7e2c,10,241357344467526,241357672300902,241357672649454,327833376,328181928
2,0,lsf,32,dfa95a9463fee1bc5faa3279ed2e8f5475f50dc011a4363817ef92c065ab41c2,owner-dfa95a9463fee1bc5faa3279ed2e8f5475f50dc011a4363817ef92c065ab41c2,9,241360895860162,241361195024283,241361227128795,299164121,331268633
2,1,native,32,b086b1535407f05fcd4c49fc8b6f1937c562d0083064845b7133699df8d40467,owner-b086b1535407f05fcd4c49fc8b6f1937c562d0083064845b7133699df8d40467,10,241364542179133,241364945047175,241364945337804,402868042,403158671
2,1,native,32,acf86365467cfcb12310406d8c78def436c7fb36cfc3f11dba4d0e65c1f5aeb1,owner-acf86365467cfcb12310406d8c78def436c7fb36cfc3f11dba4d0e65c1f5aeb1,9,241365022980190,241365377056461,241365377548997,354076271,354568807
2,1,native,32,968329f728d976b8d38f36deac9adfe1d8d7a1ab9df18874c6cd1751292a24d1,owner-968329f728d976b8d38f36deac9adfe1d8d7a1ab9df18874c6cd1751292a24d1,9,241365458711117,241365872608941,241365872880518,413897824,414169401
2,1,native,32,252e6c2c79fb1408b63540b0610630dfdb3de1634e79e21fd9be235a1e55c4aa,owner-252e6c2c79fb1408b63540b0610630dfdb3de1634e79e21fd9be235a1e55c4aa,9,241365960581139,241366402967435,241366403397730,442386296,442816591
2,1,native,32,3c678a1e8423d766a7887f4009e42c1548461876c8b84f151a62a91a65161312,owner-3c678a1e8423d766a7887f4009e42c1548461876c8b84f151a62a91a65161312,9,241366501039390,241367002418853,241367002948245,501379463,501908855
2,1,native,32,81db0455d336f89974a25a671fc5e745c6640fc3baad3e04bff4391a0ba16e48,owner-81db0455d336f89974a25a671fc5e745c6640fc3baad3e04bff4391a0ba16e48,9,241367159205478,241367679588713,241367711834642,520383235,552629164
2,1,native,32,5394bb27c27cdc1731eb26ae0997da2eff9f7f5797e6895b9c8c03251d6008da,owner-5394bb27c27cdc1731eb26ae0997da2eff9f7f5797e6895b9c8c03251d6008da,9,241367828411874,241368469468547,241368469830097,641056673,641418223
2,1,native,32,dc14133f822fb6cb6c2fccddc29fb0645600263fb488ce24180c467d376f8561,owner-dc14133f822fb6cb6c2fccddc29fb0645600263fb488ce24180c467d376f8561,9,241368559617694,241368880837623,241368881255813,321219929,321638119
2,1,native,32,99872996bb889ba3fbb3bfe4514d214bc46c277b79c9e4b12b49c62ad01f7b15,owner-99872996bb889ba3fbb3bfe4514d214bc46c277b79c9e4b12b49c62ad01f7b15,9,241368960319071,241369253619152,241369254506394,293300081,294187323
2,1,native,32,32809729240b02ac6730e29ae634389063e87d13bb2b0b346ec3f0f8cf5dc61f,owner-32809729240b02ac6730e29ae634389063e87d13bb2b0b346ec3f0f8cf5dc61f,9,241369341386135,241369729983067,241369730326762,388596932,388940627
2,1,native,32,c8659c01e3d3b6fea6913ac356861d83548f4628ae3461f07603e1a5e043beb8,owner-c8659c01e3d3b6fea6913ac356861d83548f4628ae3461f07603e1a5e043beb8,9,241369814470122,241370113492657,241370113888366,299022535,299418244
2,1,native,32,10d082e6301acd6d03056ce7de62b0eb1f0117ba1629a6e6e6fb4da328d6dc0c,owner-10d082e6301acd6d03056ce7de62b0eb1f0117ba1629a6e6e6fb4da328d6dc0c,9,241370195726053,241370514200728,241370514529823,318474675,318803770
2,1,native,32,adadd5e2e82af8f4e4f8f8c00d9e94b5f8b0626c709ee499073d9f9a35cef8ec,owner-adadd5e2e82af8f4e4f8f8c00d9e94b5f8b0626c709ee499073d9f9a35cef8ec,9,241370596073013,241370922852612,241370923262102,326779599,327189089
2,1,native,32,4cf6b5893b907a19c7173fa68ae76237b4c6c6628bd191a2b0904b9a7d3da1f6,owner-4cf6b5893b907a19c7173fa68ae76237b4c6c6628bd191a2b0904b9a7d3da1f6,9,241371013224073,241371328427607,241371328762609,315203534,315538536
2,1,native,32,4686910e43200b5a900f39c4a1a709ab26a22c7138672be4ec9f9900ad548765,owner-4686910e43200b5a900f39c4a1a709ab26a22c7138672be4ec9f9900ad548765,9,241371427423350,241371745341326,241371745627848,317917976,318204498
2,1,native,32,cefa8f1dbf12a95110af47502b55f632903ce7bb594cf003a601527df701b6bd,owner-cefa8f1dbf12a95110af47502b55f632903ce7bb594cf003a601527df701b6bd,9,241371839166052,241372304366959,241372304702020,465200907,465535968
2,1,native,32,3b1b5f5041356a188c6c9e83f61687b4b084d67aa66e4e557459668cd7c1e1db,owner-3b1b5f5041356a188c6c9e83f61687b4b084d67aa66e4e557459668cd7c1e1db,9,241372387703891,241372737324327,241372737699463,349620436,349995572
2,1,native,32,19b5594c09c57d61514978eac889d6dbc53477cc15b2a9e21281af59be4d627a,owner-19b5594c09c57d61514978eac889d6dbc53477cc15b2a9e21281af59be4d627a,9,241372816926491,241373197877856,241373198177239,380951365,381250748
2,1,native,32,e403493d85f67be3f89c628c50f5fc1628a42cd50adc414518f8428b556c4cb2,owner-e403493d85f67be3f89c628c50f5fc1628a42cd50adc414518f8428b556c4cb2,9,241373286791316,241373643921218,241373644288073,357129902,357496757
2,1,native,32,9ec189747d36fff4d8e5cdb4f97e33a5ed07c8d0d705de59aa71093db3951604,owner-9ec189747d36fff4d8e5cdb4f97e33a5ed07c8d0d705de59aa71093db3951604,9,241373734931397,241374031785346,241374032609564,296853949,297678167
2,1,native,32,27aaab42846dc7c42585382d75b63a2c0cb9ff1634ee4b91d8352af312585956,owner-27aaab42846dc7c42585382d75b63a2c0cb9ff1634ee4b91d8352af312585956,9,241374116712313,241374477294100,241374477699875,360581787,360987562
2,1,native,32,cbe5497ab8490a4704d4efc0c239a4bcc0a6f7abef3a6dbf31dd1bf6c1a55220,owner-cbe5497ab8490a4704d4efc0c239a4bcc0a6f7abef3a6dbf31dd1bf6c1a55220,9,241374552120609,241374899824838,241374900294393,347704229,348173784
2,1,native,32,5e5191a6880cf0500263191701c204d5d870dbf266f34e57ce0ad035334b928f,owner-5e5191a6880cf0500263191701c204d5d870dbf266f34e57ce0ad035334b928f,9,241374980430790,241375303166745,241375303654625,322735955,323223835
2,1,native,32,c05dcfe33fcd61b75e15ddebc0825657edbe24a07f86202a8c89e3ccf801c2b0,owner-c05dcfe33fcd61b75e15ddebc0825657edbe24a07f86202a8c89e3ccf801c2b0,9,241375385004428,241375660575559,241375660889926,275571131,275885498
2,1,native,32,eb5b074efae7a9a9d1640422842c741eab61eabce6334b5a3d26a67812d86ec7,owner-eb5b074efae7a9a9d1640422842c741eab61eabce6334b5a3d26a67812d86ec7,9,241375761182595,241376090264281,241376090589162,329081686,329406567
2,1,native,32,4d8fea8579503a7577c2be50511986f7f917827b51fb2148b067cdf6e09ea405,owner-4d8fea8579503a7577c2be50511986f7f917827b51fb2148b067cdf6e09ea405,9,241376171322668,241376523196657,241376523697000,351873989,352374332
2,1,native,32,ddd1dc6c40f83c49befdefddb55a9a3e0b9dad8f97ad59791f7b330da4998dba,owner-ddd1dc6c40f83c49befdefddb55a9a3e0b9dad8f97ad59791f7b330da4998dba,9,241376599421804,241376872671986,241376873039836,273250182,273618032
2,1,native,32,b1d28ea81856d84d695f99ccf578657213f5fdafafd770714cc89f46542ad150,owner-b1d28ea81856d84d695f99ccf578657213f5fdafafd770714cc89f46542ad150,9,241376958858408,241377266600036,241377267243649,307741628,308385241
2,1,native,32,0fb20375fdd3d67c2d7971d3f1a9b5317c4b8add0b18001932ccba3111fd1123,owner-0fb20375fdd3d67c2d7971d3f1a9b5317c4b8add0b18001932ccba3111fd1123,9,241377344469936,241377689852070,241377690135937,345382134,345666001
2,1,native,32,c3447bbdf84ad9b8393095129f8a840f26d22407208d858b00464261bde14e3f,owner-c3447bbdf84ad9b8393095129f8a840f26d22407208d858b00464261bde14e3f,9,241377770725046,241378109714294,241378110231025,338989248,339505979
2,1,native,32,d531cfe59e7e4860d5a46051f843276bbdb4c62624352a1296bcf615920e1504,owner-d531cfe59e7e4860d5a46051f843276bbdb4c62624352a1296bcf615920e1504,9,241378194613079,241378510388565,241378510789483,315775486,316176404
2,1,native,32,0a6777a8e834621e7a9fb41cc132bcba62bd22295e7debabbad3c56515be4c29,owner-0a6777a8e834621e7a9fb41cc132bcba62bd22295e7debabbad3c56515be4c29,9,241378649983489,241379000762715,241379001189875,350779226,351206386
2,2,native,1,999babdd1d665cd03a012a0da6c7a96b5b542fd2b2c5050290f80a02623957df,owner-999babdd1d665cd03a012a0da6c7a96b5b542fd2b2c5050290f80a02623957df,9,241398579194337,241398869736021,241398870042182,290541684,290847845
2,3,lsf,1,c7c7dad7de477188591ad3bdf2f976ab30bafa7ab9bde2c19fa6cb1b5048a4e9,owner-c7c7dad7de477188591ad3bdf2f976ab30bafa7ab9bde2c19fa6cb1b5048a4e9,9,241401204741378,241401458743451,241401469470891,254002073,264729513
2,4,lsf,8,923f520019a06d690905061126e7c490d77189bc29d4676fcf42402fc87c5f47,owner-923f520019a06d690905061126e7c490d77189bc29d4676fcf42402fc87c5f47,9,241403676754732,241403981454114,241403992244224,304699382,315489492
2,5,native,8,931717df444bf55940f1606b6be844b1ed1e3587449a339f523bb3a38d02a741,owner-931717df444bf55940f1606b6be844b1ed1e3587449a339f523bb3a38d02a741,9,241406106877155,241406351271362,241406351716055,244394207,244838900
2,5,native,8,7a11b713f1c4b0905ef1b4ae761183cb8ceea64c33477d3a08a3f3ecab72419c,owner-7a11b713f1c4b0905ef1b4ae761183cb8ceea64c33477d3a08a3f3ecab72419c,9,241406429339929,241406680206480,241406680691074,250866551,251351145
2,5,native,8,c1789d6c6e22e5d02d6fee0862be828938d20fc387a104fe9577ee8d635dd9a5,owner-c1789d6c6e22e5d02d6fee0862be828938d20fc387a104fe9577ee8d635dd9a5,9,241406773406103,241407037167243,241407037456798,263761140,264050695
2,5,native,8,0694aac4409277258b87ce463757d395e28b27c4e8c019f62b97e9811c8135e6,owner-0694aac4409277258b87ce463757d395e28b27c4e8c019f62b97e9811c8135e6,9,241407120733335,241407396959564,241407397218338,276226229,276485003
2,5,native,8,7383ce0112a4345f4c324997d559e87b0bf2656c9b2e29675a00c641c4509628,owner-7383ce0112a4345f4c324997d559e87b0bf2656c9b2e29675a00c641c4509628,9,241407473956697,241407743024729,241407743685733,269068032,269729036
2,5,native,8,e77d179bb3386091c2bf2faf0ef4a95290d39f90b8fd1ae0b9e48a874b28c241,owner-e77d179bb3386091c2bf2faf0ef4a95290d39f90b8fd1ae0b9e48a874b28c241,9,241407825588724,241408101896305,241408102241264,276307581,276652540
2,5,native,8,453c55b353c103c739deea57f306c7e7e2fc2055f046404bba67cb0237232031,owner-453c55b353c103c739deea57f306c7e7e2fc2055f046404bba67cb0237232031,9,241408185713769,241408555725278,241408556300268,370011509,370586499
2,5,native,8,fc933cf02da8e6bbd18ad20614018fb721c8092de06b9776c2f8f657cf5cbcf2,owner-fc933cf02da8e6bbd18ad20614018fb721c8092de06b9776c2f8f657cf5cbcf2,9,241408682057326,241409003813521,241409004649239,321756195,322591913
3,0,native,1,271a82dd1c736c8895ff06b75587ead2bad64c0432e858f7dc988fe16eee4246,owner-271a82dd1c736c8895ff06b75587ead2bad64c0432e858f7dc988fe16eee4246,9,241415560361482,241415806893411,241415807259526,246531929,246898044
3,1,lsf,1,c3f8c4edcdf0f94b40f9dce816824ba63df1e3fec4e8a8b22148b11987a88c26,owner-c3f8c4edcdf0f94b40f9dce816824ba63df1e3fec4e8a8b22148b11987a88c26,9,241417820888159,241418148476367,241418148790675,327588208,327902516
3,2,lsf,8,16db9d1f37de95495192ae3af52c41c54eae56cd60c1a419171dd5f4080a9486,owner-16db9d1f37de95495192ae3af52c41c54eae56cd60c1a419171dd5f4080a9486,9,241420386725618,241420670483301,241420681324273,283757683,294598655
3,3,native,8,3e24a54ab5ce3c742862f54f8fa9c38e726faf309ad91bb69678ad729eaaabae,owner-3e24a54ab5ce3c742862f54f8fa9c38e726faf309ad91bb69678ad729eaaabae,9,241422809917012,241423073343918,241423073621503,263426906,263704491
3,3,native,8,99ba61f3a6f06139ed4079d1938354ac5d368f7913fe7a926a7224c760b6b408,owner-99ba61f3a6f06139ed4079d1938354ac5d368f7913fe7a926a7224c760b6b408,9,241423152364210,241423446751638,241423447178642,294387428,294814432
3,3,native,8,71dd8c1d0224f792c05770c02423f8b9a542fe7161f640e4683c842e3bd03429,owner-71dd8c1d0224f792c05770c02423f8b9a542fe7161f640e4683c842e3bd03429,9,241423522444152,241423782667854,241423783079682,260223702,260635530
3,3,native,8,342eaf2a1e91f74d73a9ccbbec1679a7c81737fe8af3f75e0b8f05534c9a7d56,owner-342eaf2a1e91f74d73a9ccbbec1679a7c81737fe8af3f75e0b8f05534c9a7d56,9,241423862004916,241424127401601,241424127790244,265396685,265785328
3,3,native,8,8ba4f016f0f00b544b478ca14b398eb8a168807da83389e4871163419a11a8cb,owner-8ba4f016f0f00b544b478ca14b398eb8a168807da83389e4871163419a11a8cb,9,241424209377804,241424473312334,241424473608533,263934530,264230729
3,3,native,8,723cccd2c569be90fafc2069d43a53165e5ed017802070bd16bcff60c12d0703,owner-723cccd2c569be90fafc2069d43a53165e5ed017802070bd16bcff60c12d0703,9,241424565713431,241424828256942,241424828515941,262543511,262802510
3,3,native,8,4c1e5dc8038530649536ec52093fe61d0345982afe04588e9b14ec37e02b4426,owner-4c1e5dc8038530649536ec52093fe61d0345982afe04588e9b14ec37e02b4426,9,241424915336904,241425198144024,241425198454544,282807120,283117640
3,3,native,8,3879a11594bb444b02a96f53245b23c43dcc2eeb69b2cefea149764e40e3564e,owner-3879a11594bb444b02a96f53245b23c43dcc2eeb69b2cefea149764e40e3564e,9,241425278010379,241425542428737,241425542734995,264418358,264724616
3,4,native,32,dba9d68d34ebd5e1a49fa9c964655801d54b2976ea639ceacd471be6224d98aa,owner-dba9d68d34ebd5e1a49fa9c964655801d54b2976ea639ceacd471be6224d98aa,9,241431044354277,241431497021627,241431497453396,452667350,453099119
3,4,native,32,ec78de42f7801f0e25e13bd1901cf6deb96b9781dbf1b29fc6f54eafb04429a2,owner-ec78de42f7801f0e25e13bd1901cf6deb96b9781dbf1b29fc6f54eafb04429a2,9,241431582244241,241432008741952,241432009114381,426497711,426870140
3,4,native,32,4b9fd7af1f1744ac4f98d9808423f03d2bb28f3a6e53422796a9699cf070d02c,owner-4b9fd7af1f1744ac4f98d9808423f03d2bb28f3a6e53422796a9699cf070d02c,8,241432094218610,241432487642435,241432488235831,393423825,394017221
3,4,native,32,5f22c2825ee8ae0a459b49de8bc814defe026f5850f7d947a0f767577ec60bf6,owner-5f22c2825ee8ae0a459b49de8bc814defe026f5850f7d947a0f767577ec60bf6,9,241432564420041,241432991356733,241432991784237,426936692,427364196
3,4,native,32,57dd811b3692bba7c5b4740bc01642fc22853cf4fbbc38d0b4c25d81cac4dfc4,owner-57dd811b3692bba7c5b4740bc01642fc22853cf4fbbc38d0b4c25d81cac4dfc4,9,241433067611701,241433450084175,241433524276692,382472474,456664991
3,4,native,32,6ae3c18deb81babbfd0e4b8becf695a0895fcfbf83fdd8b8544e32afd222bb3c,owner-6ae3c18deb81babbfd0e4b8becf695a0895fcfbf83fdd8b8544e32afd222bb3c,9,241433608938585,241433897056211,241433897330904,288117626,288392319
3,4,native,32,d8b8bf7217031ccf0d4aad0d21eaf06293e86b8e35e70b22250e0ef85c64c3c1,owner-d8b8bf7217031ccf0d4aad0d21eaf06293e86b8e35e70b22250e0ef85c64c3c1,9,241433978974722,241434257551463,241434257835163,278576741,278860441
3,4,native,32,666da83b9a20dbf9a615118b1aee63f3eb150c5981047cb3123af8c0c3f99cda,owner-666da83b9a20dbf9a615118b1aee63f3eb150c5981047cb3123af8c0c3f99cda,9,241434347960747,241434659037215,241434659304397,311076468,311343650
3,4,native,32,5f17e5d9ef1f91242d68b0c43752db0e290cba146eb4b7c205b4c6e9443feb02,owner-5f17e5d9ef1f91242d68b0c43752db0e290cba146eb4b7c205b4c6e9443feb02,9,241434732817396,241435090614471,241435090908937,357797075,358091541
3,4,native,32,d9c0fc8e491d22a4f7ce12ec4d66cb5d10fb9bd7c17e162a999343eb9970aa29,owner-d9c0fc8e491d22a4f7ce12ec4d66cb5d10fb9bd7c17e162a999343eb9970aa29,9,241435169559194,241435509477801,241435509773003,339918607,340213809
3,4,native,32,49bbcdc8815c10e5ea3434863867581593f06e1817d3317b0c1c8c9c42536e1f,owner-49bbcdc8815c10e5ea3434863867581593f06e1817d3317b0c1c8c9c42536e1f,9,241435592747341,241435898096589,241435898354897,305349248,305607556
3,4,native,32,3502711ec247b8860fbc94bdbdd723bc30db5ecaa2167d4b4a3a58b8a50fdda1,owner-3502711ec247b8860fbc94bdbdd723bc30db5ecaa2167d4b4a3a58b8a50fdda1,9,241435978622224,241436303082498,241436303344473,324460274,324722249
3,4,native,32,4c70a29ba528eef298cb3092cd17d8a183da81dc838c43886271dceb45f0ad13,owner-4c70a29ba528eef298cb3092cd17d8a183da81dc838c43886271dceb45f0ad13,9,241436395717915,241436730336674,241436730656535,334618759,334938620
3,4,native,32,e1721bd63e6c8b6c557bfedd434226d0ff86bb7af7a1281d50b6a0004324deea,owner-e1721bd63e6c8b6c557bfedd434226d0ff86bb7af7a1281d50b6a0004324deea,9,241436817282122,241437198903702,241437199238479,381621580,381956357
3,4,native,32,026ca9d31b09ff8bddffc7f5fe5f6a9f7e4a60f31d12f0848609de78916a3eef,owner-026ca9d31b09ff8bddffc7f5fe5f6a9f7e4a60f31d12f0848609de78916a3eef,9,241437278410296,241437702453491,241437702778414,424043195,424368118
3,4,native,32,b22686fa6d6fc0db6cbdfa4faec91f9c486f157907dcd74918a43c1a9246389a,owner-b22686fa6d6fc0db6cbdfa4faec91f9c486f157907dcd74918a43c1a9246389a,9,241437788891442,241438139954074,241438140429062,351062632,351537620
3,4,native,32,002041ed98e2b380df54ca79f78348a7ff1e59060bdf8e7528d7729058ee40c6,owner-002041ed98e2b380df54ca79f78348a7ff1e59060bdf8e7528d7729058ee40c6,9,241438223735955,241438568910051,241438569233602,345174096,345497647
3,4,native,32,4a7bfd4122a4f6c7cc76d2094842b7ad3db12748d3d5fa29728653666bae03f8,owner-4a7bfd4122a4f6c7cc76d2094842b7ad3db12748d3d5fa29728653666bae03f8,9,241438648423075,241438925652150,241438925927541,277229075,277504466
3,4,native,32,aa563d3f0979a49039396fe7bb5e162ce06a3d5a960d8545e3dad25bcf4b15f2,owner-aa563d3f0979a49039396fe7bb5e162ce06a3d5a960d8545e3dad25bcf4b15f2,9,241439010492459,241439356285455,241439356823212,345792996,346330753
3,4,native,32,0b2517fd4d6a197e6ed5e6aba6dbdd4e99414041d99cddc634950680fe51e1c1,owner-0b2517fd4d6a197e6ed5e6aba6dbdd4e99414041d99cddc634950680fe51e1c1,9,241439442125951,241439822898962,241439823356173,380773011,381230222
3,4,native,32,fc9f9066d19b11c2fa6f458fac7b3a2bf3c0bfb0c2fa59bbe98ad81e9b65a2a6,owner-fc9f9066d19b11c2fa6f458fac7b3a2bf3c0bfb0c2fa59bbe98ad81e9b65a2a6,9,241439910449168,241440324101110,241440324409949,413651942,413960781
3,4,native,32,ee4579641930fb0c788e4d3a3547ee7e82ecab780e8c97f24143c179dab6863c,owner-ee4579641930fb0c788e4d3a3547ee7e82ecab780e8c97f24143c179dab6863c,9,241440406699041,241440892766453,241440893184520,486067412,486485479
3,4,native,32,809b8ada4bb287e5c0eb06e13b3e06dd3c26179c54bd45aca1472f077fe83a19,owner-809b8ada4bb287e5c0eb06e13b3e06dd3c26179c54bd45aca1472f077fe83a19,9,241440975792411,241441264427798,241441264692894,288635387,288900483
3,4,native,32,7384fb4d64c32b77f84eb4ee4481664584aaaf634ad2800defbf3fa3c62ba16f,owner-7384fb4d64c32b77f84eb4ee4481664584aaaf634ad2800defbf3fa3c62ba16f,9,241441346401464,241441669171342,241441722061196,322769878,375659732
3,4,native,32,c99fca3d58c586b0458beb25e4d51882811e0a6bf867f8f14f6e033d1c95b306,owner-c99fca3d58c586b0458beb25e4d51882811e0a6bf867f8f14f6e033d1c95b306,9,241441803593296,241442154080199,241442154507480,350486903,350914184
3,4,native,32,1b384c466adc0b59d2c6cdbe26a0c8124a789543646c037a65dba4b62eac44b8,owner-1b384c466adc0b59d2c6cdbe26a0c8124a789543646c037a65dba4b62eac44b8,9,241442244092523,241442623992069,241442624391009,379899546,380298486
3,4,native,32,66f79e3495525e98cac15ced025dd7613dbc43a3a3e6170483d363fe9e66c2a4,owner-66f79e3495525e98cac15ced025dd7613dbc43a3a3e6170483d363fe9e66c2a4,9,241442706349510,241443007782770,241443008282748,301433260,301933238
3,4,native,32,486de584e667972008fde227ccc3329de509eb74a91ef87d0965663b8240a689,owner-486de584e667972008fde227ccc3329de509eb74a91ef87d0965663b8240a689,9,241443099516434,241443514235075,241443514614725,414718641,415098291
3,4,native,32,31dfcfa8a739daa08ad1d27743bb06e83807261aae94374cfa3ef1821500b19e,owner-31dfcfa8a739daa08ad1d27743bb06e83807261aae94374cfa3ef1821500b19e,9,241443595611773,241444030383730,241444030667385,434771957,435055612
3,4,native,32,7f620ec46051b9e2b73a6a9b92c79f2268d445e2d91aa08538591c9246379e21,owner-7f620ec46051b9e2b73a6a9b92c79f2268d445e2d91aa08538591c9246379e21,9,241444111610789,241444570861906,241444571398802,459251117,459788013
3,4,native,32,de9bc46361a35cd3e0d6c27de0dbdad6c664eb4c2badb90f878871f92a1dff53,owner-de9bc46361a35cd3e0d6c27de0dbdad6c664eb4c2badb90f878871f92a1dff53,9,241444663050388,241445026416027,241445026777330,363365639,363726942
3,4,native,32,e01c2224b03f986d55187c32d757a561f4e47203cf6a3fa19bcb99befad1a442,owner-e01c2224b03f986d55187c32d757a561f4e47203cf6a3fa19bcb99befad1a442,9,241445125267488,241445525807684,241445526206323,400540196,400938835
3,5,lsf,32,2d1c09f965e7c1dada8e5aeb8e9cb3498d27c9aadd5112c4863b86bec58b1c04,owner-2d1c09f965e7c1dada8e5aeb8e9cb3498d27c9aadd5112c4863b86bec58b1c04,9,241465660763014,241465950217370,241465982433865,289454356,321670851
4,0,lsf,8,101ac447d6742b1139061af3006bf7e376ce5a0ca8a9eeaefebe84e0468cd8d1,owner-101ac447d6742b1139061af3006bf7e376ce5a0ca8a9eeaefebe84e0468cd8d1,9,241470405059090,241470689069668,241470710902710,284010578,305843620
4,1,native,8,5321607e035b8e3bf7b79bd4f2e45123017672daadf2eedefa7a6638f44da1ac,owner-5321607e035b8e3bf7b79bd4f2e45123017672daadf2eedefa7a6638f44da1ac,9,241473006951930,241473275307686,241473275714819,268355756,268762889
4,1,native,8,3b4f738f13096514ec0ec29a2eda329ddea019ac0ad610d224a965333e584307,owner-3b4f738f13096514ec0ec29a2eda329ddea019ac0ad610d224a965333e584307,9,241473362159514,241473605224655,241473605634828,243065141,243475314
4,1,native,8,0863e2ce990bcb0a62c78e6a9f2a10ec94929746f453e380027428a04eafb6f2,owner-0863e2ce990bcb0a62c78e6a9f2a10ec94929746f453e380027428a04eafb6f2,9,241473703040223,241473968423774,241473968710112,265383551,265669889
4,1,native,8,a340fa01cd05af793e82f17bb3bf76e7c423d5bee328f56673889d9532fddf53,owner-a340fa01cd05af793e82f17bb3bf76e7c423d5bee328f56673889d9532fddf53,9,241474059763005,241474343269781,241474343548262,283506776,283785257
4,1,native,8,aa0ace49b5087357da5b727741437a1f1a605f2f1601e7380004a32d75e0e14b,owner-aa0ace49b5087357da5b727741437a1f1a605f2f1601e7380004a32d75e0e14b,9,241474435167642,241474699671218,241474699963688,264503576,264796046
4,1,native,8,eb129a8adcb00d6b7aa2dc6085840104f364002202fc4b2d86764fd089642fc1,owner-eb129a8adcb00d6b7aa2dc6085840104f364002202fc4b2d86764fd089642fc1,9,241474787202054,241475057370031,241475057670885,270167977,270468831
4,1,native,8,d2a0ff6b55ead8c8e1e161b468944367f9abb3c2b0f3b2ec1e8b338bf44f6878,owner-d2a0ff6b55ead8c8e1e161b468944367f9abb3c2b0f3b2ec1e8b338bf44f6878,9,241475161068276,241475455522263,241475455940019,294453987,294871743
4,1,native,8,a7529ff63444ace44459e7402e43a3281ede438c48040aa6dfda27428ec1b9d7,owner-a7529ff63444ace44459e7402e43a3281ede438c48040aa6dfda27428ec1b9d7,9,241475550220476,241475853068570,241475853590921,302848094,303370445
4,2,native,32,211a873a161b32fe9cb3308043db8bf1ed1ad7ba74f22f50510a2c47a444b4dd,owner-211a873a161b32fe9cb3308043db8bf1ed1ad7ba74f22f50510a2c47a444b4dd,9,241481623148676,241482090623064,241482091233676,467474388,468085000
4,2,native,32,6bc415a7f17128d1b8c172c8615db62346886ab19e61f9f8304e7731dd2a1177,owner-6bc415a7f17128d1b8c172c8615db62346886ab19e61f9f8304e7731dd2a1177,9,241482201465456,241482479701734,241482480070493,278236278,278605037
4,2,native,32,58b58216b8a46282e40b585b0accaae339747d0dbc7f128136f8682e9366dc64,owner-58b58216b8a46282e40b585b0accaae339747d0dbc7f128136f8682e9366dc64,9,241482558441650,241482915891731,241482916265361,357450081,357823711
4,2,native,32,97953d5b7732294cb4611892a995d5ff961a89e133bc82caf377dca15a778a00,owner-97953d5b7732294cb4611892a995d5ff961a89e133bc82caf377dca15a778a00,9,241482998236255,241483417323209,241483417724240,419086954,419487985
4,2,native,32,bc7b678d585a002497870ae8759eee5f44309cafcc7aa8d4d4c19958725c8a8f,owner-bc7b678d585a002497870ae8759eee5f44309cafcc7aa8d4d4c19958725c8a8f,9,241483497910494,241483955398065,241483955854173,457487571,457943679
4,2,native,32,1ff942ab821b3224f8b479c1a5d06879d3160ea6c7616b6ca6b49085b67b4777,owner-1ff942ab821b3224f8b479c1a5d06879d3160ea6c7616b6ca6b49085b67b4777,9,241484081078535,241484422091029,241484422621393,341012494,341542858
4,2,native,32,4f95fc72052000a195b9074a47d2b50a7e16053814ef1d8b2448205bf4953185,owner-4f95fc72052000a195b9074a47d2b50a7e16053814ef1d8b2448205bf4953185,9,241484504524443,241484867896957,241484868260972,363372514,363736529
4,2,native,32,ca7f84bc6ceb473ab154bc9b88bfc832deb9de5b2d0e4fe008095c8c9c51c6c0,owner-ca7f84bc6ceb473ab154bc9b88bfc832deb9de5b2d0e4fe008095c8c9c51c6c0,9,241484947937414,241485220880943,241485221611273,272943529,273673859
4,2,native,32,8d82ec70d2001e6dbd122c32ec31b8f850d23e913e691fa2e9d189666d2fe82c,owner-8d82ec70d2001e6dbd122c32ec31b8f850d23e913e691fa2e9d189666d2fe82c,9,241485303773014,241485658869531,241485659221992,355096517,355448978
4,2,native,32,a09b3c26baaa3e9ab259f76348315d3eb1553cbaad04a9a0d9f8a4d118c684d2,owner-a09b3c26baaa3e9ab259f76348315d3eb1553cbaad04a9a0d9f8a4d118c684d2,9,241485737384089,241486076640366,241486077078519,339256277,339694430
4,2,native,32,2cf197bf11fc83f2b142735284c97a9a718cc2d37b23f57af4003ea4c718632e,owner-2cf197bf11fc83f2b142735284c97a9a718cc2d37b23f57af4003ea4c718632e,9,241486176374378,241486442322909,241486442660384,265948531,266286006
4,2,native,32,96cc174f50c9e94f8449f9cbc37d54aef35b6a0fd7eb360abd4ee2914daf6fc4,owner-96cc174f50c9e94f8449f9cbc37d54aef35b6a0fd7eb360abd4ee2914daf6fc4,8,241486529319507,241486903208632,241486903603282,373889125,374283775
4,2,native,32,6badfce88b7e002de073016849d50cada19e723f874a7c39cc0fb4f5c8bd1124,owner-6badfce88b7e002de073016849d50cada19e723f874a7c39cc0fb4f5c8bd1124,9,241487049386332,241487674213863,241487674802655,624827531,625416323
4,2,native,32,315706145f4779fb49e02d718c206dd7cfdb335f34ee9f92fea5260f8e7e5f6a,owner-315706145f4779fb49e02d718c206dd7cfdb335f34ee9f92fea5260f8e7e5f6a,10,241487774933114,241488260756811,241488261066856,485823697,486133742
4,2,native,32,fb64ecdc36cf4f2f3687dee391a9a5d257808b16758b1a5ecfc83b4d1dec799a,owner-fb64ecdc36cf4f2f3687dee391a9a5d257808b16758b1a5ecfc83b4d1dec799a,9,241488355100153,241488768089852,241488768507649,412989699,413407496
4,2,native,32,619b0b3a0baef996a831c95fe4d677d2d43d9686fbd5fbbae14e970e0abd0e86,owner-619b0b3a0baef996a831c95fe4d677d2d43d9686fbd5fbbae14e970e0abd0e86,9,241488863302770,241489277145236,241489277549753,413842466,414246983
4,2,native,32,d9fd4f977050525e30e98146e37f798f79baa4fb33439788f15dadaf3618896e,owner-d9fd4f977050525e30e98146e37f798f79baa4fb33439788f15dadaf3618896e,9,241489381075591,241489901353863,241489901899946,520278272,520824355
4,2,native,32,983fe7894748a146485fbb5015a89f68a78259f22a1a19fcfce3c6eaf9ad3b6e,owner-983fe7894748a146485fbb5015a89f68a78259f22a1a19fcfce3c6eaf9ad3b6e,9,241489996634726,241490355771158,241490356626681,359136432,359991955
4,2,native,32,81c478b9ce5522210664cb5266cadb90480681290f224b46b15f63edf870f00e,owner-81c478b9ce5522210664cb5266cadb90480681290f224b46b15f63edf870f00e,9,241490449194396,241490822743811,241490907608943,373549415,458414547
4,2,native,32,3cca9a09ddd4ac3d81e4d22add088cb771eea19f60506711fd02dd24d08ec624,owner-3cca9a09ddd4ac3d81e4d22add088cb771eea19f60506711fd02dd24d08ec624,9,241490990614337,241491309618602,241491309973457,319004265,319359120
4,2,native,32,e56b2dfe236c73ffc028bd063719945f99ef39b58a1de17544557d88b6b882c1,owner-e56b2dfe236c73ffc028bd063719945f99ef39b58a1de17544557d88b6b882c1,9,241491387817607,241491723549777,241491723872064,335732170,336054457
4,2,native,32,2e85844fcf73c8b040d5a720888dc0914b22ffbadd42b9ceb56cf188213f7ac2,owner-2e85844fcf73c8b040d5a720888dc0914b22ffbadd42b9ceb56cf188213f7ac2,9,241491838646357,241492161778954,241492162189187,323132597,323542830
4,2,native,32,c45efbd015793baa491485e258882cf43095c084ff7975d050ed2baa2ff5f40a,owner-c45efbd015793baa491485e258882cf43095c084ff7975d050ed2baa2ff5f40a,9,241492253022582,241492709358915,241492709773430,456336333,456750848
4,2,native,32,e591fc3c47c08fe1bc2e25ff6be0c5cbee583d3eb3ee5b9a2958299d172c2e51,owner-e591fc3c47c08fe1bc2e25ff6be0c5cbee583d3eb3ee5b9a2958299d172c2e51,9,241492813792401,241493437259091,241493501544876,623466690,687752475
4,2,native,32,91ae6d69beda631c529b5d5c5165ef330d0111e1d4abf2cf6e66a04a7de792d6,owner-91ae6d69beda631c529b5d5c5165ef330d0111e1d4abf2cf6e66a04a7de792d6,9,241493610894252,241494049894862,241494050196616,439000610,439302364
4,2,native,32,a5936706a3eba1b1bed784414ed41ce0bec1a181bd47c0b22cd102068acecba3,owner-a5936706a3eba1b1bed784414ed41ce0bec1a181bd47c0b22cd102068acecba3,9,241494127208426,241494499209696,241494499587070,372001270,372378644
4,2,native,32,0fbd3bbe9dd07eb855d37d0b26f1e157a7f2ea150eca2955daa3d6227372271e,owner-0fbd3bbe9dd07eb855d37d0b26f1e157a7f2ea150eca2955daa3d6227372271e,9,241494578952749,241495029640849,241495030133780,450688100,451181031
4,2,native,32,773b93140ed2ee00efd264870cae202633da49b629b65522f04cceb9c3c2b336,owner-773b93140ed2ee00efd264870cae202633da49b629b65522f04cceb9c3c2b336,9,241495134729326,241495536446537,241495536804919,401717211,402075593
4,2,native,32,b37932a034aac1135026e3e9b522db804d45f6be4fcc1d6e2e7c054cfb0f430c,owner-b37932a034aac1135026e3e9b522db804d45f6be4fcc1d6e2e7c054cfb0f430c,9,241495614698679,241495928761491,241495929050586,314062812,314351907
4,2,native,32,64a6414864e2b2dc661d0d7685259afdc0bf4776d151beeaf3227924f3b4d0e3,owner-64a6414864e2b2dc661d0d7685259afdc0bf4776d151beeaf3227924f3b4d0e3,9,241496029653014,241496318728598,241496319006655,289075584,289353641
4,2,native,32,d1cb3437c23000cb0bed72a9598dea611f5b65ff9852a40e521bc7f1611a6b1b,owner-d1cb3437c23000cb0bed72a9598dea611f5b65ff9852a40e521bc7f1611a6b1b,9,241496407001020,241496892643072,241496893148465,485642052,486147445
4,2,native,32,545892ee25df6e52205e4ae9c8a7681a4334d08403939b735e106210ed76e68d,owner-545892ee25df6e52205e4ae9c8a7681a4334d08403939b735e106210ed76e68d,9,241496982883334,241497371591408,241497371973106,388708074,389089772
4,3,lsf,32,7d6973cd6ea6f335697f8eedf85568e3dff41e9d0b200ad1138c7a33a1d52943,owner-7d6973cd6ea6f335697f8eedf85568e3dff41e9d0b200ad1138c7a33a1d52943,9,241517908838651,241518186581775,241518218339237,277743124,309500586
4,4,lsf,1,f28d9da2b9f1b0bcead7abb069bdceda9c161fd0b12672f55bf707d19068a23e,owner-f28d9da2b9f1b0bcead7abb069bdceda9c161fd0b12672f55bf707d19068a23e,9,241521586304244,241521885592998,241521885868935,299288754,299564691
4,5,native,1,3db85b57eb77b2996c659f8fb510f5e12c03dd87321eca945dcee99450334483,owner-3db85b57eb77b2996c659f8fb510f5e12c03dd87321eca945dcee99450334483,9,241524020823063,241524310739741,241524311036943,289916678,290213880
5,0,native,32,7957d1f7347b3bf65cbedd834b33c80cd23d5c3629b2e58b381e2cf6a369259d,owner-7957d1f7347b3bf65cbedd834b33c80cd23d5c3629b2e58b381e2cf6a369259d,9,241527389048717,241527800246273,241527800678055,411197556,411629338
5,0,native,32,35a31b25926df2d0637d1f516a0bbafe9f94fc4006a42f0b3a70cbb21190398b,owner-35a31b25926df2d0637d1f516a0bbafe9f94fc4006a42f0b3a70cbb21190398b,9,241527880665531,241528332935443,241528333311137,452269912,452645606
5,0,native,32,fb6332dca7b42d59c0d8c26d30fd4a50f8a17b6df42ee47104c56c639977cac0,owner-fb6332dca7b42d59c0d8c26d30fd4a50f8a17b6df42ee47104c56c639977cac0,9,241528425251887,241528782983627,241528783415482,357731740,358163595
5,0,native,32,82924a09c52438e2bd5826e3ba824aca0aa5dcd2437af1af866b0878f463b836,owner-82924a09c52438e2bd5826e3ba824aca0aa5dcd2437af1af866b0878f463b836,9,241528869198076,241529335528611,241529336314859,466330535,467116783
5,0,native,32,132399785a245f17c50d84405bd871ba8182716a8fce2c650204e4002202d0e7,owner-132399785a245f17c50d84405bd871ba8182716a8fce2c650204e4002202d0e7,9,241529429015693,241529695995149,241529696386425,266979456,267370732
5,0,native,32,0af0ab027dbb109d023c3fa277b6ef47d4ffac9aaa1b1280df3f6e323755da2e,owner-0af0ab027dbb109d023c3fa277b6ef47d4ffac9aaa1b1280df3f6e323755da2e,9,241529787579238,241530162681478,241530163055761,375102240,375476523
5,0,native,32,f96c91f6d13753c6da0d5edbba3b01b8cef057748678802f16d4e44a67bae7bf,owner-f96c91f6d13753c6da0d5edbba3b01b8cef057748678802f16d4e44a67bae7bf,9,241530247898536,241530513055601,241530513584625,265157065,265686089
5,0,native,32,95079037aa2316f77071c9531d9d47a6078421f835a3015d1ffc4614b56973c5,owner-95079037aa2316f77071c9531d9d47a6078421f835a3015d1ffc4614b56973c5,9,241530599360308,241530894739880,241530895039427,295379572,295679119
5,0,native,32,3773961442bed55638a5f5fb4278b216b47c177dc8943b83c2678e6d319fa229,owner-3773961442bed55638a5f5fb4278b216b47c177dc8943b83c2678e6d319fa229,9,241530977188288,241531392291011,241531392609958,415102723,415421670
5,0,native,32,ca4f1186c8c338ddc7855d798345c71759cf3adc1bfe29174489f491358e0334,owner-ca4f1186c8c338ddc7855d798345c71759cf3adc1bfe29174489f491358e0334,9,241531471823472,241531772599786,241531825376371,300776314,353552899
5,0,native,32,7d6a4dec8d288a39a4fc5a5b27e1cfdb59f0379f16d1dd1e82240eaa3c3409bb,owner-7d6a4dec8d288a39a4fc5a5b27e1cfdb59f0379f16d1dd1e82240eaa3c3409bb,9,241531906584346,241532168506869,241532168832279,261922523,262247933
5,0,native,32,144c0b2e5960532b5579b5d071fd84c86e6d9d305e5c31e8ba1ab9b6cf543937,owner-144c0b2e5960532b5579b5d071fd84c86e6d9d305e5c31e8ba1ab9b6cf543937,9,241532257408759,241532591478458,241532591854911,334069699,334446152
5,0,native,32,08b764f802824fef7e8cbc960cbfb99f479fb9317bf01075696a5eb32f9dfb83,owner-08b764f802824fef7e8cbc960cbfb99f479fb9317bf01075696a5eb32f9dfb83,9,241532665816928,241533005422970,241533005730669,339606042,339913741
5,0,native,32,2180477b5dc8a0fb7839fa7b5f3038b635746d872f3383c363a5259cbc0aec70,owner-2180477b5dc8a0fb7839fa7b5f3038b635746d872f3383c363a5259cbc0aec70,9,241533097882838,241533521132066,241533521394738,423249228,423511900
5,0,native,32,8a8fb49403bdeb2192ab2f087242fec1fc8d255c4aebba07a05e585d12dd9245,owner-8a8fb49403bdeb2192ab2f087242fec1fc8d255c4aebba07a05e585d12dd9245,9,241533616900149,241534040907113,241534041363501,424006964,424463352
5,0,native,32,dbc176e96311d57dfe6ed7376705d09e192202e8f4468ed4a41c245912637dca,owner-dbc176e96311d57dfe6ed7376705d09e192202e8f4468ed4a41c245912637dca,9,241534124913320,241534603018134,241534603417876,478104814,478504556
5,0,native,32,b7f85f1e00253ddac7de7015b9bed4bb08c96cd38316a3e02d0ddc2b41a60d81,owner-b7f85f1e00253ddac7de7015b9bed4bb08c96cd38316a3e02d0ddc2b41a60d81,9,241534689977133,241535087020006,241535087438983,397042873,397461850
5,0,native,32,bf250d3eda8e3e8dedd2499b83a3265bfefb86a5f6ca79da529fb2490f201805,owner-bf250d3eda8e3e8dedd2499b83a3265bfefb86a5f6ca79da529fb2490f201805,9,241535173601059,241535494510446,241535494798673,320909387,321197614
5,0,native,32,6730feca45394e2765044100fabef2785efe42ca5a95937c851fb2c98f035efb,owner-6730feca45394e2765044100fabef2785efe42ca5a95937c851fb2c98f035efb,9,241535576241175,241536053763184,241536054213823,477522009,477972648
5,0,native,32,1df4bc61432441aec1bc83a689639843cead625ca0dfd45bb52d65ad46779bc1,owner-1df4bc61432441aec1bc83a689639843cead625ca0dfd45bb52d65ad46779bc1,9,241536145544892,241536568827826,241536569103493,423282934,423558601
5,0,native,32,a4decc3ff42df1562db10d3f4b9c55f44f5540f463eaeff7ce5838cc46ae63b5,owner-a4decc3ff42df1562db10d3f4b9c55f44f5540f463eaeff7ce5838cc46ae63b5,9,241536650079765,241536977769829,241536978050973,327690064,327971208
5,0,native,32,458177a87f558a9ab60cda8cdbb6dec2e962caed2ee5c6002b0a255ae1417080,owner-458177a87f558a9ab60cda8cdbb6dec2e962caed2ee5c6002b0a255ae1417080,9,241537061132814,241537360814476,241537361092771,299681662,299959957
5,0,native,32,86f3f58583bba37d474f0ca4200c517ad1e5ecdb7748769df6de38cc10b6584b,owner-86f3f58583bba37d474f0ca4200c517ad1e5ecdb7748769df6de38cc10b6584b,9,241537443926490,241537769907751,241537770372948,325981261,326446458
5,0,native,32,c669b28263e1e2d2f3ed3f2b7c23454aa103948a7f8b977b0081c789a2f3635b,owner-c669b28263e1e2d2f3ed3f2b7c23454aa103948a7f8b977b0081c789a2f3635b,9,241537858630997,241538281183763,241538281495331,422552766,422864334
5,0,native,32,f6b2248d2f3ac0ae7c228235e2442016caf46d77bac2adb97b1b17e59cf0e706,owner-f6b2248d2f3ac0ae7c228235e2442016caf46d77bac2adb97b1b17e59cf0e706,9,241538364318634,241538787064502,241538787331586,422745868,423012952
5,0,native,32,df42c5b41d615f7d3d7b2bd34580b829c3e45c24abcd51fed8c2e22c1ab2ed28,owner-df42c5b41d615f7d3d7b2bd34580b829c3e45c24abcd51fed8c2e22c1ab2ed28,9,241538866015322,241539166136622,241539166483418,300121300,300468096
5,0,native,32,0d9b8152920fc808c6278c17f2cd05bd492189b22442c17af4edc8a9a57aa8d2,owner-0d9b8152920fc808c6278c17f2cd05bd492189b22442c17af4edc8a9a57aa8d2,9,241539251741640,241539654173127,241539654469844,402431487,402728204
5,0,native,32,e68825523ae116a08e2ee4a0a8a1ad51cbf8ed9ebebd5b4ff618b1933f55058e,owner-e68825523ae116a08e2ee4a0a8a1ad51cbf8ed9ebebd5b4ff618b1933f55058e,9,241539742107219,241540049308330,241540049696301,307201111,307589082
5,0,native,32,c916c397737b19d73bb6e240d4d3c9b70a679035f187b51598b05002ae796eb0,owner-c916c397737b19d73bb6e240d4d3c9b70a679035f187b51598b05002ae796eb0,9,241540132526761,241540550328533,241540550786924,417801772,418260163
5,0,native,32,740a8377912d82094b9dd41ab4749406bff4f0e7990ce4e00dda784d079b44c9,owner-740a8377912d82094b9dd41ab4749406bff4f0e7990ce4e00dda784d079b44c9,9,241540638682926,241540996840177,241540997117285,358157251,358434359
5,0,native,32,4e579822c7ea343fd51f61ef1a23d60e80b5cb38c68ab80d6a94f806fa27aa79,owner-4e579822c7ea343fd51f61ef1a23d60e80b5cb38c68ab80d6a94f806fa27aa79,9,241541076826836,241541410417330,241541410722577,333590494,333895741
5,0,native,32,94feb839157886006dbeb7c976bf7651a6c79339fd93e0ad874106f4f35eab1b,owner-94feb839157886006dbeb7c976bf7651a6c79339fd93e0ad874106f4f35eab1b,9,241541503485864,241541855709089,241541856120718,352223225,352634854
5,1,lsf,32,07a15c2e3fc7c496be0818e761c6230e4177bb0c6b52a4a1a3929707390982f2,owner-07a15c2e3fc7c496be0818e761c6230e4177bb0c6b52a4a1a3929707390982f2,9,241561257510420,241561538835269,241561570404484,281324849,312894064
5,2,lsf,1,d7add89e17097f53c71ad521f8cf42e46a6d4b0da0fbb3e50d4670383c8ae0b6,owner-d7add89e17097f53c71ad521f8cf42e46a6d4b0da0fbb3e50d4670383c8ae0b6,9,241565049084435,241565318481276,241565329406323,269396841,280321888
5,3,native,1,ca6ac73f6950e3237115ae06d6956e592328adb2e095d302bf5fd370a51944a0,owner-ca6ac73f6950e3237115ae06d6956e592328adb2e095d302bf5fd370a51944a0,9,241567486503407,241567738153601,241567738468730,251650194,251965323
5,4,native,8,9b0058fd460cbac0098882cd2c462667636216f26514fb621203ad324ea891e1,owner-9b0058fd460cbac0098882cd2c462667636216f26514fb621203ad324ea891e1,10,241569706992261,241569972867253,241569973421297,265874992,266429036
5,4,native,8,f675c2b8482ecf70064cd51cda260998389fdf256489636397a3cc9af265458d,owner-f675c2b8482ecf70064cd51cda260998389fdf256489636397a3cc9af265458d,9,241570061415615,241570400525021,241570400860039,339109406,339444424
5,4,native,8,f5ab01a8bf05ac68f2de8e4f26e6a07fac723b49f6b4bf26cda7adb52a8ae49d,owner-f5ab01a8bf05ac68f2de8e4f26e6a07fac723b49f6b4bf26cda7adb52a8ae49d,9,241570493239770,241570789084229,241570789456869,295844459,296217099
5,4,native,8,2dce948dc55de9e0a28f8d45e8513d2af6b8efffd678cbbbdfb360aade58f171,owner-2dce948dc55de9e0a28f8d45e8513d2af6b8efffd678cbbbdfb360aade58f171,9,241570870531722,241571118886024,241571119333039,248354302,248801317
5,4,native,8,9779b943b3ac87ca9cb5b0d8edbaacbbdc4d10f50c956044e4d15085785ee05c,owner-9779b943b3ac87ca9cb5b0d8edbaacbbdc4d10f50c956044e4d15085785ee05c,9,241571198993214,241571497570590,241571497878680,298577376,298885466
5,4,native,8,9207de864110953351b0fea4994977d455459dbc086c50ab77fc1945424848cb,owner-9207de864110953351b0fea4994977d455459dbc086c50ab77fc1945424848cb,9,241571573827831,241571852525916,241571852848215,278698085,279020384
5,4,native,8,bfc33228e4ad2bf3a69619751abadceb19661293f00fd21a7fc82d6126674e40,owner-bfc33228e4ad2bf3a69619751abadceb19661293f00fd21a7fc82d6126674e40,9,241571947234944,241572211259339,241572211537174,264024395,264302230
5,4,native,8,a6a48758cffe1d53d2f07966614d8983ddfd00c4e9d7fb770a1440d5c9ef0b46,owner-a6a48758cffe1d53d2f07966614d8983ddfd00c4e9d7fb770a1440d5c9ef0b46,10,241572286141269,241572545430358,241572545904787,259289089,259763518
5,5,lsf,8,9d8f33c545ce57871b6c1f87a5e3c4cb3844bf95e0aa207dbb8dfd83da5c64b6,owner-9d8f33c545ce57871b6c1f87a5e3c4cb3844bf95e0aa207dbb8dfd83da5c64b6,9,241578222556632,241578509877995,241578520722976,287321363,298166344
6,0,lsf,1,1bc85ca1d1bd830eace4b4debc2b314eb55d82e2a9be39e93c728e4927a2af95,owner-1bc85ca1d1bd830eace4b4debc2b314eb55d82e2a9be39e93c728e4927a2af95,9,241581909062454,241582195418944,241582195854472,286356490,286792018
6,1,native,1,525c6d790a143f180a09ffac117df176fb5b819d917d5f93a4cff75f6221c3e6,owner-525c6d790a143f180a09ffac117df176fb5b819d917d5f93a4cff75f6221c3e6,9,241584421733594,241584699048192,241584699366929,277314598,277633335
6,2,native,8,f1f0190b5aa0e4189e0c837a25994315ded17a46d13c930b81a07dd86a2fa286,owner-f1f0190b5aa0e4189e0c837a25994315ded17a46d13c930b81a07dd86a2fa286,9,241586835548566,241587105299201,241587105788269,269750635,270239703
6,2,native,8,04cc9cb51297109fa347b30ff8921902703db390214641b1423b46a6205c7c54,owner-04cc9cb51297109fa347b30ff8921902703db390214641b1423b46a6205c7c54,9,241587187898010,241587443581767,241587443891678,255683757,255993668
6,2,native,8,fbe56a7776192ab4cfb3b420c82989e84487071b30636b7d272b90ad4e9256f7,owner-fbe56a7776192ab4cfb3b420c82989e84487071b30636b7d272b90ad4e9256f7,9,241587520457245,241587804404944,241587804815134,283947699,284357889
6,2,native,8,3a8ccaba82f57142a0a5ae12894473a6aea017a7cc67fed7b8a0634dc0e9ecf9,owner-3a8ccaba82f57142a0a5ae12894473a6aea017a7cc67fed7b8a0634dc0e9ecf9,9,241587888094106,241588146935513,241588147261262,258841407,259167156
6,2,native,8,59aa2b93ec51e86a4c3e4719222970d68070f373c989e113d4137d9ed31a2b05,owner-59aa2b93ec51e86a4c3e4719222970d68070f373c989e113d4137d9ed31a2b05,10,241588228146782,241588512510045,241588512843956,284363263,284697174
6,2,native,8,efdb57d0d385158aacd852028bd4adf57d3694503b2e571d31a66d03c0e2cb96,owner-efdb57d0d385158aacd852028bd4adf57d3694503b2e571d31a66d03c0e2cb96,9,241588592802575,241588875395321,241588875773765,282592746,282971190
6,2,native,8,b09d1d9d521ce36939f9ede249bd45a365a3f9f5d01dac541941f2d52ef02a7e,owner-b09d1d9d521ce36939f9ede249bd45a365a3f9f5d01dac541941f2d52ef02a7e,9,241588956381147,241589189981702,241589190379069,233600555,233997922
6,2,native,8,22247560aa35912ff560822303cbf4f9c3a0f86bae1a9cbe4ad5bd084354a4b0,owner-22247560aa35912ff560822303cbf4f9c3a0f86bae1a9cbe4ad5bd084354a4b0,9,241589273013409,241589549331254,241589549638234,276317845,276624825
6,3,lsf,8,09006c878c0437c427d5ef58d10cecc159801b652ba6718c7eb58dd13bfa13b0,owner-09006c878c0437c427d5ef58d10cecc159801b652ba6718c7eb58dd13bfa13b0,9,241595403720417,241595673644441,241595684436111,269924024,280715694
6,4,lsf,32,9f8e8c6a1597e75bfe05291a3ca3f20230fc3286fbb15d1d575c0cd901143f17,owner-9f8e8c6a1597e75bfe05291a3ca3f20230fc3286fbb15d1d575c0cd901143f17,9,241598483386411,241598738619216,241598770854318,255232805,287467907
6,5,native,32,7a1ca8a98c908b71a6d30dbf6ffa3916d5f7e03ea79499d91e51eb63fbbead9f,owner-7a1ca8a98c908b71a6d30dbf6ffa3916d5f7e03ea79499d91e51eb63fbbead9f,9,241602671552633,241603152419874,241603152748716,480867241,481196083
6,5,native,32,7f71f59cc44bf73789ef6c0e2977aa4f7b4655b5b68a00b2386c4eb927914b28,owner-7f71f59cc44bf73789ef6c0e2977aa4f7b4655b5b68a00b2386c4eb927914b28,9,241603238539453,241603587898058,241603661079518,349358605,422540065
6,5,native,32,65e94b3dad6478eef4c9e5040de7a6a132312d7cdb6a1a214f786c0ac5fe9a0f,owner-65e94b3dad6478eef4c9e5040de7a6a132312d7cdb6a1a214f786c0ac5fe9a0f,9,241603741689751,241604181627124,241604182147166,439937373,440457415
6,5,native,32,784335303b67b87eb86117c08a29aaf284ca31167a56fa030bc8faa8383597c1,owner-784335303b67b87eb86117c08a29aaf284ca31167a56fa030bc8faa8383597c1,9,241604284712643,241604724726844,241604725079866,440014201,440367223
6,5,native,32,82e589eea34ef2fb183fb39b51b305d6b04dc4ace482b7e1d66c75f209ac221a,owner-82e589eea34ef2fb183fb39b51b305d6b04dc4ace482b7e1d66c75f209ac221a,9,241604809591397,241605151086833,241605151364141,341495436,341772744
6,5,native,32,afa556d1daba9dbb1a745afdcf36692cef309a86714a43012d024db66a3e03e2,owner-afa556d1daba9dbb1a745afdcf36692cef309a86714a43012d024db66a3e03e2,9,241605230424051,241605664844257,241605665281566,434420206,434857515
6,5,native,32,17e98416f24a6438724776281fda4723868996fab11a658d7f574427399bcb9e,owner-17e98416f24a6438724776281fda4723868996fab11a658d7f574427399bcb9e,9,241605746140744,241606017941126,241606102769505,271800382,356628761
6,5,native,32,a1ac381b4a3c5a2fd56af1c95a1d7a77405ecfcfb77c0d814f0b89902f37b170,owner-a1ac381b4a3c5a2fd56af1c95a1d7a77405ecfcfb77c0d814f0b89902f37b170,9,241606184290168,241606453790864,241606454244000,269500696,269953832
6,5,native,32,3d73b984edded8f5392e453cd16febc0cce7985e9af71f13da0946569aa835b1,owner-3d73b984edded8f5392e453cd16febc0cce7985e9af71f13da0946569aa835b1,9,241606541713734,241606874881753,241606875329566,333168019,333615832
6,5,native,32,d533ec68c48a6dcd1cf7e63110269f70d7950ecd3c91f34f55ab779324acb94e,owner-d533ec68c48a6dcd1cf7e63110269f70d7950ecd3c91f34f55ab779324acb94e,9,241606961179835,241607459648345,241607459985695,498468510,498805860
6,5,native,32,cbee82595833320da033625e16fd702bd2621331b190559fa061b369c8a1a77b,owner-cbee82595833320da033625e16fd702bd2621331b190559fa061b369c8a1a77b,9,241607536963955,241607860802871,241607861092956,323838916,324129001
6,5,native,32,6a214af91936cce8e3d56adeb76714d9d173fbdcf11adb1cc0c466f0235caaab,owner-6a214af91936cce8e3d56adeb76714d9d173fbdcf11adb1cc0c466f0235caaab,9,241607937519453,241608371315320,241608371621037,433795867,434101584
6,5,native,32,57056641b1f49be685c1e1f27d4c8b7805b14ede8a6eb42f13f9d2b5706abe61,owner-57056641b1f49be685c1e1f27d4c8b7805b14ede8a6eb42f13f9d2b5706abe61,9,241608451883381,241608813062063,241608813441872,361178682,361558491
6,5,native,32,d6fcb4026f4f5949f2ec22b18deac5a04f06f1e9eca3e4dcff4a83381938245f,owner-d6fcb4026f4f5949f2ec22b18deac5a04f06f1e9eca3e4dcff4a83381938245f,9,241608896997989,241609308398053,241609308906449,411400064,411908460
6,5,native,32,eb9ab2e9a25071f5bb5548a745c9efa607a78e9f13f487ea62971e59c0b6d8b2,owner-eb9ab2e9a25071f5bb5548a745c9efa607a78e9f13f487ea62971e59c0b6d8b2,9,241609391461916,241609749131829,241609749432939,357669913,357971023
6,5,native,32,174ac6ddd9a02342cdc3237610d0f935f017c552f80ef12a9444ad0a30746810,owner-174ac6ddd9a02342cdc3237610d0f935f017c552f80ef12a9444ad0a30746810,9,241609842494059,241610290845477,241610291272307,448351418,448778248
6,5,native,32,30053278e962b657e132155cb4f1867a9a0696019c1b22950238986696acc198,owner-30053278e962b657e132155cb4f1867a9a0696019c1b22950238986696acc198,9,241610428914722,241610897823239,241610898228221,468908517,469313499
6,5,native,32,7491f58a2ed3d7d84d9b6c89fe7febc42d4c6a5c91862fab01e79614edb579c6,owner-7491f58a2ed3d7d84d9b6c89fe7febc42d4c6a5c91862fab01e79614edb579c6,9,241610989771602,241611407699700,241611408149585,417928098,418377983
6,5,native,32,9e5f2caebf3ffc7223356f5a33e51d459cc5c454c5b9143502e944812d9a75ba,owner-9e5f2caebf3ffc7223356f5a33e51d459cc5c454c5b9143502e944812d9a75ba,9,241611492730179,241611925102346,241611925386363,432372167,432656184
6,5,native,32,8f815f5c789a46f92b1ecf3f20a553979783c9c134ba8c48452f20b09c0dde6b,owner-8f815f5c789a46f92b1ecf3f20a553979783c9c134ba8c48452f20b09c0dde6b,9,241612021033652,241612360767540,241612361175059,339733888,340141407
6,5,native,32,a05af3aad1265d7570322e9cf8b2b47af578099c4067c5fd5ce343fb40edae22,owner-a05af3aad1265d7570322e9cf8b2b47af578099c4067c5fd5ce343fb40edae22,9,241612465096333,241612761723294,241612762131085,296626961,297034752
6,5,native,32,ac869f15e8961f34f887190bc605edad01278c9dd1b8cf958f00accde36b3a88,owner-ac869f15e8961f34f887190bc605edad01278c9dd1b8cf958f00accde36b3a88,9,241612840572056,241613222731580,241613223208781,382159524,382636725
6,5,native,32,f5eaaac4d94b47684a5a025602e63a176ac6a4c081dad276bfd4b9f54fecb9de,owner-f5eaaac4d94b47684a5a025602e63a176ac6a4c081dad276bfd4b9f54fecb9de,9,241613304944672,241613684833044,241613685134895,379888372,380190223
6,5,native,32,69c228596ad7b87ccb4c1b7791538ef8f18de4ef5fa74769fbfafef196d6f906,owner-69c228596ad7b87ccb4c1b7791538ef8f18de4ef5fa74769fbfafef196d6f906,10,241613760562214,241614144593011,241614144872069,384030797,384309855
6,5,native,32,ae67cdb23826525fbb76461a0b734e2a0ad1793bcf2fca134d9a42b18877f152,owner-ae67cdb23826525fbb76461a0b734e2a0ad1793bcf2fca134d9a42b18877f152,9,241614224398140,241614557346463,241614557644282,332948323,333246142
6,5,native,32,3c5f189c5b0920917a38d58b93053e720ce5dfab5ed54ddadefa86be9cdc244c,owner-3c5f189c5b0920917a38d58b93053e720ce5dfab5ed54ddadefa86be9cdc244c,9,241614643640281,241615003689194,241615004183672,360048913,360543391
6,5,native,32,3b8560afd51b89d8337693e4ea2c467e2b2dc366b0d824a4c3ddd992cbaeae9d,owner-3b8560afd51b89d8337693e4ea2c467e2b2dc366b0d824a4c3ddd992cbaeae9d,9,241615086761470,241615453587310,241615453920132,366825840,367158662
6,5,native,32,3aad16d8c7a0fd144a5d66919154cb731cbaf6a291400466420a4bc94c46b76a,owner-3aad16d8c7a0fd144a5d66919154cb731cbaf6a291400466420a4bc94c46b76a,9,241615532535196,241615905453600,241615905905443,372918404,373370247
6,5,native,32,143b2cc4140826999d1c9247f1345e14bf9cd42589f69cbb4de35b8054769745,owner-143b2cc4140826999d1c9247f1345e14bf9cd42589f69cbb4de35b8054769745,9,241616003160405,241616446516167,241616447254825,443355762,444094420
6,5,native,32,27801535e671dee607f8c5e3567cc0b0709c2e3bfcc1ddee49e9ed425a3acbd2,owner-27801535e671dee607f8c5e3567cc0b0709c2e3bfcc1ddee49e9ed425a3acbd2,9,241616550939085,241617002391002,241617002674044,451451917,451734959
6,5,native,32,f2002b97bbeb48c641a866b35fb04ffcc6834ecbe052aabced1787c23a0f2dd5,owner-f2002b97bbeb48c641a866b35fb04ffcc6834ecbe052aabced1787c23a0f2dd5,9,241617090573325,241617490967040,241617491294854,400393715,400721529
6,5,native,32,ee376fcd58bff379f955f77e99a6e927416f2fca2ccd57fd43e94fb3f7f54ced,owner-ee376fcd58bff379f955f77e99a6e927416f2fca2ccd57fd43e94fb3f7f54ced,10,241617571961937,241618003965660,241618004372424,432003723,432410487
