sequence_ordinal,repetition,variant,shape,populated_size,mode,operation,started_nanos,finished_nanos,elapsed_nanos,cpu_ticks,clock_ticks_per_second,cpu_seconds,cpu_scope,cpu_before,cpu_after,sampled_memory
0,1,control,distinct,100,initial,opening,104333475,151149604,46816129,0,100,0,actual-repository-opening-before-node-construction,"{""collector_finished_nanos"":""104331474"",""collector_started_nanos"":""104305689"",""pid"":""85049"",""start_time_ticks"":""22786672"",""system_ticks"":""0"",""user_ticks"":""0""}","{""collector_finished_nanos"":""151271674"",""collector_started_nanos"":""151150443"",""pid"":""85049"",""start_time_ticks"":""22786672"",""system_ticks"":""0"",""user_ticks"":""0""}","{""rss_max_bytes"":null,""sample_count"":""0"",""scope"":""fixed-100ms-source-samples-wholly-inside-operation-read-window"",""vm_hwm_max_bytes"":null}"
0,1,control,distinct,100,initial,seed,1698210850,1780342131,82131281,8,100,0.08,before-public-future-construction-through-result-return-before-projection-and-drop,"{""collector_finished_nanos"":""1698207077"",""collector_started_nanos"":""1698180503"",""pid"":""85049"",""start_time_ticks"":""22786672"",""system_ticks"":""15"",""user_ticks"":""13""}","{""collector_finished_nanos"":""1780388357"",""collector_started_nanos"":""1780343529"",""pid"":""85049"",""start_time_ticks"":""22786672"",""system_ticks"":""16"",""user_ticks"":""20""}","{""rss_max_bytes"":""16777216"",""sample_count"":""1"",""scope"":""fixed-100ms-source-samples-wholly-inside-operation-read-window"",""vm_hwm_max_bytes"":""16777216""}"
0,1,control,distinct,100,initial,unchanged-apply,1793844429,1847368821,53524392,5,100,0.05,before-public-future-construction-through-result-return-before-projection-and-drop,"{""collector_finished_nanos"":""1793843196"",""collector_started_nanos"":""1793823437"",""pid"":""85049"",""start_time_ticks"":""22786672"",""system_ticks"":""17"",""user_ticks"":""20""}","{""collector_finished_nanos"":""1847431564"",""collector_started_nanos"":""1847369749"",""pid"":""85049"",""start_time_ticks"":""22786672"",""system_ticks"":""18"",""user_ticks"":""24""}","{""rss_max_bytes"":""18132992"",""sample_count"":""1"",""scope"":""fixed-100ms-source-samples-wholly-inside-operation-read-window"",""vm_hwm_max_bytes"":""19296256""}"
0,1,control,distinct,100,initial,weight-update,1852140598,1914933339,62792741,7,100,0.07,before-public-future-construction-through-result-return-before-projection-and-drop,"{""collector_finished_nanos"":""1852139055"",""collector_started_nanos"":""1852120240"",""pid"":""85049"",""start_time_ticks"":""22786672"",""system_ticks"":""18"",""user_ticks"":""24""}","{""collector_finished_nanos"":""1914979406"",""collector_started_nanos"":""1914933838"",""pid"":""85049"",""start_time_ticks"":""22786672"",""system_ticks"":""20"",""user_ticks"":""29""}","{""rss_max_bytes"":""19566592"",""sample_count"":""1"",""scope"":""fixed-100ms-source-samples-wholly-inside-operation-read-window"",""vm_hwm_max_bytes"":""19574784""}"
0,1,control,distinct,100,initial,delete,1920803388,1981156391,60353003,5,100,0.05,before-public-future-construction-through-result-return-before-projection-and-drop,"{""collector_finished_nanos"":""1920800843"",""collector_started_nanos"":""1920759918"",""pid"":""85049"",""start_time_ticks"":""22786672"",""system_ticks"":""20"",""user_ticks"":""29""}","{""collector_finished_nanos"":""1981216953"",""collector_started_nanos"":""1981157258"",""pid"":""85049"",""start_time_ticks"":""22786672"",""system_ticks"":""21"",""user_ticks"":""33""}","{""rss_max_bytes"":null,""sample_count"":""0"",""scope"":""fixed-100ms-source-samples-wholly-inside-operation-read-window"",""vm_hwm_max_bytes"":null}"
0,1,control,distinct,100,initial,reapply,1985735089,2040652551,54917462,6,100,0.06,before-public-future-construction-through-result-return-before-projection-and-drop,"{""collector_finished_nanos"":""1985733680"",""collector_started_nanos"":""1985708622"",""pid"":""85049"",""start_time_ticks"":""22786672"",""system_ticks"":""21"",""user_ticks"":""33""}","{""collector_finished_nanos"":""2040799695"",""collector_started_nanos"":""2040654158"",""pid"":""85049"",""start_time_ticks"":""22786672"",""system_ticks"":""23"",""user_ticks"":""37""}","{""rss_max_bytes"":""18337792"",""sample_count"":""1"",""scope"":""fixed-100ms-source-samples-wholly-inside-operation-read-window"",""vm_hwm_max_bytes"":""19574784""}"
1,1,control,distinct,100,reopen,opening,104689462,231081134,126391672,9,100,0.09,actual-repository-opening-before-node-construction,"{""collector_finished_nanos"":""104686111"",""collector_started_nanos"":""104652339"",""pid"":""85065"",""start_time_ticks"":""22786954"",""system_ticks"":""0"",""user_ticks"":""0""}","{""collector_finished_nanos"":""231566823"",""collector_started_nanos"":""231082557"",""pid"":""85065"",""start_time_ticks"":""22786954"",""system_ticks"":""0"",""user_ticks"":""9""}","{""rss_max_bytes"":""13320192"",""sample_count"":""1"",""scope"":""fixed-100ms-source-samples-wholly-inside-operation-read-window"",""vm_hwm_max_bytes"":""13369344""}"
2,1,candidate,distinct,100,initial,opening,104583823,154185867,49602044,1,100,0.01,actual-repository-opening-before-node-construction,"{""collector_finished_nanos"":""104576020"",""collector_started_nanos"":""104539708"",""pid"":""85081"",""start_time_ticks"":""22787079"",""system_ticks"":""0"",""user_ticks"":""0""}","{""collector_finished_nanos"":""154263696"",""collector_started_nanos"":""154186556"",""pid"":""85081"",""start_time_ticks"":""22787079"",""system_ticks"":""1"",""user_ticks"":""0""}","{""rss_max_bytes"":null,""sample_count"":""0"",""scope"":""fixed-100ms-source-samples-wholly-inside-operation-read-window"",""vm_hwm_max_bytes"":null}"
2,1,candidate,distinct,100,initial,seed,1708671139,1769366439,60695300,5,100,0.05,before-public-future-construction-through-result-return-before-projection-and-drop,"{""collector_finished_nanos"":""1708669171"",""collector_started_nanos"":""1708656160"",""pid"":""85081"",""start_time_ticks"":""22787079"",""system_ticks"":""16"",""user_ticks"":""16""}","{""collector_finished_nanos"":""1769474003"",""collector_started_nanos"":""1769367471"",""pid"":""85081"",""start_time_ticks"":""22787079"",""system_ticks"":""17"",""user_ticks"":""20""}","{""rss_max_bytes"":null,""sample_count"":""0"",""scope"":""fixed-100ms-source-samples-wholly-inside-operation-read-window"",""vm_hwm_max_bytes"":null}"
2,1,candidate,distinct,100,initial,unchanged-apply,1787188427,1818926028,31737601,3,100,0.03,before-public-future-construction-through-result-return-before-projection-and-drop,"{""collector_finished_nanos"":""1787187394"",""collector_started_nanos"":""1787176932"",""pid"":""85081"",""start_time_ticks"":""22787079"",""system_ticks"":""18"",""user_ticks"":""21""}","{""collector_finished_nanos"":""1819003557"",""collector_started_nanos"":""1818927531"",""pid"":""85081"",""start_time_ticks"":""22787079"",""system_ticks"":""19"",""user_ticks"":""23""}","{""rss_max_bytes"":""17022976"",""sample_count"":""1"",""scope"":""fixed-100ms-source-samples-wholly-inside-operation-read-window"",""vm_hwm_max_bytes"":""17301504""}"
2,1,candidate,distinct,100,initial,weight-update,1825634320,1861440449,35806129,3,100,0.03,before-public-future-construction-through-result-return-before-projection-and-drop,"{""collector_finished_nanos"":""1825632380"",""collector_started_nanos"":""1825614158"",""pid"":""85081"",""start_time_ticks"":""22787079"",""system_ticks"":""20"",""user_ticks"":""23""}","{""collector_finished_nanos"":""1861530457"",""collector_started_nanos"":""1861441558"",""pid"":""85081"",""start_time_ticks"":""22787079"",""system_ticks"":""21"",""user_ticks"":""25""}","{""rss_max_bytes"":null,""sample_count"":""0"",""scope"":""fixed-100ms-source-samples-wholly-inside-operation-read-window"",""vm_hwm_max_bytes"":null}"
2,1,candidate,distinct,100,initial,delete,1868406916,1898016041,29609125,3,100,0.03,before-public-future-construction-through-result-return-before-projection-and-drop,"{""collector_finished_nanos"":""1868405469"",""collector_started_nanos"":""1868393813"",""pid"":""85081"",""start_time_ticks"":""22787079"",""system_ticks"":""21"",""user_ticks"":""25""}","{""collector_finished_nanos"":""1898065242"",""collector_started_nanos"":""1898017137"",""pid"":""85081"",""start_time_ticks"":""22787079"",""system_ticks"":""22"",""user_ticks"":""27""}","{""rss_max_bytes"":null,""sample_count"":""0"",""scope"":""fixed-100ms-source-samples-wholly-inside-operation-read-window"",""vm_hwm_max_bytes"":null}"
2,1,candidate,distinct,100,initial,reapply,1902782751,1933644514,30861763,3,100,0.03,before-public-future-construction-through-result-return-before-projection-and-drop,"{""collector_finished_nanos"":""1902781363"",""collector_started_nanos"":""1902761525"",""pid"":""85081"",""start_time_ticks"":""22787079"",""system_ticks"":""22"",""user_ticks"":""27""}","{""collector_finished_nanos"":""1933700325"",""collector_started_nanos"":""1933645542"",""pid"":""85081"",""start_time_ticks"":""22787079"",""system_ticks"":""23"",""user_ticks"":""29""}","{""rss_max_bytes"":""17285120"",""sample_count"":""1"",""scope"":""fixed-100ms-source-samples-wholly-inside-operation-read-window"",""vm_hwm_max_bytes"":""17301504""}"
3,1,candidate,distinct,100,reopen,opening,104747117,271817514,167070397,11,100,0.11,actual-repository-opening-before-node-construction,"{""collector_finished_nanos"":""104743955"",""collector_started_nanos"":""104704054"",""pid"":""85097"",""start_time_ticks"":""22787350"",""system_ticks"":""0"",""user_ticks"":""0""}","{""collector_finished_nanos"":""271990331"",""collector_started_nanos"":""271818704"",""pid"":""85097"",""start_time_ticks"":""22787350"",""system_ticks"":""1"",""user_ticks"":""10""}","{""rss_max_bytes"":""13377536"",""sample_count"":""1"",""scope"":""fixed-100ms-source-samples-wholly-inside-operation-read-window"",""vm_hwm_max_bytes"":""13377536""}"
4,1,candidate,shared,100,initial,opening,103434069,154392679,50958610,0,100,0,actual-repository-opening-before-node-construction,"{""collector_finished_nanos"":""103432339"",""collector_started_nanos"":""103414055"",""pid"":""85113"",""start_time_ticks"":""22787469"",""system_ticks"":""0"",""user_ticks"":""0""}","{""collector_finished_nanos"":""154517807"",""collector_started_nanos"":""154394614"",""pid"":""85113"",""start_time_ticks"":""22787469"",""system_ticks"":""0"",""user_ticks"":""0""}","{""rss_max_bytes"":null,""sample_count"":""0"",""scope"":""fixed-100ms-source-samples-wholly-inside-operation-read-window"",""vm_hwm_max_bytes"":null}"
4,1,candidate,shared,100,initial,seed,1503919472,1556563766,52644294,4,100,0.04,before-public-future-construction-through-result-return-before-projection-and-drop,"{""collector_finished_nanos"":""1503916666"",""collector_started_nanos"":""1503862744"",""pid"":""85113"",""start_time_ticks"":""22787469"",""system_ticks"":""16"",""user_ticks"":""13""}","{""collector_finished_nanos"":""1556673419"",""collector_started_nanos"":""1556565033"",""pid"":""85113"",""start_time_ticks"":""22787469"",""system_ticks"":""17"",""user_ticks"":""16""}","{""rss_max_bytes"":""16777216"",""sample_count"":""1"",""scope"":""fixed-100ms-source-samples-wholly-inside-operation-read-window"",""vm_hwm_max_bytes"":""16777216""}"
4,1,candidate,shared,100,initial,unchanged-apply,1574806188,1613768099,38961911,3,100,0.03,before-public-future-construction-through-result-return-before-projection-and-drop,"{""collector_finished_nanos"":""1574805135"",""collector_started_nanos"":""1574796311"",""pid"":""85113"",""start_time_ticks"":""22787469"",""system_ticks"":""18"",""user_ticks"":""17""}","{""collector_finished_nanos"":""1613818644"",""collector_started_nanos"":""1613768968"",""pid"":""85113"",""start_time_ticks"":""22787469"",""system_ticks"":""19"",""user_ticks"":""19""}","{""rss_max_bytes"":""17731584"",""sample_count"":""1"",""scope"":""fixed-100ms-source-samples-wholly-inside-operation-read-window"",""vm_hwm_max_bytes"":""17825792""}"
4,1,candidate,shared,100,initial,weight-update,1619745083,1651073909,31328826,3,100,0.03,before-public-future-construction-through-result-return-before-projection-and-drop,"{""collector_finished_nanos"":""1619743618"",""collector_started_nanos"":""1619732906"",""pid"":""85113"",""start_time_ticks"":""22787469"",""system_ticks"":""20"",""user_ticks"":""19""}","{""collector_finished_nanos"":""1651146118"",""collector_started_nanos"":""1651074979"",""pid"":""85113"",""start_time_ticks"":""22787469"",""system_ticks"":""21"",""user_ticks"":""21""}","{""rss_max_bytes"":null,""sample_count"":""0"",""scope"":""fixed-100ms-source-samples-wholly-inside-operation-read-window"",""vm_hwm_max_bytes"":null}"
4,1,candidate,shared,100,initial,delete,1657214907,1693797062,36582155,3,100,0.03,before-public-future-construction-through-result-return-before-projection-and-drop,"{""collector_finished_nanos"":""1657212312"",""collector_started_nanos"":""1657185208"",""pid"":""85113"",""start_time_ticks"":""22787469"",""system_ticks"":""21"",""user_ticks"":""21""}","{""collector_finished_nanos"":""1693851405"",""collector_started_nanos"":""1693798227"",""pid"":""85113"",""start_time_ticks"":""22787469"",""system_ticks"":""22"",""user_ticks"":""23""}","{""rss_max_bytes"":null,""sample_count"":""0"",""scope"":""fixed-100ms-source-samples-wholly-inside-operation-read-window"",""vm_hwm_max_bytes"":null}"
4,1,candidate,shared,100,initial,reapply,1699052978,1731707175,32654197,3,100,0.03,before-public-future-construction-through-result-return-before-projection-and-drop,"{""collector_finished_nanos"":""1699050953"",""collector_started_nanos"":""1699025326"",""pid"":""85113"",""start_time_ticks"":""22787469"",""system_ticks"":""22"",""user_ticks"":""23""}","{""collector_finished_nanos"":""1731767727"",""collector_started_nanos"":""1731708154"",""pid"":""85113"",""start_time_ticks"":""22787469"",""system_ticks"":""23"",""user_ticks"":""25""}","{""rss_max_bytes"":""17862656"",""sample_count"":""1"",""scope"":""fixed-100ms-source-samples-wholly-inside-operation-read-window"",""vm_hwm_max_bytes"":""17862656""}"
5,1,candidate,shared,100,reopen,opening,105406764,641101090,535694326,34,100,0.34,actual-repository-opening-before-node-construction,"{""collector_finished_nanos"":""105403615"",""collector_started_nanos"":""105358491"",""pid"":""85129"",""start_time_ticks"":""22787788"",""system_ticks"":""0"",""user_ticks"":""0""}","{""collector_finished_nanos"":""641286480"",""collector_started_nanos"":""641101918"",""pid"":""85129"",""start_time_ticks"":""22787788"",""system_ticks"":""9"",""user_ticks"":""25""}","{""rss_max_bytes"":""13111296"",""sample_count"":""5"",""scope"":""fixed-100ms-source-samples-wholly-inside-operation-read-window"",""vm_hwm_max_bytes"":""13111296""}"
6,1,control,shared,100,initial,opening,105801300,156274821,50473521,1,100,0.01,actual-repository-opening-before-node-construction,"{""collector_finished_nanos"":""105797581"",""collector_started_nanos"":""105752776"",""pid"":""85145"",""start_time_ticks"":""22787973"",""system_ticks"":""0"",""user_ticks"":""0""}","{""collector_finished_nanos"":""156348289"",""collector_started_nanos"":""156275818"",""pid"":""85145"",""start_time_ticks"":""22787973"",""system_ticks"":""1"",""user_ticks"":""0""}","{""rss_max_bytes"":null,""sample_count"":""0"",""scope"":""fixed-100ms-source-samples-wholly-inside-operation-read-window"",""vm_hwm_max_bytes"":null}"
6,1,control,shared,100,initial,seed,1743819142,1828323189,84504047,8,100,0.08,before-public-future-construction-through-result-return-before-projection-and-drop,"{""collector_finished_nanos"":""1743809155"",""collector_started_nanos"":""1743681734"",""pid"":""85145"",""start_time_ticks"":""22787973"",""system_ticks"":""23"",""user_ticks"":""10""}","{""collector_finished_nanos"":""1828443143"",""collector_started_nanos"":""1828324234"",""pid"":""85145"",""start_time_ticks"":""22787973"",""system_ticks"":""23"",""user_ticks"":""18""}","{""rss_max_bytes"":""19341312"",""sample_count"":""1"",""scope"":""fixed-100ms-source-samples-wholly-inside-operation-read-window"",""vm_hwm_max_bytes"":""19398656""}"
6,1,control,shared,100,initial,unchanged-apply,1844399353,1932350702,87951349,8,100,0.08,before-public-future-construction-through-result-return-before-projection-and-drop,"{""collector_finished_nanos"":""1844397409"",""collector_started_nanos"":""1844370185"",""pid"":""85145"",""start_time_ticks"":""22787973"",""system_ticks"":""24"",""user_ticks"":""19""}","{""collector_finished_nanos"":""1932464260"",""collector_started_nanos"":""1932351823"",""pid"":""85145"",""start_time_ticks"":""22787973"",""system_ticks"":""24"",""user_ticks"":""27""}","{""rss_max_bytes"":""18317312"",""sample_count"":""1"",""scope"":""fixed-100ms-source-samples-wholly-inside-operation-read-window"",""vm_hwm_max_bytes"":""19435520""}"
6,1,control,shared,100,initial,weight-update,1942031233,2043469265,101438032,9,100,0.09,before-public-future-construction-through-result-return-before-projection-and-drop,"{""collector_finished_nanos"":""1942026789"",""collector_started_nanos"":""1941892127"",""pid"":""85145"",""start_time_ticks"":""22787973"",""system_ticks"":""25"",""user_ticks"":""27""}","{""collector_finished_nanos"":""2043625013"",""collector_started_nanos"":""2043471606"",""pid"":""85145"",""start_time_ticks"":""22787973"",""system_ticks"":""25"",""user_ticks"":""36""}","{""rss_max_bytes"":""18296832"",""sample_count"":""1"",""scope"":""fixed-100ms-source-samples-wholly-inside-operation-read-window"",""vm_hwm_max_bytes"":""19435520""}"
6,1,control,shared,100,initial,delete,2052279621,2139881351,87601730,9,100,0.09,before-public-future-construction-through-result-return-before-projection-and-drop,"{""collector_finished_nanos"":""2052275405"",""collector_started_nanos"":""2052217992"",""pid"":""85145"",""start_time_ticks"":""22787973"",""system_ticks"":""26"",""user_ticks"":""36""}","{""collector_finished_nanos"":""2140040080"",""collector_started_nanos"":""2139882419"",""pid"":""85145"",""start_time_ticks"":""22787973"",""system_ticks"":""26"",""user_ticks"":""45""}","{""rss_max_bytes"":""18374656"",""sample_count"":""1"",""scope"":""fixed-100ms-source-samples-wholly-inside-operation-read-window"",""vm_hwm_max_bytes"":""19554304""}"
6,1,control,shared,100,initial,reapply,2145276278,2210209365,64933087,6,100,0.06,before-public-future-construction-through-result-return-before-projection-and-drop,"{""collector_finished_nanos"":""2145274666"",""collector_started_nanos"":""2145250133"",""pid"":""85145"",""start_time_ticks"":""22787973"",""system_ticks"":""26"",""user_ticks"":""45""}","{""collector_finished_nanos"":""2210261956"",""collector_started_nanos"":""2210210355"",""pid"":""85145"",""start_time_ticks"":""22787973"",""system_ticks"":""27"",""user_ticks"":""50""}","{""rss_max_bytes"":null,""sample_count"":""0"",""scope"":""fixed-100ms-source-samples-wholly-inside-operation-read-window"",""vm_hwm_max_bytes"":null}"
7,1,control,shared,100,reopen,opening,106206925,229400766,123193841,9,100,0.09,actual-repository-opening-before-node-construction,"{""collector_finished_nanos"":""106204979"",""collector_started_nanos"":""106183510"",""pid"":""85161"",""start_time_ticks"":""22788279"",""system_ticks"":""0"",""user_ticks"":""0""}","{""collector_finished_nanos"":""229433375"",""collector_started_nanos"":""229401847"",""pid"":""85161"",""start_time_ticks"":""22788279"",""system_ticks"":""2"",""user_ticks"":""7""}","{""rss_max_bytes"":""13185024"",""sample_count"":""1"",""scope"":""fixed-100ms-source-samples-wholly-inside-operation-read-window"",""vm_hwm_max_bytes"":""13369344""}"
8,1,candidate,distinct,1000,initial,opening,104774605,141094374,36319769,0,100,0,actual-repository-opening-before-node-construction,"{""collector_finished_nanos"":""104770076"",""collector_started_nanos"":""104748064"",""pid"":""85177"",""start_time_ticks"":""22788397"",""system_ticks"":""0"",""user_ticks"":""0""}","{""collector_finished_nanos"":""141150832"",""collector_started_nanos"":""141094837"",""pid"":""85177"",""start_time_ticks"":""22788397"",""system_ticks"":""0"",""user_ticks"":""0""}","{""rss_max_bytes"":null,""sample_count"":""0"",""scope"":""fixed-100ms-source-samples-wholly-inside-operation-read-window"",""vm_hwm_max_bytes"":null}"
8,1,candidate,distinct,1000,initial,seed,14495182385,15131028221,635845836,63,100,0.63,before-public-future-construction-through-result-return-before-projection-and-drop,"{""collector_finished_nanos"":""14495178741"",""collector_started_nanos"":""14495080562"",""pid"":""85177"",""start_time_ticks"":""22788397"",""system_ticks"":""149"",""user_ticks"":""117""}","{""collector_finished_nanos"":""15131753493"",""collector_started_nanos"":""15131029402"",""pid"":""85177"",""start_time_ticks"":""22788397"",""system_ticks"":""154"",""user_ticks"":""175""}","{""rss_max_bytes"":""22409216"",""sample_count"":""6"",""scope"":""fixed-100ms-source-samples-wholly-inside-operation-read-window"",""vm_hwm_max_bytes"":""22409216""}"
8,1,candidate,distinct,1000,initial,unchanged-apply,15204398253,15569400070,365001817,35,100,0.35,before-public-future-construction-through-result-return-before-projection-and-drop,"{""collector_finished_nanos"":""15204395838"",""collector_started_nanos"":""15204342112"",""pid"":""85177"",""start_time_ticks"":""22788397"",""system_ticks"":""154"",""user_ticks"":""181""}","{""collector_finished_nanos"":""15569504839"",""collector_started_nanos"":""15569401337"",""pid"":""85177"",""start_time_ticks"":""22788397"",""system_ticks"":""162"",""user_ticks"":""208""}","{""rss_max_bytes"":""27271168"",""sample_count"":""4"",""scope"":""fixed-100ms-source-samples-wholly-inside-operation-read-window"",""vm_hwm_max_bytes"":""27271168""}"
8,1,candidate,distinct,1000,initial,weight-update,15575637375,15861993954,286356579,26,100,0.26,before-public-future-construction-through-result-return-before-projection-and-drop,"{""collector_finished_nanos"":""15575636132"",""collector_started_nanos"":""15575602924"",""pid"":""85177"",""start_time_ticks"":""22788397"",""system_ticks"":""163"",""user_ticks"":""208""}","{""collector_finished_nanos"":""15862081487"",""collector_started_nanos"":""15861995351"",""pid"":""85177"",""start_time_ticks"":""22788397"",""system_ticks"":""170"",""user_ticks"":""227""}","{""rss_max_bytes"":""27926528"",""sample_count"":""3"",""scope"":""fixed-100ms-source-samples-wholly-inside-operation-read-window"",""vm_hwm_max_bytes"":""27926528""}"
8,1,candidate,distinct,1000,initial,delete,15868408835,16170552397,302143562,26,100,0.26,before-public-future-construction-through-result-return-before-projection-and-drop,"{""collector_finished_nanos"":""15868405165"",""collector_started_nanos"":""15868374159"",""pid"":""85177"",""start_time_ticks"":""22788397"",""system_ticks"":""171"",""user_ticks"":""227""}","{""collector_finished_nanos"":""16170672609"",""collector_started_nanos"":""16170554178"",""pid"":""85177"",""start_time_ticks"":""22788397"",""system_ticks"":""176"",""user_ticks"":""248""}","{""rss_max_bytes"":""28188672"",""sample_count"":""3"",""scope"":""fixed-100ms-source-samples-wholly-inside-operation-read-window"",""vm_hwm_max_bytes"":""28188672""}"
8,1,candidate,distinct,1000,initial,reapply,16179691542,16546493966,366802424,34,100,0.34,before-public-future-construction-through-result-return-before-projection-and-drop,"{""collector_finished_nanos"":""16179688636"",""collector_started_nanos"":""16179640025"",""pid"":""85177"",""start_time_ticks"":""22788397"",""system_ticks"":""177"",""user_ticks"":""249""}","{""collector_finished_nanos"":""16546654703"",""collector_started_nanos"":""16546495140"",""pid"":""85177"",""start_time_ticks"":""22788397"",""system_ticks"":""182"",""user_ticks"":""278""}","{""rss_max_bytes"":""28188672"",""sample_count"":""3"",""scope"":""fixed-100ms-source-samples-wholly-inside-operation-read-window"",""vm_hwm_max_bytes"":""28188672""}"
9,1,candidate,distinct,1000,reopen,opening,107037186,1105054684,998017498,96,100,0.96,actual-repository-opening-before-node-construction,"{""collector_finished_nanos"":""107035325"",""collector_started_nanos"":""107009851"",""pid"":""85193"",""start_time_ticks"":""22790136"",""system_ticks"":""1"",""user_ticks"":""0""}","{""collector_finished_nanos"":""1105332753"",""collector_started_nanos"":""1105055365"",""pid"":""85193"",""start_time_ticks"":""22790136"",""system_ticks"":""14"",""user_ticks"":""83""}","{""rss_max_bytes"":""32354304"",""sample_count"":""9"",""scope"":""fixed-100ms-source-samples-wholly-inside-operation-read-window"",""vm_hwm_max_bytes"":""32354304""}"
10,1,control,distinct,1000,initial,opening,103618317,153278150,49659833,1,100,0.01,actual-repository-opening-before-node-construction,"{""collector_finished_nanos"":""103616610"",""collector_started_nanos"":""103592560"",""pid"":""85209"",""start_time_ticks"":""22790353"",""system_ticks"":""0"",""user_ticks"":""0""}","{""collector_finished_nanos"":""153357437"",""collector_started_nanos"":""153278710"",""pid"":""85209"",""start_time_ticks"":""22790353"",""system_ticks"":""1"",""user_ticks"":""0""}","{""rss_max_bytes"":null,""sample_count"":""0"",""scope"":""fixed-100ms-source-samples-wholly-inside-operation-read-window"",""vm_hwm_max_bytes"":null}"
10,1,control,distinct,1000,initial,seed,14566165221,15270384625,704219404,69,100,0.69,before-public-future-construction-through-result-return-before-projection-and-drop,"{""collector_finished_nanos"":""14566162452"",""collector_started_nanos"":""14566095250"",""pid"":""85209"",""start_time_ticks"":""22790353"",""system_ticks"":""154"",""user_ticks"":""118""}","{""collector_finished_nanos"":""15270445586"",""collector_started_nanos"":""15270386017"",""pid"":""85209"",""start_time_ticks"":""22790353"",""system_ticks"":""160"",""user_ticks"":""181""}","{""rss_max_bytes"":""44187648"",""sample_count"":""7"",""scope"":""fixed-100ms-source-samples-wholly-inside-operation-read-window"",""vm_hwm_max_bytes"":""47243264""}"
10,1,control,distinct,1000,initial,unchanged-apply,15347934759,15956972447,609037688,59,100,0.59,before-public-future-construction-through-result-return-before-projection-and-drop,"{""collector_finished_nanos"":""15347932897"",""collector_started_nanos"":""15347881571"",""pid"":""85209"",""start_time_ticks"":""22790353"",""system_ticks"":""160"",""user_ticks"":""188""}","{""collector_finished_nanos"":""15957023428"",""collector_started_nanos"":""15956973615"",""pid"":""85209"",""start_time_ticks"":""22790353"",""system_ticks"":""164"",""user_ticks"":""243""}","{""rss_max_bytes"":""47828992"",""sample_count"":""7"",""scope"":""fixed-100ms-source-samples-wholly-inside-operation-read-window"",""vm_hwm_max_bytes"":""47828992""}"
10,1,control,distinct,1000,initial,weight-update,15963135312,16533707091,570571779,55,100,0.55,before-public-future-construction-through-result-return-before-projection-and-drop,"{""collector_finished_nanos"":""15963133277"",""collector_started_nanos"":""15963104091"",""pid"":""85209"",""start_time_ticks"":""22790353"",""system_ticks"":""165"",""user_ticks"":""243""}","{""collector_finished_nanos"":""16533791930"",""collector_started_nanos"":""16533708210"",""pid"":""85209"",""start_time_ticks"":""22790353"",""system_ticks"":""169"",""user_ticks"":""294""}","{""rss_max_bytes"":""31440896"",""sample_count"":""5"",""scope"":""fixed-100ms-source-samples-wholly-inside-operation-read-window"",""vm_hwm_max_bytes"":""47828992""}"
10,1,control,distinct,1000,initial,delete,16538324137,17205717899,667393762,66,100,0.66,before-public-future-construction-through-result-return-before-projection-and-drop,"{""collector_finished_nanos"":""16538322611"",""collector_started_nanos"":""16538296724"",""pid"":""85209"",""start_time_ticks"":""22790353"",""system_ticks"":""169"",""user_ticks"":""295""}","{""collector_finished_nanos"":""17205830617"",""collector_started_nanos"":""17205718840"",""pid"":""85209"",""start_time_ticks"":""22790353"",""system_ticks"":""180"",""user_ticks"":""350""}","{""rss_max_bytes"":""45375488"",""sample_count"":""7"",""scope"":""fixed-100ms-source-samples-wholly-inside-operation-read-window"",""vm_hwm_max_bytes"":""48480256""}"
10,1,control,distinct,1000,initial,reapply,17211885287,17865786166,653900879,65,100,0.65,before-public-future-construction-through-result-return-before-projection-and-drop,"{""collector_finished_nanos"":""17211883464"",""collector_started_nanos"":""17211852561"",""pid"":""85209"",""start_time_ticks"":""22790353"",""system_ticks"":""181"",""user_ticks"":""350""}","{""collector_finished_nanos"":""17865847344"",""collector_started_nanos"":""17865787454"",""pid"":""85209"",""start_time_ticks"":""22790353"",""system_ticks"":""185"",""user_ticks"":""411""}","{""rss_max_bytes"":""48578560"",""sample_count"":""7"",""scope"":""fixed-100ms-source-samples-wholly-inside-operation-read-window"",""vm_hwm_max_bytes"":""48578560""}"
11,1,control,distinct,1000,reopen,opening,108876098,1435517955,1326641857,128,100,1.28,actual-repository-opening-before-node-construction,"{""collector_finished_nanos"":""108870550"",""collector_started_nanos"":""108799366"",""pid"":""85225"",""start_time_ticks"":""22792230"",""system_ticks"":""1"",""user_ticks"":""0""}","{""collector_finished_nanos"":""1436036445"",""collector_started_nanos"":""1435518712"",""pid"":""85225"",""start_time_ticks"":""22792230"",""system_ticks"":""22"",""user_ticks"":""107""}","{""rss_max_bytes"":""46661632"",""sample_count"":""13"",""scope"":""fixed-100ms-source-samples-wholly-inside-operation-read-window"",""vm_hwm_max_bytes"":""54947840""}"
12,1,control,shared,1000,initial,opening,103497198,152543022,49045824,0,100,0,actual-repository-opening-before-node-construction,"{""collector_finished_nanos"":""103495224"",""collector_started_nanos"":""103468846"",""pid"":""85241"",""start_time_ticks"":""22792485"",""system_ticks"":""0"",""user_ticks"":""0""}","{""collector_finished_nanos"":""152597179"",""collector_started_nanos"":""152543632"",""pid"":""85241"",""start_time_ticks"":""22792485"",""system_ticks"":""0"",""user_ticks"":""0""}","{""rss_max_bytes"":null,""sample_count"":""0"",""scope"":""fixed-100ms-source-samples-wholly-inside-operation-read-window"",""vm_hwm_max_bytes"":null}"
12,1,control,shared,1000,initial,seed,13683012246,14391701111,708688865,69,100,0.69,before-public-future-construction-through-result-return-before-projection-and-drop,"{""collector_finished_nanos"":""13683009125"",""collector_started_nanos"":""13682913127"",""pid"":""85241"",""start_time_ticks"":""22792485"",""system_ticks"":""150"",""user_ticks"":""105""}","{""collector_finished_nanos"":""14391790577"",""collector_started_nanos"":""14391702047"",""pid"":""85241"",""start_time_ticks"":""22792485"",""system_ticks"":""157"",""user_ticks"":""167""}","{""rss_max_bytes"":""45031424"",""sample_count"":""7"",""scope"":""fixed-100ms-source-samples-wholly-inside-operation-read-window"",""vm_hwm_max_bytes"":""45342720""}"
12,1,control,shared,1000,initial,unchanged-apply,14460602908,15036710992,576108084,56,100,0.56,before-public-future-construction-through-result-return-before-projection-and-drop,"{""collector_finished_nanos"":""14460601799"",""collector_started_nanos"":""14460580227"",""pid"":""85241"",""start_time_ticks"":""22792485"",""system_ticks"":""158"",""user_ticks"":""173""}","{""collector_finished_nanos"":""15036755447"",""collector_started_nanos"":""15036711991"",""pid"":""85241"",""start_time_ticks"":""22792485"",""system_ticks"":""163"",""user_ticks"":""224""}","{""rss_max_bytes"":""36290560"",""sample_count"":""5"",""scope"":""fixed-100ms-source-samples-wholly-inside-operation-read-window"",""vm_hwm_max_bytes"":""45752320""}"
12,1,control,shared,1000,initial,weight-update,15042629523,15733365897,690736374,61,100,0.61,before-public-future-construction-through-result-return-before-projection-and-drop,"{""collector_finished_nanos"":""15042627810"",""collector_started_nanos"":""15042591796"",""pid"":""85241"",""start_time_ticks"":""22792485"",""system_ticks"":""163"",""user_ticks"":""225""}","{""collector_finished_nanos"":""15733423670"",""collector_started_nanos"":""15733366908"",""pid"":""85241"",""start_time_ticks"":""22792485"",""system_ticks"":""169"",""user_ticks"":""280""}","{""rss_max_bytes"":""46186496"",""sample_count"":""7"",""scope"":""fixed-100ms-source-samples-wholly-inside-operation-read-window"",""vm_hwm_max_bytes"":""46186496""}"
12,1,control,shared,1000,initial,delete,15738366409,16408639268,670272859,65,100,0.65,before-public-future-construction-through-result-return-before-projection-and-drop,"{""collector_finished_nanos"":""15738364009"",""collector_started_nanos"":""15738336262"",""pid"":""85241"",""start_time_ticks"":""22792485"",""system_ticks"":""170"",""user_ticks"":""280""}","{""collector_finished_nanos"":""16408835444"",""collector_started_nanos"":""16408642279"",""pid"":""85241"",""start_time_ticks"":""22792485"",""system_ticks"":""176"",""user_ticks"":""339""}","{""rss_max_bytes"":""46186496"",""sample_count"":""7"",""scope"":""fixed-100ms-source-samples-wholly-inside-operation-read-window"",""vm_hwm_max_bytes"":""46186496""}"
12,1,control,shared,1000,initial,reapply,16413963345,17098061895,684098550,69,100,0.69,before-public-future-construction-through-result-return-before-projection-and-drop,"{""collector_finished_nanos"":""16413962379"",""collector_started_nanos"":""16413937293"",""pid"":""85241"",""start_time_ticks"":""22792485"",""system_ticks"":""176"",""user_ticks"":""339""}","{""collector_finished_nanos"":""17098109139"",""collector_started_nanos"":""17098062909"",""pid"":""85241"",""start_time_ticks"":""22792485"",""system_ticks"":""186"",""user_ticks"":""398""}","{""rss_max_bytes"":""42790912"",""sample_count"":""7"",""scope"":""fixed-100ms-source-samples-wholly-inside-operation-read-window"",""vm_hwm_max_bytes"":""46190592""}"
13,1,control,shared,1000,reopen,opening,106899524,1055832590,948933066,88,100,0.88,actual-repository-opening-before-node-construction,"{""collector_finished_nanos"":""106893334"",""collector_started_nanos"":""106875428"",""pid"":""85257"",""start_time_ticks"":""22794276"",""system_ticks"":""0"",""user_ticks"":""0""}","{""collector_finished_nanos"":""1055911350"",""collector_started_nanos"":""1055833116"",""pid"":""85257"",""start_time_ticks"":""22794276"",""system_ticks"":""14"",""user_ticks"":""74""}","{""rss_max_bytes"":""45711360"",""sample_count"":""9"",""scope"":""fixed-100ms-source-samples-wholly-inside-operation-read-window"",""vm_hwm_max_bytes"":""55226368""}"
14,1,candidate,shared,1000,initial,opening,103781890,154601103,50819213,1,100,0.01,actual-repository-opening-before-node-construction,"{""collector_finished_nanos"":""103778637"",""collector_started_nanos"":""103740087"",""pid"":""85273"",""start_time_ticks"":""22794484"",""system_ticks"":""0"",""user_ticks"":""0""}","{""collector_finished_nanos"":""154652831"",""collector_started_nanos"":""154601646"",""pid"":""85273"",""start_time_ticks"":""22794484"",""system_ticks"":""1"",""user_ticks"":""0""}","{""rss_max_bytes"":null,""sample_count"":""0"",""scope"":""fixed-100ms-source-samples-wholly-inside-operation-read-window"",""vm_hwm_max_bytes"":null}"
14,1,candidate,shared,1000,initial,seed,12796563630,13366067414,569503784,55,100,0.55,before-public-future-construction-through-result-return-before-projection-and-drop,"{""collector_finished_nanos"":""12796559897"",""collector_started_nanos"":""12796475606"",""pid"":""85273"",""start_time_ticks"":""22794484"",""system_ticks"":""131"",""user_ticks"":""115""}","{""collector_finished_nanos"":""13366276081"",""collector_started_nanos"":""13366068384"",""pid"":""85273"",""start_time_ticks"":""22794484"",""system_ticks"":""134"",""user_ticks"":""167""}","{""rss_max_bytes"":""26824704"",""sample_count"":""6"",""scope"":""fixed-100ms-source-samples-wholly-inside-operation-read-window"",""vm_hwm_max_bytes"":""26824704""}"
14,1,candidate,shared,1000,initial,unchanged-apply,13435692792,13725626149,289933357,26,100,0.26,before-public-future-construction-through-result-return-before-projection-and-drop,"{""collector_finished_nanos"":""13435691871"",""collector_started_nanos"":""13435670467"",""pid"":""85273"",""start_time_ticks"":""22794484"",""system_ticks"":""134"",""user_ticks"":""174""}","{""collector_finished_nanos"":""13725680320"",""collector_started_nanos"":""13725627160"",""pid"":""85273"",""start_time_ticks"":""22794484"",""system_ticks"":""139"",""user_ticks"":""195""}","{""rss_max_bytes"":""23494656"",""sample_count"":""3"",""scope"":""fixed-100ms-source-samples-wholly-inside-operation-read-window"",""vm_hwm_max_bytes"":""26824704""}"
14,1,candidate,shared,1000,initial,weight-update,13730639824,14050700379,320060555,31,100,0.31,before-public-future-construction-through-result-return-before-projection-and-drop,"{""collector_finished_nanos"":""13730638557"",""collector_started_nanos"":""13730616151"",""pid"":""85273"",""start_time_ticks"":""22794484"",""system_ticks"":""140"",""user_ticks"":""195""}","{""collector_finished_nanos"":""14050855036"",""collector_started_nanos"":""14050701771"",""pid"":""85273"",""start_time_ticks"":""22794484"",""system_ticks"":""146"",""user_ticks"":""220""}","{""rss_max_bytes"":""27557888"",""sample_count"":""4"",""scope"":""fixed-100ms-source-samples-wholly-inside-operation-read-window"",""vm_hwm_max_bytes"":""27557888""}"
14,1,candidate,shared,1000,initial,delete,14059521239,14339458770,279937531,27,100,0.27,before-public-future-construction-through-result-return-before-projection-and-drop,"{""collector_finished_nanos"":""14059518208"",""collector_started_nanos"":""14059453164"",""pid"":""85273"",""start_time_ticks"":""22794484"",""system_ticks"":""147"",""user_ticks"":""220""}","{""collector_finished_nanos"":""14339551136"",""collector_started_nanos"":""14339460298"",""pid"":""85273"",""start_time_ticks"":""22794484"",""system_ticks"":""152"",""user_ticks"":""242""}","{""rss_max_bytes"":""27557888"",""sample_count"":""2"",""scope"":""fixed-100ms-source-samples-wholly-inside-operation-read-window"",""vm_hwm_max_bytes"":""27557888""}"
14,1,candidate,shared,1000,initial,reapply,14343930548,14618009629,274079081,26,100,0.26,before-public-future-construction-through-result-return-before-projection-and-drop,"{""collector_finished_nanos"":""14343929240"",""collector_started_nanos"":""14343906869"",""pid"":""85273"",""start_time_ticks"":""22794484"",""system_ticks"":""153"",""user_ticks"":""242""}","{""collector_finished_nanos"":""14618124599"",""collector_started_nanos"":""14618010650"",""pid"":""85273"",""start_time_ticks"":""22794484"",""system_ticks"":""156"",""user_ticks"":""265""}","{""rss_max_bytes"":""27820032"",""sample_count"":""3"",""scope"":""fixed-100ms-source-samples-wholly-inside-operation-read-window"",""vm_hwm_max_bytes"":""27820032""}"
15,1,candidate,shared,1000,reopen,opening,107738488,920172329,812433841,76,100,0.76,actual-repository-opening-before-node-construction,"{""collector_finished_nanos"":""107735716"",""collector_started_nanos"":""107681540"",""pid"":""85289"",""start_time_ticks"":""22796029"",""system_ticks"":""0"",""user_ticks"":""0""}","{""collector_finished_nanos"":""920283889"",""collector_started_nanos"":""920172920"",""pid"":""85289"",""start_time_ticks"":""22796029"",""system_ticks"":""13"",""user_ticks"":""63""}","{""rss_max_bytes"":""37240832"",""sample_count"":""8"",""scope"":""fixed-100ms-source-samples-wholly-inside-operation-read-window"",""vm_hwm_max_bytes"":""46755840""}"
16,1,control,distinct,10000,initial,opening,103449147,146868531,43419384,1,100,0.01,actual-repository-opening-before-node-construction,"{""collector_finished_nanos"":""103447333"",""collector_started_nanos"":""103425006"",""pid"":""85305"",""start_time_ticks"":""22796231"",""system_ticks"":""0"",""user_ticks"":""0""}","{""collector_finished_nanos"":""146965675"",""collector_started_nanos"":""146868998"",""pid"":""85305"",""start_time_ticks"":""22796231"",""system_ticks"":""1"",""user_ticks"":""0""}","{""rss_max_bytes"":null,""sample_count"":""0"",""scope"":""fixed-100ms-source-samples-wholly-inside-operation-read-window"",""vm_hwm_max_bytes"":null}"
16,1,control,distinct,10000,initial,seed,129884470560,137357537945,7473067385,747,100,7.47,before-public-future-construction-through-result-return-before-projection-and-drop,"{""collector_finished_nanos"":""129884467869"",""collector_started_nanos"":""129884424939"",""pid"":""85305"",""start_time_ticks"":""22796231"",""system_ticks"":""1436"",""user_ticks"":""1122""}","{""collector_finished_nanos"":""137360582734"",""collector_started_nanos"":""137357539325"",""pid"":""85305"",""start_time_ticks"":""22796231"",""system_ticks"":""1539"",""user_ticks"":""1766""}","{""rss_max_bytes"":""299900928"",""sample_count"":""75"",""scope"":""fixed-100ms-source-samples-wholly-inside-operation-read-window"",""vm_hwm_max_bytes"":""299900928""}"
16,1,control,distinct,10000,initial,unchanged-apply,138279797506,144713805026,6434007520,644,100,6.44,before-public-future-construction-through-result-return-before-projection-and-drop,"{""collector_finished_nanos"":""138279795391"",""collector_started_nanos"":""138279764962"",""pid"":""85305"",""start_time_ticks"":""22796231"",""system_ticks"":""1540"",""user_ticks"":""1858""}","{""collector_finished_nanos"":""144716054831"",""collector_started_nanos"":""144713806019"",""pid"":""85305"",""start_time_ticks"":""22796231"",""system_ticks"":""1619"",""user_ticks"":""2423""}","{""rss_max_bytes"":""340340736"",""sample_count"":""64"",""scope"":""fixed-100ms-source-samples-wholly-inside-operation-read-window"",""vm_hwm_max_bytes"":""340340736""}"
16,1,control,distinct,10000,initial,weight-update,144731003996,151535750246,6804746250,681,100,6.81,before-public-future-construction-through-result-return-before-projection-and-drop,"{""collector_finished_nanos"":""144731001612"",""collector_started_nanos"":""144730968002"",""pid"":""85305"",""start_time_ticks"":""22796231"",""system_ticks"":""1619"",""user_ticks"":""2425""}","{""collector_finished_nanos"":""151535866838"",""collector_started_nanos"":""151535751704"",""pid"":""85305"",""start_time_ticks"":""22796231"",""system_ticks"":""1698"",""user_ticks"":""3027""}","{""rss_max_bytes"":""346804224"",""sample_count"":""68"",""scope"":""fixed-100ms-source-samples-wholly-inside-operation-read-window"",""vm_hwm_max_bytes"":""346804224""}"
16,1,control,distinct,10000,initial,delete,151560751707,160464363667,8903611960,895,100,8.95,before-public-future-construction-through-result-return-before-projection-and-drop,"{""collector_finished_nanos"":""151560745032"",""collector_started_nanos"":""151560690020"",""pid"":""85305"",""start_time_ticks"":""22796231"",""system_ticks"":""1699"",""user_ticks"":""3029""}","{""collector_finished_nanos"":""160469878057"",""collector_started_nanos"":""160464364873"",""pid"":""85305"",""start_time_ticks"":""22796231"",""system_ticks"":""1829"",""user_ticks"":""3794""}","{""rss_max_bytes"":""348213248"",""sample_count"":""89"",""scope"":""fixed-100ms-source-samples-wholly-inside-operation-read-window"",""vm_hwm_max_bytes"":""348213248""}"
16,1,control,distinct,10000,initial,reapply,160489936960,170209929055,9719992095,977,100,9.77,before-public-future-construction-through-result-return-before-projection-and-drop,"{""collector_finished_nanos"":""160489934320"",""collector_started_nanos"":""160489888518"",""pid"":""85305"",""start_time_ticks"":""22796231"",""system_ticks"":""1830"",""user_ticks"":""3796""}","{""collector_finished_nanos"":""170210024374"",""collector_started_nanos"":""170209930658"",""pid"":""85305"",""start_time_ticks"":""22796231"",""system_ticks"":""1980"",""user_ticks"":""4623""}","{""rss_max_bytes"":""349913088"",""sample_count"":""97"",""scope"":""fixed-100ms-source-samples-wholly-inside-operation-read-window"",""vm_hwm_max_bytes"":""349913088""}"
17,1,control,distinct,10000,reopen,opening,146887870,10427006793,10280118923,1024,100,10.24,actual-repository-opening-before-node-construction,"{""collector_finished_nanos"":""146886043"",""collector_started_nanos"":""146863407"",""pid"":""85321"",""start_time_ticks"":""22813365"",""system_ticks"":""1"",""user_ticks"":""3""}","{""collector_finished_nanos"":""10485674916"",""collector_started_nanos"":""10427007593"",""pid"":""85321"",""start_time_ticks"":""22813365"",""system_ticks"":""163"",""user_ticks"":""865""}","{""rss_max_bytes"":""482197504"",""sample_count"":""102"",""scope"":""fixed-100ms-source-samples-wholly-inside-operation-read-window"",""vm_hwm_max_bytes"":""482197504""}"
18,1,candidate,distinct,10000,initial,opening,103886062,165073593,61187531,0,100,0,actual-repository-opening-before-node-construction,"{""collector_finished_nanos"":""103881753"",""collector_started_nanos"":""103716295"",""pid"":""85337"",""start_time_ticks"":""22814846"",""system_ticks"":""0"",""user_ticks"":""0""}","{""collector_finished_nanos"":""165151874"",""collector_started_nanos"":""165074500"",""pid"":""85337"",""start_time_ticks"":""22814846"",""system_ticks"":""0"",""user_ticks"":""0""}","{""rss_max_bytes"":null,""sample_count"":""0"",""scope"":""fixed-100ms-source-samples-wholly-inside-operation-read-window"",""vm_hwm_max_bytes"":null}"
18,1,candidate,distinct,10000,initial,seed,128942591321,135967896758,7025305437,702,100,7.02,before-public-future-construction-through-result-return-before-projection-and-drop,"{""collector_finished_nanos"":""128942588924"",""collector_started_nanos"":""128942551333"",""pid"":""85337"",""start_time_ticks"":""22814846"",""system_ticks"":""1397"",""user_ticks"":""1063""}","{""collector_finished_nanos"":""135974961822"",""collector_started_nanos"":""135967897778"",""pid"":""85337"",""start_time_ticks"":""22814846"",""system_ticks"":""1473"",""user_ticks"":""1689""}","{""rss_max_bytes"":""122523648"",""sample_count"":""70"",""scope"":""fixed-100ms-source-samples-wholly-inside-operation-read-window"",""vm_hwm_max_bytes"":""122523648""}"
18,1,candidate,distinct,10000,initial,unchanged-apply,136704987420,140251441475,3546454055,354,100,3.54,before-public-future-construction-through-result-return-before-projection-and-drop,"{""collector_finished_nanos"":""136704985068"",""collector_started_nanos"":""136704946122"",""pid"":""85337"",""start_time_ticks"":""22814846"",""system_ticks"":""1473"",""user_ticks"":""1762""}","{""collector_finished_nanos"":""140256442734"",""collector_started_nanos"":""140251442595"",""pid"":""85337"",""start_time_ticks"":""22814846"",""system_ticks"":""1528"",""user_ticks"":""2061""}","{""rss_max_bytes"":""127840256"",""sample_count"":""36"",""scope"":""fixed-100ms-source-samples-wholly-inside-operation-read-window"",""vm_hwm_max_bytes"":""127840256""}"
18,1,candidate,distinct,10000,initial,weight-update,140262927738,144109109612,3846181874,384,100,3.84,before-public-future-construction-through-result-return-before-projection-and-drop,"{""collector_finished_nanos"":""140262926002"",""collector_started_nanos"":""140262897140"",""pid"":""85337"",""start_time_ticks"":""22814846"",""system_ticks"":""1528"",""user_ticks"":""2062""}","{""collector_finished_nanos"":""144112959084"",""collector_started_nanos"":""144109111145"",""pid"":""85337"",""start_time_ticks"":""22814846"",""system_ticks"":""1583"",""user_ticks"":""2391""}","{""rss_max_bytes"":""136077312"",""sample_count"":""38"",""scope"":""fixed-100ms-source-samples-wholly-inside-operation-read-window"",""vm_hwm_max_bytes"":""136077312""}"
18,1,candidate,distinct,10000,initial,delete,144119835561,147751541438,3631705877,364,100,3.64,before-public-future-construction-through-result-return-before-projection-and-drop,"{""collector_finished_nanos"":""144119832073"",""collector_started_nanos"":""144119797408"",""pid"":""85337"",""start_time_ticks"":""22814846"",""system_ticks"":""1583"",""user_ticks"":""2392""}","{""collector_finished_nanos"":""147752188126"",""collector_started_nanos"":""147751543323"",""pid"":""85337"",""start_time_ticks"":""22814846"",""system_ticks"":""1632"",""user_ticks"":""2707""}","{""rss_max_bytes"":""136773632"",""sample_count"":""36"",""scope"":""fixed-100ms-source-samples-wholly-inside-operation-read-window"",""vm_hwm_max_bytes"":""136773632""}"
18,1,candidate,distinct,10000,initial,reapply,147759622031,152237643996,4478021965,447,100,4.47,before-public-future-construction-through-result-return-before-projection-and-drop,"{""collector_finished_nanos"":""147759618967"",""collector_started_nanos"":""147759568376"",""pid"":""85337"",""start_time_ticks"":""22814846"",""system_ticks"":""1633"",""user_ticks"":""2707""}","{""collector_finished_nanos"":""152239290905"",""collector_started_nanos"":""152237645166"",""pid"":""85337"",""start_time_ticks"":""22814846"",""system_ticks"":""1705"",""user_ticks"":""3082""}","{""rss_max_bytes"":""139657216"",""sample_count"":""45"",""scope"":""fixed-100ms-source-samples-wholly-inside-operation-read-window"",""vm_hwm_max_bytes"":""139657216""}"
19,1,candidate,distinct,10000,reopen,opening,134220958,9796298903,9662077945,963,100,9.63,actual-repository-opening-before-node-construction,"{""collector_finished_nanos"":""134216373"",""collector_started_nanos"":""134197093"",""pid"":""85359"",""start_time_ticks"":""22830168"",""system_ticks"":""1"",""user_ticks"":""2""}","{""collector_finished_nanos"":""9878559117"",""collector_started_nanos"":""9796299498"",""pid"":""85359"",""start_time_ticks"":""22830168"",""system_ticks"":""144"",""user_ticks"":""822""}","{""rss_max_bytes"":""398245888"",""sample_count"":""96"",""scope"":""fixed-100ms-source-samples-wholly-inside-operation-read-window"",""vm_hwm_max_bytes"":""399855616""}"
20,1,candidate,shared,10000,initial,opening,103263800,152527580,49263780,0,100,0,actual-repository-opening-before-node-construction,"{""collector_finished_nanos"":""103260410"",""collector_started_nanos"":""103224034"",""pid"":""85375"",""start_time_ticks"":""22831553"",""system_ticks"":""0"",""user_ticks"":""0""}","{""collector_finished_nanos"":""152614037"",""collector_started_nanos"":""152528308"",""pid"":""85375"",""start_time_ticks"":""22831553"",""system_ticks"":""0"",""user_ticks"":""0""}","{""rss_max_bytes"":null,""sample_count"":""0"",""scope"":""fixed-100ms-source-samples-wholly-inside-operation-read-window"",""vm_hwm_max_bytes"":null}"
20,1,candidate,shared,10000,initial,seed,148162957969,156283606481,8120648512,816,100,8.16,before-public-future-construction-through-result-return-before-projection-and-drop,"{""collector_finished_nanos"":""148162954667"",""collector_started_nanos"":""148162871797"",""pid"":""85375"",""start_time_ticks"":""22831553"",""system_ticks"":""1595"",""user_ticks"":""1157""}","{""collector_finished_nanos"":""156287200332"",""collector_started_nanos"":""156283607399"",""pid"":""85375"",""start_time_ticks"":""22831553"",""system_ticks"":""1693"",""user_ticks"":""1875""}","{""rss_max_bytes"":""115470336"",""sample_count"":""81"",""scope"":""fixed-100ms-source-samples-wholly-inside-operation-read-window"",""vm_hwm_max_bytes"":""115470336""}"
20,1,candidate,shared,10000,initial,unchanged-apply,157093997433,160449455330,3355457897,336,100,3.36,before-public-future-construction-through-result-return-before-projection-and-drop,"{""collector_finished_nanos"":""157093995584"",""collector_started_nanos"":""157093951049"",""pid"":""85375"",""start_time_ticks"":""22831553"",""system_ticks"":""1694"",""user_ticks"":""1955""}","{""collector_finished_nanos"":""160452266545"",""collector_started_nanos"":""160449456182"",""pid"":""85375"",""start_time_ticks"":""22831553"",""system_ticks"":""1744"",""user_ticks"":""2241""}","{""rss_max_bytes"":""121528320"",""sample_count"":""33"",""scope"":""fixed-100ms-source-samples-wholly-inside-operation-read-window"",""vm_hwm_max_bytes"":""121528320""}"
20,1,candidate,shared,10000,initial,weight-update,160457936653,164193591173,3735654520,374,100,3.74,before-public-future-construction-through-result-return-before-projection-and-drop,"{""collector_finished_nanos"":""160457935066"",""collector_started_nanos"":""160457910448"",""pid"":""85375"",""start_time_ticks"":""22831553"",""system_ticks"":""1745"",""user_ticks"":""2242""}","{""collector_finished_nanos"":""164196083241"",""collector_started_nanos"":""164193592250"",""pid"":""85375"",""start_time_ticks"":""22831553"",""system_ticks"":""1807"",""user_ticks"":""2554""}","{""rss_max_bytes"":""129032192"",""sample_count"":""37"",""scope"":""fixed-100ms-source-samples-wholly-inside-operation-read-window"",""vm_hwm_max_bytes"":""129032192""}"
20,1,candidate,shared,10000,initial,delete,164203554677,167924373384,3720818707,373,100,3.73,before-public-future-construction-through-result-return-before-projection-and-drop,"{""collector_finished_nanos"":""164203550142"",""collector_started_nanos"":""164203510001"",""pid"":""85375"",""start_time_ticks"":""22831553"",""system_ticks"":""1808"",""user_ticks"":""2554""}","{""collector_finished_nanos"":""167926048042"",""collector_started_nanos"":""167924374925"",""pid"":""85375"",""start_time_ticks"":""22831553"",""system_ticks"":""1868"",""user_ticks"":""2867""}","{""rss_max_bytes"":""131850240"",""sample_count"":""37"",""scope"":""fixed-100ms-source-samples-wholly-inside-operation-read-window"",""vm_hwm_max_bytes"":""131850240""}"
20,1,candidate,shared,10000,initial,reapply,167932763971,171559521888,3626757917,363,100,3.63,before-public-future-construction-through-result-return-before-projection-and-drop,"{""collector_finished_nanos"":""167932762057"",""collector_started_nanos"":""167932717175"",""pid"":""85375"",""start_time_ticks"":""22831553"",""system_ticks"":""1868"",""user_ticks"":""2868""}","{""collector_finished_nanos"":""171561328828"",""collector_started_nanos"":""171559522825"",""pid"":""85375"",""start_time_ticks"":""22831553"",""system_ticks"":""1926"",""user_ticks"":""3173""}","{""rss_max_bytes"":""133464064"",""sample_count"":""36"",""scope"":""fixed-100ms-source-samples-wholly-inside-operation-read-window"",""vm_hwm_max_bytes"":""133464064""}"
21,1,candidate,shared,10000,reopen,opening,135762441,11485632482,11349870041,1135,100,11.35,actual-repository-opening-before-node-construction,"{""collector_finished_nanos"":""135760665"",""collector_started_nanos"":""135730979"",""pid"":""85391"",""start_time_ticks"":""22848810"",""system_ticks"":""1"",""user_ticks"":""2""}","{""collector_finished_nanos"":""11488362837"",""collector_started_nanos"":""11485633234"",""pid"":""85391"",""start_time_ticks"":""22848810"",""system_ticks"":""175"",""user_ticks"":""963""}","{""rss_max_bytes"":""364761088"",""sample_count"":""113"",""scope"":""fixed-100ms-source-samples-wholly-inside-operation-read-window"",""vm_hwm_max_bytes"":""364761088""}"
22,1,control,shared,10000,initial,opening,105082334,151279460,46197126,0,100,0,actual-repository-opening-before-node-construction,"{""collector_finished_nanos"":""105080494"",""collector_started_nanos"":""105054344"",""pid"":""85407"",""start_time_ticks"":""22850365"",""system_ticks"":""0"",""user_ticks"":""0""}","{""collector_finished_nanos"":""151334324"",""collector_started_nanos"":""151280571"",""pid"":""85407"",""start_time_ticks"":""22850365"",""system_ticks"":""0"",""user_ticks"":""0""}","{""rss_max_bytes"":null,""sample_count"":""0"",""scope"":""fixed-100ms-source-samples-wholly-inside-operation-read-window"",""vm_hwm_max_bytes"":null}"
22,1,control,shared,10000,initial,seed,101585549249,109041754731,7456205482,743,100,7.43,before-public-future-construction-through-result-return-before-projection-and-drop,"{""collector_finished_nanos"":""101585546189"",""collector_started_nanos"":""101585487795"",""pid"":""85407"",""start_time_ticks"":""22850365"",""system_ticks"":""1246"",""user_ticks"":""1055""}","{""collector_finished_nanos"":""109041818369"",""collector_started_nanos"":""109041755727"",""pid"":""85407"",""start_time_ticks"":""22850365"",""system_ticks"":""1327"",""user_ticks"":""1717""}","{""rss_max_bytes"":""307937280"",""sample_count"":""74"",""scope"":""fixed-100ms-source-samples-wholly-inside-operation-read-window"",""vm_hwm_max_bytes"":""307937280""}"
22,1,control,shared,10000,initial,unchanged-apply,109845859662,115971900814,6126041152,614,100,6.14,before-public-future-construction-through-result-return-before-projection-and-drop,"{""collector_finished_nanos"":""109845856902"",""collector_started_nanos"":""109845804982"",""pid"":""85407"",""start_time_ticks"":""22850365"",""system_ticks"":""1328"",""user_ticks"":""1798""}","{""collector_finished_nanos"":""115971954050"",""collector_started_nanos"":""115971902956"",""pid"":""85407"",""start_time_ticks"":""22850365"",""system_ticks"":""1394"",""user_ticks"":""2346""}","{""rss_max_bytes"":""312049664"",""sample_count"":""61"",""scope"":""fixed-100ms-source-samples-wholly-inside-operation-read-window"",""vm_hwm_max_bytes"":""312049664""}"
22,1,control,shared,10000,initial,weight-update,115986391460,121799340304,5812948844,585,100,5.85,before-public-future-construction-through-result-return-before-projection-and-drop,"{""collector_finished_nanos"":""115986389756"",""collector_started_nanos"":""115986355226"",""pid"":""85407"",""start_time_ticks"":""22850365"",""system_ticks"":""1394"",""user_ticks"":""2347""}","{""collector_finished_nanos"":""121799407894"",""collector_started_nanos"":""121799341534"",""pid"":""85407"",""start_time_ticks"":""22850365"",""system_ticks"":""1460"",""user_ticks"":""2866""}","{""rss_max_bytes"":""316694528"",""sample_count"":""58"",""scope"":""fixed-100ms-source-samples-wholly-inside-operation-read-window"",""vm_hwm_max_bytes"":""316694528""}"
22,1,control,shared,10000,initial,delete,121810537071,127872291641,6061754570,608,100,6.08,before-public-future-construction-through-result-return-before-projection-and-drop,"{""collector_finished_nanos"":""121810534883"",""collector_started_nanos"":""121810501899"",""pid"":""85407"",""start_time_ticks"":""22850365"",""system_ticks"":""1460"",""user_ticks"":""2867""}","{""collector_finished_nanos"":""127872336220"",""collector_started_nanos"":""127872292272"",""pid"":""85407"",""start_time_ticks"":""22850365"",""system_ticks"":""1522"",""user_ticks"":""3413""}","{""rss_max_bytes"":""316653568"",""sample_count"":""61"",""scope"":""fixed-100ms-source-samples-wholly-inside-operation-read-window"",""vm_hwm_max_bytes"":""316694528""}"
22,1,control,shared,10000,initial,reapply,127882454810,133761488666,5879033856,589,100,5.89,before-public-future-construction-through-result-return-before-projection-and-drop,"{""collector_finished_nanos"":""127882452812"",""collector_started_nanos"":""127882401825"",""pid"":""85407"",""start_time_ticks"":""22850365"",""system_ticks"":""1523"",""user_ticks"":""3414""}","{""collector_finished_nanos"":""133761801687"",""collector_started_nanos"":""133761489621"",""pid"":""85407"",""start_time_ticks"":""22850365"",""system_ticks"":""1602"",""user_ticks"":""3924""}","{""rss_max_bytes"":""316854272"",""sample_count"":""58"",""scope"":""fixed-100ms-source-samples-wholly-inside-operation-read-window"",""vm_hwm_max_bytes"":""316854272""}"
23,1,control,shared,10000,reopen,opening,130767665,8150873791,8020106126,796,100,7.96,actual-repository-opening-before-node-construction,"{""collector_finished_nanos"":""130765850"",""collector_started_nanos"":""130731980"",""pid"":""85423"",""start_time_ticks"":""22863830"",""system_ticks"":""0"",""user_ticks"":""3""}","{""collector_finished_nanos"":""8155081429"",""collector_started_nanos"":""8150874483"",""pid"":""85423"",""start_time_ticks"":""22863830"",""system_ticks"":""128"",""user_ticks"":""671""}","{""rss_max_bytes"":""446840832"",""sample_count"":""79"",""scope"":""fixed-100ms-source-samples-wholly-inside-operation-read-window"",""vm_hwm_max_bytes"":""446840832""}"
24,1,control,distinct,4,allocation,opening,566972308,595347304,28374996,1,100,0.01,actual-repository-opening-before-node-construction,"{""collector_finished_nanos"":""566848701"",""collector_started_nanos"":""566731615"",""pid"":""85470"",""start_time_ticks"":""22865066"",""system_ticks"":""2"",""user_ticks"":""3""}","{""collector_finished_nanos"":""595419644"",""collector_started_nanos"":""595347772"",""pid"":""85470"",""start_time_ticks"":""22865066"",""system_ticks"":""3"",""user_ticks"":""3""}",null
24,1,control,distinct,4,allocation,seed,1085501700,1137231248,51729548,3,100,0.03,before-public-future-construction-through-result-return-before-projection-and-drop,"{""collector_finished_nanos"":""1085494125"",""collector_started_nanos"":""1085459813"",""pid"":""85470"",""start_time_ticks"":""22865066"",""system_ticks"":""10"",""user_ticks"":""7""}","{""collector_finished_nanos"":""1137396854"",""collector_started_nanos"":""1137232139"",""pid"":""85470"",""start_time_ticks"":""22865066"",""system_ticks"":""10"",""user_ticks"":""10""}",null
24,1,control,distinct,4,allocation,unchanged-apply,1161101896,1191101872,29999976,3,100,0.03,before-public-future-construction-through-result-return-before-projection-and-drop,"{""collector_finished_nanos"":""1161093844"",""collector_started_nanos"":""1161054016"",""pid"":""85470"",""start_time_ticks"":""22865066"",""system_ticks"":""10"",""user_ticks"":""12""}","{""collector_finished_nanos"":""1191274043"",""collector_started_nanos"":""1191103554"",""pid"":""85470"",""start_time_ticks"":""22865066"",""system_ticks"":""10"",""user_ticks"":""15""}",null
24,1,control,distinct,4,allocation,weight-update,1206940571,1236925098,29984527,3,100,0.03,before-public-future-construction-through-result-return-before-projection-and-drop,"{""collector_finished_nanos"":""1206932870"",""collector_started_nanos"":""1206886850"",""pid"":""85470"",""start_time_ticks"":""22865066"",""system_ticks"":""11"",""user_ticks"":""15""}","{""collector_finished_nanos"":""1237129585"",""collector_started_nanos"":""1236927336"",""pid"":""85470"",""start_time_ticks"":""22865066"",""system_ticks"":""12"",""user_ticks"":""17""}",null
24,1,control,distinct,4,allocation,delete,1250165580,1271676654,21511074,2,100,0.02,before-public-future-construction-through-result-return-before-projection-and-drop,"{""collector_finished_nanos"":""1250156382"",""collector_started_nanos"":""1250107556"",""pid"":""85470"",""start_time_ticks"":""22865066"",""system_ticks"":""13"",""user_ticks"":""17""}","{""collector_finished_nanos"":""1271869494"",""collector_started_nanos"":""1271679050"",""pid"":""85470"",""start_time_ticks"":""22865066"",""system_ticks"":""13"",""user_ticks"":""19""}",null
24,1,control,distinct,4,allocation,reapply,1281809544,1311415552,29606008,2,100,0.02,before-public-future-construction-through-result-return-before-projection-and-drop,"{""collector_finished_nanos"":""1281800558"",""collector_started_nanos"":""1281711769"",""pid"":""85470"",""start_time_ticks"":""22865066"",""system_ticks"":""14"",""user_ticks"":""19""}","{""collector_finished_nanos"":""1311541868"",""collector_started_nanos"":""1311416798"",""pid"":""85470"",""start_time_ticks"":""22865066"",""system_ticks"":""14"",""user_ticks"":""21""}",null
25,1,control,distinct,4,allocation-reopen,opening,716426004,902796773,186370769,5,100,0.05,actual-repository-opening-before-node-construction,"{""collector_finished_nanos"":""716292540"",""collector_started_nanos"":""716156763"",""pid"":""85524"",""start_time_ticks"":""22868296"",""system_ticks"":""6"",""user_ticks"":""2""}","{""collector_finished_nanos"":""902963081"",""collector_started_nanos"":""902797308"",""pid"":""85524"",""start_time_ticks"":""22868296"",""system_ticks"":""7"",""user_ticks"":""6""}",null
26,1,candidate,distinct,4,allocation,opening,527385500,560433936,33048436,1,100,0.01,actual-repository-opening-before-node-construction,"{""collector_finished_nanos"":""527113645"",""collector_started_nanos"":""526876665"",""pid"":""85571"",""start_time_ticks"":""22869662"",""system_ticks"":""4"",""user_ticks"":""2""}","{""collector_finished_nanos"":""560525995"",""collector_started_nanos"":""560434800"",""pid"":""85571"",""start_time_ticks"":""22869662"",""system_ticks"":""5"",""user_ticks"":""2""}",null
26,1,candidate,distinct,4,allocation,seed,1335509491,1383693506,48184015,3,100,0.03,before-public-future-construction-through-result-return-before-projection-and-drop,"{""collector_finished_nanos"":""1335502275"",""collector_started_nanos"":""1335466638"",""pid"":""85571"",""start_time_ticks"":""22869662"",""system_ticks"":""16"",""user_ticks"":""6""}","{""collector_finished_nanos"":""1383818090"",""collector_started_nanos"":""1383694408"",""pid"":""85571"",""start_time_ticks"":""22869662"",""system_ticks"":""16"",""user_ticks"":""9""}",null
26,1,candidate,distinct,4,allocation,unchanged-apply,1407452787,1426564956,19112169,2,100,0.02,before-public-future-construction-through-result-return-before-projection-and-drop,"{""collector_finished_nanos"":""1407425597"",""collector_started_nanos"":""1407381664"",""pid"":""85571"",""start_time_ticks"":""22869662"",""system_ticks"":""16"",""user_ticks"":""11""}","{""collector_finished_nanos"":""1426666272"",""collector_started_nanos"":""1426565975"",""pid"":""85571"",""start_time_ticks"":""22869662"",""system_ticks"":""16"",""user_ticks"":""13""}",null
26,1,candidate,distinct,4,allocation,weight-update,1441754802,1460350817,18596015,1,100,0.01,before-public-future-construction-through-result-return-before-projection-and-drop,"{""collector_finished_nanos"":""1441748051"",""collector_started_nanos"":""1441709951"",""pid"":""85571"",""start_time_ticks"":""22869662"",""system_ticks"":""17"",""user_ticks"":""14""}","{""collector_finished_nanos"":""1460528448"",""collector_started_nanos"":""1460354524"",""pid"":""85571"",""start_time_ticks"":""22869662"",""system_ticks"":""17"",""user_ticks"":""15""}",null
26,1,candidate,distinct,4,allocation,delete,1472520108,1484506979,11986871,1,100,0.01,before-public-future-construction-through-result-return-before-projection-and-drop,"{""collector_finished_nanos"":""1472511982"",""collector_started_nanos"":""1472471080"",""pid"":""85571"",""start_time_ticks"":""22869662"",""system_ticks"":""18"",""user_ticks"":""15""}","{""collector_finished_nanos"":""1484603083"",""collector_started_nanos"":""1484508263"",""pid"":""85571"",""start_time_ticks"":""22869662"",""system_ticks"":""18"",""user_ticks"":""16""}",null
26,1,candidate,distinct,4,allocation,reapply,1496516372,1531619561,35103189,1,100,0.01,before-public-future-construction-through-result-return-before-projection-and-drop,"{""collector_finished_nanos"":""1496504236"",""collector_started_nanos"":""1496400956"",""pid"":""85571"",""start_time_ticks"":""22869662"",""system_ticks"":""19"",""user_ticks"":""16""}","{""collector_finished_nanos"":""1531726724"",""collector_started_nanos"":""1531621267"",""pid"":""85571"",""start_time_ticks"":""22869662"",""system_ticks"":""19"",""user_ticks"":""17""}",null
27,1,candidate,distinct,4,allocation-reopen,opening,536986391,802549156,265562765,5,100,0.05,actual-repository-opening-before-node-construction,"{""collector_finished_nanos"":""536870347"",""collector_started_nanos"":""536760253"",""pid"":""85630"",""start_time_ticks"":""22872076"",""system_ticks"":""2"",""user_ticks"":""3""}","{""collector_finished_nanos"":""802641754"",""collector_started_nanos"":""802549764"",""pid"":""85630"",""start_time_ticks"":""22872076"",""system_ticks"":""4"",""user_ticks"":""6""}",null
28,1,candidate,shared,4,allocation,opening,536583972,565526087,28942115,0,100,0,actual-repository-opening-before-node-construction,"{""collector_finished_nanos"":""536432571"",""collector_started_nanos"":""536229406"",""pid"":""85677"",""start_time_ticks"":""22873484"",""system_ticks"":""3"",""user_ticks"":""2""}","{""collector_finished_nanos"":""565604185"",""collector_started_nanos"":""565526566"",""pid"":""85677"",""start_time_ticks"":""22873484"",""system_ticks"":""3"",""user_ticks"":""2""}",null
28,1,candidate,shared,4,allocation,seed,1245248409,1300716733,55468324,2,100,0.02,before-public-future-construction-through-result-return-before-projection-and-drop,"{""collector_finished_nanos"":""1245240207"",""collector_started_nanos"":""1245200204"",""pid"":""85677"",""start_time_ticks"":""22873484"",""system_ticks"":""9"",""user_ticks"":""10""}","{""collector_finished_nanos"":""1300816862"",""collector_started_nanos"":""1300717876"",""pid"":""85677"",""start_time_ticks"":""22873484"",""system_ticks"":""10"",""user_ticks"":""11""}",null
28,1,candidate,shared,4,allocation,unchanged-apply,1332053879,1351052543,18998664,1,100,0.01,before-public-future-construction-through-result-return-before-projection-and-drop,"{""collector_finished_nanos"":""1332045266"",""collector_started_nanos"":""1332001360"",""pid"":""85677"",""start_time_ticks"":""22873484"",""system_ticks"":""11"",""user_ticks"":""13""}","{""collector_finished_nanos"":""1351150666"",""collector_started_nanos"":""1351053649"",""pid"":""85677"",""start_time_ticks"":""22873484"",""system_ticks"":""11"",""user_ticks"":""14""}",null
28,1,candidate,shared,4,allocation,weight-update,1369195453,1388227745,19032292,2,100,0.02,before-public-future-construction-through-result-return-before-projection-and-drop,"{""collector_finished_nanos"":""1369186806"",""collector_started_nanos"":""1369139972"",""pid"":""85677"",""start_time_ticks"":""22873484"",""system_ticks"":""12"",""user_ticks"":""15""}","{""collector_finished_nanos"":""1388288491"",""collector_started_nanos"":""1388228850"",""pid"":""85677"",""start_time_ticks"":""22873484"",""system_ticks"":""13"",""user_ticks"":""16""}",null
28,1,candidate,shared,4,allocation,delete,1402336182,1415257832,12921650,1,100,0.01,before-public-future-construction-through-result-return-before-projection-and-drop,"{""collector_finished_nanos"":""1402327063"",""collector_started_nanos"":""1402278619"",""pid"":""85677"",""start_time_ticks"":""22873484"",""system_ticks"":""14"",""user_ticks"":""17""}","{""collector_finished_nanos"":""1415365042"",""collector_started_nanos"":""1415258868"",""pid"":""85677"",""start_time_ticks"":""22873484"",""system_ticks"":""14"",""user_ticks"":""18""}",null
28,1,candidate,shared,4,allocation,reapply,1426670155,1448829425,22159270,1,100,0.01,before-public-future-construction-through-result-return-before-projection-and-drop,"{""collector_finished_nanos"":""1426662118"",""collector_started_nanos"":""1426619014"",""pid"":""85677"",""start_time_ticks"":""22873484"",""system_ticks"":""14"",""user_ticks"":""19""}","{""collector_finished_nanos"":""1448906755"",""collector_started_nanos"":""1448830635"",""pid"":""85677"",""start_time_ticks"":""22873484"",""system_ticks"":""14"",""user_ticks"":""20""}",null
29,1,candidate,shared,4,allocation-reopen,opening,533803196,741136743,207333547,5,100,0.05,actual-repository-opening-before-node-construction,"{""collector_finished_nanos"":""533684634"",""collector_started_nanos"":""533561862"",""pid"":""85730"",""start_time_ticks"":""22876071"",""system_ticks"":""5"",""user_ticks"":""0""}","{""collector_finished_nanos"":""741220151"",""collector_started_nanos"":""741137229"",""pid"":""85730"",""start_time_ticks"":""22876071"",""system_ticks"":""6"",""user_ticks"":""4""}",null
30,1,control,shared,4,allocation,opening,558636069,581502801,22866732,1,100,0.01,actual-repository-opening-before-node-construction,"{""collector_finished_nanos"":""558528841"",""collector_started_nanos"":""558364019"",""pid"":""85783"",""start_time_ticks"":""22877329"",""system_ticks"":""3"",""user_ticks"":""2""}","{""collector_finished_nanos"":""581587783"",""collector_started_nanos"":""581503542"",""pid"":""85783"",""start_time_ticks"":""22877329"",""system_ticks"":""4"",""user_ticks"":""2""}",null
30,1,control,shared,4,allocation,seed,1141877235,1189086977,47209742,3,100,0.03,before-public-future-construction-through-result-return-before-projection-and-drop,"{""collector_finished_nanos"":""1141869230"",""collector_started_nanos"":""1141832370"",""pid"":""85783"",""start_time_ticks"":""22877329"",""system_ticks"":""10"",""user_ticks"":""7""}","{""collector_finished_nanos"":""1189170960"",""collector_started_nanos"":""1189087779"",""pid"":""85783"",""start_time_ticks"":""22877329"",""system_ticks"":""10"",""user_ticks"":""10""}",null
30,1,control,shared,4,allocation,unchanged-apply,1215635962,1242715197,27079235,3,100,0.03,before-public-future-construction-through-result-return-before-projection-and-drop,"{""collector_finished_nanos"":""1215629206"",""collector_started_nanos"":""1215591718"",""pid"":""85783"",""start_time_ticks"":""22877329"",""system_ticks"":""10"",""user_ticks"":""12""}","{""collector_finished_nanos"":""1242884121"",""collector_started_nanos"":""1242716216"",""pid"":""85783"",""start_time_ticks"":""22877329"",""system_ticks"":""11"",""user_ticks"":""14""}",null
30,1,control,shared,4,allocation,weight-update,1256491885,1283180642,26688757,2,100,0.02,before-public-future-construction-through-result-return-before-projection-and-drop,"{""collector_finished_nanos"":""1256479960"",""collector_started_nanos"":""1256444481"",""pid"":""85783"",""start_time_ticks"":""22877329"",""system_ticks"":""12"",""user_ticks"":""14""}","{""collector_finished_nanos"":""1283283632"",""collector_started_nanos"":""1283182259"",""pid"":""85783"",""start_time_ticks"":""22877329"",""system_ticks"":""12"",""user_ticks"":""16""}",null
30,1,control,shared,4,allocation,delete,1293514077,1314736074,21221997,2,100,0.02,before-public-future-construction-through-result-return-before-projection-and-drop,"{""collector_finished_nanos"":""1293504966"",""collector_started_nanos"":""1293455415"",""pid"":""85783"",""start_time_ticks"":""22877329"",""system_ticks"":""13"",""user_ticks"":""16""}","{""collector_finished_nanos"":""1314882536"",""collector_started_nanos"":""1314737306"",""pid"":""85783"",""start_time_ticks"":""22877329"",""system_ticks"":""14"",""user_ticks"":""17""}",null
30,1,control,shared,4,allocation,reapply,1324520356,1351819012,27298656,2,100,0.02,before-public-future-construction-through-result-return-before-projection-and-drop,"{""collector_finished_nanos"":""1324512974"",""collector_started_nanos"":""1324468368"",""pid"":""85783"",""start_time_ticks"":""22877329"",""system_ticks"":""15"",""user_ticks"":""17""}","{""collector_finished_nanos"":""1351910789"",""collector_started_nanos"":""1351819767"",""pid"":""85783"",""start_time_ticks"":""22877329"",""system_ticks"":""15"",""user_ticks"":""19""}",null
31,1,control,shared,4,allocation-reopen,opening,550414903,736206650,185791747,4,100,0.04,actual-repository-opening-before-node-construction,"{""collector_finished_nanos"":""550289273"",""collector_started_nanos"":""550167756"",""pid"":""85830"",""start_time_ticks"":""22880523"",""system_ticks"":""4"",""user_ticks"":""2""}","{""collector_finished_nanos"":""736317649"",""collector_started_nanos"":""736207298"",""pid"":""85830"",""start_time_ticks"":""22880523"",""system_ticks"":""4"",""user_ticks"":""6""}",null
